onset,label,pred,proba,n_samples,valid
1.0,1,1,0.9408,750,1
9.012,2,2,0.8286,750,1
16.684,2,2,0.6065,750,1
24.492,1,2,0.6023,750,1
32.524,2,2,0.5455,750,1
40.968,1,1,0.8803,750,1
48.636,2,2,0.6916,750,1
64.56,2,1,0.8244,750,1
80.176,1,1,0.544,750,1
95.644,2,2,0.9461,750,1
103.42,1,1,0.5741,750,1
152.472,1,1,0.6704,750,1
169.072,2,2,0.9104,750,1
176.72,1,1,0.5288,750,1
184.844,1,1,0.7052,750,1
208.916,1,2,0.7339,750,1
241.22,1,2,0.9579,750,1
249.648,2,2,0.9298,750,1
258.016,1,1,0.5629,750,1
266.38,2,2,0.9899,750,1
274.552,2,2,0.8699,750,1
282.808,1,2,0.9976,750,1
290.888,2,1,0.8569,750,1
306.628,2,2,0.7541,750,1
