# source: Iwendi et al. (2026), Muse S pilot recording via Mind Monitor, Zenodo https://doi.org/10.5281/zenodo.22093536 (archivo mindMonitor_2025-07-01--14-56-05.csv)
# license: CC BY 4.0
# resolution_s: 0.1
# notes: from-arrivals: 17136 llegadas en 66.7 s; reloj nominal ajustado por mínimos cuadrados (256.04 Hz); retraso = residuo llegada - nominal referido a su percentil 1 (-32.5 ms); jitter = desvío del residuo por intervalo; la pérdida no es observable en esta fuente (loss = 0); corte = hueco entre llegadas > 0.5 s
t_s,up,delay_ms,loss,jitter_ms
0.0000,1,111.267,0.0000,58.012
0.1000,1,24.779,0.0000,11.932
0.2000,1,39.344,0.0000,14.017
0.3000,1,24.710,0.0000,13.682
0.4000,1,41.826,0.0000,10.929
0.5000,1,35.132,0.0000,14.251
0.6000,1,29.976,0.0000,11.665
0.7000,1,25.015,0.0000,14.604
0.8000,1,41.710,0.0000,11.904
0.9000,1,27.974,0.0000,12.213
1.0000,1,29.794,0.0000,12.108
1.1000,1,24.035,0.0000,15.064
1.2000,1,29.269,0.0000,14.762
1.3000,1,34.824,0.0000,16.795
1.4000,1,30.545,0.0000,12.129
1.5000,1,36.267,0.0000,11.871
1.6000,1,30.438,0.0000,13.396
1.7000,1,27.089,0.0000,13.015
1.8000,1,23.659,0.0000,13.660
1.9000,1,42.862,0.0000,11.068
2.0000,1,26.311,0.0000,11.235
2.1000,1,30.268,0.0000,11.765
2.2000,1,15.808,0.0000,11.041
2.3000,1,44.086,0.0000,22.628
2.4000,1,40.766,0.0000,14.590
2.5000,1,25.639,0.0000,15.251
2.6000,1,27.885,0.0000,15.009
2.7000,1,25.603,0.0000,11.961
2.8000,1,33.450,0.0000,13.487
2.9000,1,18.422,0.0000,12.066
3.0000,1,30.156,0.0000,16.318
3.1000,1,23.614,0.0000,11.691
3.2000,1,32.512,0.0000,13.172
3.3000,1,29.563,0.0000,11.937
3.4000,1,33.326,0.0000,11.850
3.5000,1,37.089,0.0000,11.689
3.6000,1,20.269,0.0000,11.940
3.7000,1,23.574,0.0000,11.900
3.8000,1,28.462,0.0000,11.732
3.9000,1,34.891,0.0000,11.879
4.0000,1,40.821,0.0000,11.826
4.1000,1,32.456,0.0000,14.244
4.2000,1,31.645,0.0000,11.794
4.3000,1,34.367,0.0000,11.709
4.4000,1,19.271,0.0000,11.953
4.5000,1,23.726,0.0000,11.975
4.6000,1,29.989,0.0000,11.198
4.7000,1,50.544,0.0000,17.070
4.8000,1,33.262,0.0000,14.066
4.9000,1,33.452,0.0000,11.801
5.0000,1,38.798,0.0000,11.850
5.1000,1,24.186,0.0000,11.890
5.2000,1,40.074,0.0000,16.134
5.3000,1,37.387,0.0000,11.016
5.4000,1,22.224,0.0000,12.033
5.5000,1,26.888,0.0000,12.641
5.6000,1,22.806,0.0000,15.696
5.7000,1,37.313,0.0000,12.123
5.8000,1,40.867,0.0000,11.652
5.9000,1,27.089,0.0000,11.418
6.0000,1,35.810,0.0000,11.575
6.1000,1,33.548,0.0000,13.524
6.2000,1,28.335,0.0000,11.568
6.3000,1,23.581,0.0000,14.354
6.4000,1,34.452,0.0000,15.105
6.5000,1,51.275,0.0000,10.945
6.6000,1,36.651,0.0000,18.624
6.7000,1,22.242,0.0000,11.853
6.8000,1,28.088,0.0000,11.404
6.9000,1,36.518,0.0000,11.811
7.0000,1,39.860,0.0000,20.862
7.1000,1,36.036,0.0000,11.312
7.2000,1,41.596,0.0000,12.250
7.3000,1,26.285,0.0000,11.893
7.4000,1,31.564,0.0000,11.276
7.5000,1,26.898,0.0000,18.025
7.6000,1,27.366,0.0000,11.672
7.7000,1,30.167,0.0000,14.121
7.8000,1,22.565,0.0000,11.863
7.9000,1,29.245,0.0000,11.370
8.0000,1,47.466,0.0000,14.287
8.1000,1,31.812,0.0000,17.222
8.2000,1,38.576,0.0000,14.173
8.3000,1,35.048,0.0000,10.878
8.4000,1,22.673,0.0000,13.037
8.5000,1,26.490,0.0000,13.105
8.6000,1,42.285,0.0000,12.928
8.7000,1,27.530,0.0000,12.919
8.8000,1,52.744,0.0000,13.046
8.9000,1,40.632,0.0000,12.347
9.0000,1,19.832,0.0000,11.938
9.1000,1,43.870,0.0000,11.161
9.2000,1,28.143,0.0000,12.712
9.3000,1,27.112,0.0000,13.550
9.4000,1,31.457,0.0000,18.490
9.5000,1,27.980,0.0000,10.673
9.6000,1,36.063,0.0000,11.447
9.7000,1,31.076,0.0000,15.574
9.8000,1,23.173,0.0000,12.216
9.9000,1,36.628,0.0000,16.045
10.0000,1,33.368,0.0000,12.002
10.1000,1,17.205,0.0000,10.966
10.2000,1,40.190,0.0000,11.811
10.3000,1,23.911,0.0000,11.899
10.4000,1,38.758,0.0000,14.711
10.5000,1,23.995,0.0000,14.799
10.6000,1,49.575,0.0000,14.447
10.7000,1,34.915,0.0000,13.147
10.8000,1,21.887,0.0000,14.251
10.9000,1,37.829,0.0000,11.790
11.0000,1,21.068,0.0000,11.905
11.1000,1,51.692,0.0000,14.851
11.2000,1,35.371,0.0000,16.006
11.3000,1,31.500,0.0000,18.589
11.4000,1,28.795,0.0000,11.052
11.5000,1,25.748,0.0000,13.735
11.6000,1,25.886,0.0000,11.868
11.7000,1,30.291,0.0000,11.217
11.8000,1,39.193,0.0000,18.077
11.9000,1,25.841,0.0000,11.856
12.0000,1,30.021,0.0000,11.726
12.1000,1,34.784,0.0000,11.835
12.2000,1,28.127,0.0000,13.682
12.3000,1,28.775,0.0000,11.980
12.4000,1,24.286,0.0000,15.849
12.5000,1,30.760,0.0000,14.371
12.6000,1,27.106,0.0000,11.955
12.7000,1,23.790,0.0000,13.973
12.8000,1,34.031,0.0000,11.834
12.9000,1,30.886,0.0000,14.848
13.0000,1,21.665,0.0000,11.977
13.1000,1,27.761,0.0000,11.739
13.2000,1,36.524,0.0000,11.317
13.3000,1,33.287,0.0000,14.394
13.4000,1,26.967,0.0000,11.898
13.5000,1,55.564,0.0000,21.027
13.6000,1,30.056,0.0000,13.775
13.7000,1,28.960,0.0000,12.261
13.8000,1,22.690,0.0000,14.655
13.9000,1,28.109,0.0000,16.473
14.0000,1,46.980,0.0000,11.203
14.1000,1,32.051,0.0000,11.660
14.2000,1,36.729,0.0000,11.763
14.3000,1,30.789,0.0000,15.298
14.4000,1,21.870,0.0000,12.078
14.5000,1,25.999,0.0000,11.917
14.6000,1,40.429,0.0000,14.334
14.7000,1,34.358,0.0000,11.927
14.8000,1,29.663,0.0000,14.231
14.9000,1,25.343,0.0000,12.093
15.0000,1,21.278,0.0000,13.591
15.1000,1,35.293,0.0000,12.627
15.2000,1,43.010,0.0000,13.811
15.3000,1,23.569,0.0000,13.934
15.4000,1,28.726,0.0000,16.658
15.5000,1,26.136,0.0000,11.786
15.6000,1,41.274,0.0000,15.357
15.7000,1,24.957,0.0000,14.126
15.8000,1,28.891,0.0000,18.271
15.9000,1,36.650,0.0000,13.837
16.0000,1,32.118,0.0000,12.883
16.1000,1,26.783,0.0000,13.622
16.2000,1,32.984,0.0000,13.979
16.3000,1,30.414,0.0000,11.692
16.4000,1,24.659,0.0000,14.987
16.5000,1,18.042,0.0000,11.624
16.6000,1,37.845,0.0000,14.042
16.7000,1,26.937,0.0000,12.343
16.8000,1,34.527,0.0000,11.571
16.9000,1,30.363,0.0000,16.592
17.0000,1,36.319,0.0000,17.312
17.1000,1,32.249,0.0000,11.278
17.2000,1,16.521,0.0000,11.994
17.3000,1,29.164,0.0000,14.822
17.4000,1,25.329,0.0000,12.549
17.5000,1,40.424,0.0000,15.803
17.6000,1,14.969,0.0000,10.809
17.7000,1,40.443,0.0000,11.575
17.8000,1,26.873,0.0000,12.058
17.9000,1,32.277,0.0000,11.447
18.0000,1,14.237,0.0000,11.178
18.1000,1,34.935,0.0000,13.278
18.2000,1,28.630,0.0000,11.824
18.3000,1,43.143,0.0000,18.012
18.4000,1,28.416,0.0000,11.983
18.5000,1,35.179,0.0000,11.707
18.6000,1,31.067,0.0000,15.988
18.7000,1,23.788,0.0000,11.873
18.8000,1,26.135,0.0000,12.024
18.9000,1,30.682,0.0000,12.518
19.0000,1,24.848,0.0000,13.358
19.1000,1,20.892,0.0000,11.840
19.2000,1,28.360,0.0000,11.874
19.3000,1,31.207,0.0000,12.268
19.4000,1,32.720,0.0000,12.161
19.5000,1,21.886,0.0000,14.360
19.6000,1,40.270,0.0000,12.267
19.7000,1,31.339,0.0000,14.103
19.8000,1,27.987,0.0000,12.066
19.9000,1,31.542,0.0000,11.847
20.0000,1,38.180,0.0000,11.187
20.1000,1,34.568,0.0000,16.699
20.2000,1,30.956,0.0000,11.510
20.3000,1,35.094,0.0000,12.252
20.4000,1,39.232,0.0000,11.720
20.5000,1,33.519,0.0000,14.445
20.6000,1,30.640,0.0000,11.832
20.7000,1,47.361,0.0000,14.022
20.8000,1,30.707,0.0000,15.352
20.9000,1,23.970,0.0000,12.114
21.0000,1,28.733,0.0000,12.140
21.1000,1,44.080,0.0000,15.066
21.2000,1,30.604,0.0000,14.647
21.3000,1,21.071,0.0000,12.035
21.4000,1,23.751,0.0000,12.029
21.5000,1,27.805,0.0000,12.093
21.6000,1,41.568,0.0000,15.403
21.7000,1,35.081,0.0000,11.611
21.8000,1,28.821,0.0000,15.773
21.9000,1,29.298,0.0000,14.479
22.0000,1,27.127,0.0000,12.098
22.1000,1,30.515,0.0000,11.934
22.2000,1,47.445,0.0000,14.072
22.3000,1,30.250,0.0000,15.404
22.4000,1,21.364,0.0000,11.977
22.5000,1,42.158,0.0000,21.161
22.6000,1,41.355,0.0000,11.573
22.7000,1,40.923,0.0000,13.871
22.8000,1,33.113,0.0000,12.039
22.9000,1,15.193,0.0000,11.180
23.0000,1,39.181,0.0000,11.666
23.1000,1,20.986,0.0000,12.114
23.2000,1,23.749,0.0000,11.928
23.3000,1,28.428,0.0000,11.991
23.4000,1,33.900,0.0000,11.782
23.5000,1,34.715,0.0000,14.117
23.6000,1,26.349,0.0000,11.766
23.7000,1,31.571,0.0000,11.858
23.8000,1,37.125,0.0000,11.908
23.9000,1,20.347,0.0000,12.146
24.0000,1,34.860,0.0000,16.818
24.1000,1,30.352,0.0000,12.407
24.2000,1,29.176,0.0000,11.476
24.3000,1,34.945,0.0000,19.555
24.4000,1,27.927,0.0000,16.109
24.5000,1,42.449,0.0000,12.027
24.6000,1,45.101,0.0000,20.123
24.7000,1,38.999,0.0000,15.486
24.8000,1,33.512,0.0000,11.800
24.9000,1,36.525,0.0000,11.772
25.0000,1,40.122,0.0000,11.587
25.1000,1,38.576,0.0000,14.931
25.2000,1,36.569,0.0000,19.004
25.3000,1,50.082,0.0000,11.885
25.4000,1,32.580,0.0000,11.688
25.5000,1,14.931,0.0000,11.757
25.6000,1,29.384,0.0000,14.853
25.7000,1,25.851,0.0000,12.303
25.8000,1,38.989,0.0000,15.677
25.9000,1,34.253,0.0000,11.698
26.0000,1,39.807,0.0000,11.577
26.1000,1,22.945,0.0000,11.862
26.2000,1,27.000,0.0000,11.842
26.3000,1,21.961,0.0000,14.449
26.4000,1,37.026,0.0000,11.846
26.5000,1,35.216,0.0000,15.125
26.6000,1,23.535,0.0000,11.884
26.7000,1,40.453,0.0000,17.316
26.8000,1,42.149,0.0000,13.441
26.9000,1,36.056,0.0000,11.928
27.0000,1,20.736,0.0000,11.814
27.1000,1,38.066,0.0000,16.207
27.2000,1,32.126,0.0000,12.783
27.3000,1,28.425,0.0000,13.829
27.4000,1,22.461,0.0000,11.956
27.5000,1,37.558,0.0000,14.849
27.6000,1,42.946,0.0000,14.864
27.7000,1,27.287,0.0000,14.923
27.8000,1,24.433,0.0000,11.742
27.9000,1,26.850,0.0000,12.624
28.0000,1,29.488,0.0000,12.692
28.1000,1,24.380,0.0000,14.474
28.2000,1,29.179,0.0000,16.973
28.3000,1,34.961,0.0000,14.522
28.4000,1,34.561,0.0000,16.029
28.5000,1,15.519,0.0000,12.030
28.6000,1,22.465,0.0000,11.912
28.7000,1,24.454,0.0000,11.959
28.8000,1,35.550,0.0000,14.477
28.9000,1,26.523,0.0000,14.420
29.0000,1,21.267,0.0000,11.702
29.1000,1,40.488,0.0000,13.195
29.2000,1,38.251,0.0000,11.691
29.3000,1,33.882,0.0000,15.064
29.4000,1,28.564,0.0000,11.212
29.5000,1,32.051,0.0000,14.069
29.6000,1,25.840,0.0000,16.027
29.7000,1,33.465,0.0000,14.003
29.8000,1,42.753,0.0000,15.544
29.9000,1,35.551,0.0000,11.798
30.0000,1,29.341,0.0000,16.883
30.1000,1,45.922,0.0000,11.191
30.2000,1,33.608,0.0000,11.305
30.3000,1,31.703,0.0000,13.174
30.4000,1,23.779,0.0000,14.404
30.5000,1,29.606,0.0000,16.328
30.6000,1,36.239,0.0000,16.663
30.7000,1,32.419,0.0000,11.811
30.8000,1,37.607,0.0000,12.624
30.9000,1,21.815,0.0000,13.047
31.0000,1,38.843,0.0000,15.010
31.1000,1,27.727,0.0000,12.091
31.2000,1,30.032,0.0000,12.288
31.3000,1,42.087,0.0000,15.785
31.4000,1,35.350,0.0000,11.972
31.5000,1,50.363,0.0000,16.461
31.6000,1,37.886,0.0000,14.628
31.7000,1,48.122,0.0000,11.965
31.8000,1,38.440,0.0000,14.246
31.9000,1,26.679,0.0000,15.637
32.0000,1,27.598,0.0000,15.938
32.1000,1,29.781,0.0000,15.700
32.2000,1,21.669,0.0000,11.805
32.3000,1,25.057,0.0000,11.663
32.4000,1,30.612,0.0000,11.782
32.5000,1,31.246,0.0000,13.922
32.6000,1,26.020,0.0000,11.985
32.7000,1,21.020,0.0000,14.303
32.8000,1,47.004,0.0000,13.884
32.9000,1,21.476,0.0000,12.119
33.0000,1,23.155,0.0000,12.109
33.1000,1,36.656,0.0000,14.809
33.2000,1,40.387,0.0000,17.224
33.3000,1,25.344,0.0000,11.884
33.4000,1,35.579,0.0000,14.277
33.5000,1,35.852,0.0000,11.758
33.6000,1,41.199,0.0000,11.870
33.7000,1,35.337,0.0000,15.556
33.8000,1,26.433,0.0000,12.092
33.9000,1,31.113,0.0000,11.403
34.0000,1,38.959,0.0000,11.418
34.1000,1,35.469,0.0000,13.428
34.2000,1,35.259,0.0000,11.340
34.3000,1,49.328,0.0000,14.113
34.4000,1,24.810,0.0000,12.422
34.5000,1,25.739,0.0000,12.120
34.6000,1,29.169,0.0000,11.705
34.7000,1,31.345,0.0000,13.358
34.8000,1,37.702,0.0000,14.327
34.9000,1,33.548,0.0000,11.905
35.0000,1,37.019,0.0000,12.076
35.1000,1,30.449,0.0000,15.544
35.2000,1,24.546,0.0000,11.576
35.3000,1,29.142,0.0000,11.477
35.4000,1,36.405,0.0000,11.567
35.5000,1,29.303,0.0000,15.535
35.6000,1,35.813,0.0000,15.660
35.7000,1,27.451,0.0000,11.989
35.8000,1,42.877,0.0000,19.081
35.9000,1,40.652,0.0000,11.130
36.0000,1,23.573,0.0000,11.810
36.1000,1,40.586,0.0000,17.114
36.2000,1,32.749,0.0000,14.319
36.3000,1,23.786,0.0000,12.078
36.4000,1,35.130,0.0000,19.015
36.5000,1,35.799,0.0000,11.284
36.6000,1,29.242,0.0000,15.710
36.7000,1,32.213,0.0000,15.942
36.8000,1,26.961,0.0000,12.804
36.9000,1,41.658,0.0000,16.129
37.0000,1,35.769,0.0000,12.067
37.1000,1,21.083,0.0000,11.498
37.2000,1,34.410,0.0000,14.476
37.3000,1,40.423,0.0000,14.853
37.4000,1,34.436,0.0000,12.073
37.5000,1,29.616,0.0000,14.774
37.6000,1,32.389,0.0000,14.512
37.7000,1,38.690,0.0000,15.888
37.8000,1,29.495,0.0000,11.920
37.9000,1,22.919,0.0000,15.062
38.0000,1,36.937,0.0000,11.781
38.1000,1,33.950,0.0000,14.877
38.2000,1,29.380,0.0000,11.685
38.3000,1,27.834,0.0000,14.289
38.4000,1,38.014,0.0000,12.267
38.5000,1,27.416,0.0000,14.285
38.6000,1,39.564,0.0000,15.070
38.7000,1,34.702,0.0000,11.847
38.8000,1,30.882,0.0000,13.932
38.9000,1,36.978,0.0000,16.691
39.0000,1,30.658,0.0000,12.087
39.1000,1,33.796,0.0000,12.026
39.2000,1,32.083,0.0000,14.238
39.3000,1,48.162,0.0000,22.975
39.4000,1,31.550,0.0000,11.742
39.5000,1,35.206,0.0000,11.375
39.6000,1,64.024,0.0000,17.379
39.7000,1,31.964,0.0000,11.890
39.8000,1,36.977,0.0000,12.107
39.9000,1,53.865,0.0000,16.964
40.0000,1,38.069,0.0000,14.260
40.1000,1,35.440,0.0000,11.964
40.2000,1,31.203,0.0000,13.894
40.3000,1,27.216,0.0000,11.672
40.4000,1,31.937,0.0000,12.143
40.5000,1,25.449,0.0000,14.226
40.6000,1,35.862,0.0000,14.404
40.7000,1,27.042,0.0000,11.365
40.8000,1,39.527,0.0000,13.638
40.9000,1,19.426,0.0000,11.645
41.0000,1,34.355,0.0000,16.629
41.1000,1,27.202,0.0000,11.982
41.2000,1,25.123,0.0000,13.584
41.3000,1,58.752,0.0000,10.863
41.4000,1,37.876,0.0000,13.666
41.5000,1,42.969,0.0000,14.134
41.6000,1,37.482,0.0000,12.223
41.7000,1,30.398,0.0000,17.013
41.8000,1,25.300,0.0000,11.762
41.9000,1,31.938,0.0000,11.564
42.0000,1,43.705,0.0000,16.138
42.1000,1,22.042,0.0000,12.732
42.2000,1,26.234,0.0000,12.280
42.3000,1,28.514,0.0000,11.723
42.4000,1,33.367,0.0000,19.278
42.5000,1,38.648,0.0000,11.542
42.6000,1,34.619,0.0000,16.568
42.7000,1,28.341,0.0000,12.244
42.8000,1,24.485,0.0000,13.873
42.9000,1,36.557,0.0000,11.579
43.0000,1,32.088,0.0000,14.906
43.1000,1,35.972,0.0000,14.183
43.2000,1,27.996,0.0000,14.005
43.3000,1,35.759,0.0000,16.856
43.4000,1,28.312,0.0000,12.784
43.5000,1,15.356,0.0000,12.820
43.6000,1,30.756,0.0000,15.128
43.7000,1,32.349,0.0000,14.381
43.8000,1,30.122,0.0000,11.678
43.9000,1,33.969,0.0000,11.823
44.0000,1,16.342,0.0000,11.628
44.1000,1,40.870,0.0000,12.287
44.2000,1,33.549,0.0000,16.205
44.3000,1,27.635,0.0000,12.708
44.4000,1,31.775,0.0000,12.390
44.5000,1,28.565,0.0000,13.242
44.6000,1,33.184,0.0000,18.707
44.7000,1,28.656,0.0000,11.605
44.8000,1,41.468,0.0000,15.107
44.9000,1,44.689,0.0000,15.443
45.0000,1,24.930,0.0000,14.356
45.1000,1,23.722,0.0000,11.865
45.2000,1,28.318,0.0000,11.912
45.3000,1,32.540,0.0000,11.972
45.4000,1,17.571,0.0000,11.348
45.5000,1,32.649,0.0000,15.418
45.6000,1,48.037,0.0000,11.240
45.7000,1,25.909,0.0000,14.074
45.8000,1,27.902,0.0000,15.147
45.9000,1,33.249,0.0000,14.512
46.0000,1,30.429,0.0000,11.633
46.1000,1,26.158,0.0000,14.473
46.2000,1,31.372,0.0000,17.088
46.3000,1,26.718,0.0000,11.746
46.4000,1,43.283,0.0000,13.331
46.5000,1,22.422,0.0000,12.690
46.6000,1,24.331,0.0000,12.202
46.7000,1,31.152,0.0000,11.821
46.8000,1,35.415,0.0000,11.797
46.9000,1,28.470,0.0000,15.386
47.0000,1,34.316,0.0000,14.652
47.1000,1,31.871,0.0000,11.642
47.2000,1,39.930,0.0000,11.213
47.3000,1,24.344,0.0000,11.092
47.4000,1,31.490,0.0000,12.491
47.5000,1,28.222,0.0000,11.717
47.6000,1,46.943,0.0000,13.575
47.7000,1,43.789,0.0000,11.863
47.8000,1,29.886,0.0000,11.636
47.9000,1,36.357,0.0000,11.859
48.0000,1,37.378,0.0000,13.376
48.1000,1,23.180,0.0000,12.718
48.2000,1,28.153,0.0000,12.051
48.3000,1,33.833,0.0000,12.034
48.4000,1,16.686,0.0000,11.477
48.5000,1,48.904,0.0000,16.717
48.6000,1,38.538,0.0000,11.464
48.7000,1,35.885,0.0000,14.134
48.8000,1,25.552,0.0000,14.504
48.9000,1,55.893,0.0000,11.941
49.0000,1,40.268,0.0000,19.523
49.1000,1,23.819,0.0000,11.678
49.2000,1,29.248,0.0000,11.965
49.3000,1,32.136,0.0000,12.031
49.4000,1,44.858,0.0000,16.134
49.5000,1,28.628,0.0000,13.300
49.6000,1,24.791,0.0000,12.934
49.7000,1,41.653,0.0000,15.430
49.8000,1,34.167,0.0000,11.799
49.9000,1,18.249,0.0000,11.156
50.0000,1,25.401,0.0000,11.821
50.1000,1,30.622,0.0000,11.458
50.2000,1,32.867,0.0000,13.667
50.3000,1,21.525,0.0000,12.408
50.4000,1,26.335,0.0000,11.862
50.5000,1,30.223,0.0000,11.917
50.6000,1,33.569,0.0000,11.701
50.7000,1,28.808,0.0000,16.671
50.8000,1,37.595,0.0000,14.223
50.9000,1,33.100,0.0000,11.010
51.0000,1,29.033,0.0000,16.168
51.1000,1,27.304,0.0000,12.871
51.2000,1,34.444,0.0000,12.936
51.3000,1,30.498,0.0000,16.473
51.4000,1,26.980,0.0000,11.419
51.5000,1,29.527,0.0000,12.137
51.6000,1,31.623,0.0000,11.580
51.7000,1,26.311,0.0000,13.381
51.8000,1,24.358,0.0000,13.356
51.9000,1,27.842,0.0000,12.515
52.0000,1,32.158,0.0000,12.267
52.1000,1,42.254,0.0000,14.811
52.2000,1,28.958,0.0000,14.909
52.3000,1,23.513,0.0000,11.596
52.4000,1,31.234,0.0000,11.599
52.5000,1,34.271,0.0000,14.721
52.6000,1,25.642,0.0000,12.249
52.7000,1,28.464,0.0000,11.793
52.8000,1,40.616,0.0000,14.047
52.9000,1,17.820,0.0000,11.620
53.0000,1,23.527,0.0000,11.710
53.1000,1,39.749,0.0000,14.796
53.2000,1,34.924,0.0000,19.611
53.3000,1,16.845,0.0000,11.404
53.4000,1,37.465,0.0000,13.935
53.5000,1,42.099,0.0000,14.253
53.6000,1,28.196,0.0000,13.933
53.7000,1,23.250,0.0000,11.843
53.8000,1,39.347,0.0000,14.738
53.9000,1,44.110,0.0000,16.784
54.0000,1,29.539,0.0000,14.553
54.1000,1,30.743,0.0000,14.350
54.2000,1,28.905,0.0000,11.925
54.3000,1,33.085,0.0000,11.725
54.4000,1,29.640,0.0000,14.631
54.5000,1,27.070,0.0000,11.306
54.6000,1,34.749,0.0000,11.614
54.7000,1,31.346,0.0000,14.626
54.8000,1,27.109,0.0000,11.505
54.9000,1,35.747,0.0000,11.282
55.0000,1,36.548,0.0000,13.322
55.1000,1,35.738,0.0000,11.714
55.2000,1,30.834,0.0000,15.521
55.3000,1,32.264,0.0000,15.594
55.4000,1,33.985,0.0000,16.365
55.5000,1,26.707,0.0000,11.906
55.6000,1,31.110,0.0000,12.581
55.7000,1,37.420,0.0000,12.435
55.8000,1,22.859,0.0000,11.741
55.9000,1,24.516,0.0000,11.875
56.0000,1,27.570,0.0000,11.911
56.1000,1,42.708,0.0000,16.153
56.2000,1,30.780,0.0000,14.813
56.3000,1,26.245,0.0000,12.273
56.4000,1,33.760,0.0000,10.982
56.5000,1,31.785,0.0000,13.930
56.6000,1,31.488,0.0000,11.568
56.7000,1,28.877,0.0000,14.240
56.8000,1,33.431,0.0000,15.268
56.9000,1,39.278,0.0000,17.096
57.0000,1,29.481,0.0000,13.885
57.1000,1,21.495,0.0000,12.267
57.2000,1,36.484,0.0000,14.088
57.3000,1,38.187,0.0000,14.696
57.4000,1,33.308,0.0000,12.238
57.5000,1,25.146,0.0000,15.659
57.6000,1,50.294,0.0000,17.130
57.7000,1,36.488,0.0000,14.873
57.8000,1,39.152,0.0000,15.807
57.9000,1,26.657,0.0000,16.262
58.0000,1,37.864,0.0000,12.731
58.1000,1,24.308,0.0000,11.553
58.2000,1,36.169,0.0000,15.395
58.3000,1,27.932,0.0000,11.874
58.4000,1,40.320,0.0000,16.547
58.5000,1,32.250,0.0000,11.915
58.6000,1,26.771,0.0000,14.012
58.7000,1,37.605,0.0000,14.202
58.8000,1,31.879,0.0000,11.680
58.9000,1,38.683,0.0000,11.449
59.0000,1,43.238,0.0000,11.753
59.1000,1,37.001,0.0000,16.514
59.2000,1,41.889,0.0000,14.955
59.3000,1,24.591,0.0000,15.381
59.4000,1,40.523,0.0000,19.717
59.5000,1,32.893,0.0000,15.360
59.6000,1,25.323,0.0000,12.037
59.7000,1,39.253,0.0000,14.941
59.8000,1,32.099,0.0000,12.058
59.9000,1,34.737,0.0000,12.211
60.0000,1,28.847,0.0000,14.945
60.1000,1,18.246,0.0000,11.380
60.2000,1,41.943,0.0000,11.830
60.3000,1,34.966,0.0000,14.083
60.4000,1,24.027,0.0000,14.735
60.5000,1,17.396,0.0000,11.827
60.6000,1,34.460,0.0000,14.352
60.7000,1,41.140,0.0000,16.722
60.8000,1,36.622,0.0000,12.502
60.9000,1,29.450,0.0000,12.438
61.0000,1,35.186,0.0000,11.973
61.1000,1,50.782,0.0000,14.717
61.2000,1,22.503,0.0000,12.320
61.3000,1,26.725,0.0000,11.890
61.4000,1,41.571,0.0000,16.784
61.5000,1,27.856,0.0000,14.870
61.6000,1,18.562,0.0000,11.625
61.7000,1,65.718,0.0000,11.423
61.8000,1,36.037,0.0000,14.644
61.9000,1,36.143,0.0000,11.550
62.0000,1,33.073,0.0000,16.348
62.1000,1,28.128,0.0000,11.941
62.2000,1,31.557,0.0000,12.132
62.3000,1,33.945,0.0000,12.161
62.4000,1,39.208,0.0000,11.938
62.5000,1,34.138,0.0000,15.141
62.6000,1,40.300,0.0000,13.676
62.7000,1,30.796,0.0000,14.684
62.8000,1,36.101,0.0000,16.932
62.9000,1,31.822,0.0000,11.915
63.0000,1,33.067,0.0000,13.988
63.1000,1,27.862,0.0000,11.155
63.2000,1,36.860,0.0000,15.113
63.3000,1,39.006,0.0000,15.323
63.4000,1,33.060,0.0000,11.869
63.5000,1,16.095,0.0000,11.500
63.6000,1,43.712,0.0000,11.712
63.7000,1,39.141,0.0000,15.683
63.8000,1,31.238,0.0000,11.938
63.9000,1,25.848,0.0000,14.534
64.0000,1,32.639,0.0000,14.266
64.1000,1,39.565,0.0000,13.710
64.2000,1,18.253,0.0000,12.096
64.3000,1,30.738,0.0000,16.469
64.4000,1,34.364,0.0000,16.654
64.5000,1,28.901,0.0000,12.244
64.6000,1,24.757,0.0000,14.019
64.7000,1,39.144,0.0000,11.216
64.8000,1,31.407,0.0000,14.993
64.9000,1,51.051,0.0000,11.059
65.0000,1,24.320,0.0000,14.367
65.1000,1,36.629,0.0000,11.853
65.2000,1,27.222,0.0000,14.961
65.3000,1,34.453,0.0000,15.207
65.4000,1,28.341,0.0000,12.074
65.5000,1,33.229,0.0000,11.760
65.6000,1,30.784,0.0000,13.638
65.7000,1,27.339,0.0000,11.708
65.8000,1,32.435,0.0000,11.657
65.9000,1,50.073,0.0000,17.247
66.0000,1,36.497,0.0000,13.679
66.1000,1,26.370,0.0000,11.635
66.2000,1,42.762,0.0000,14.226
66.3000,1,31.382,0.0000,14.998
66.4000,1,47.103,0.0000,11.626
66.5000,1,22.124,0.0000,14.348
66.6000,1,36.963,0.0000,12.103
66.7000,1,38.077,0.0000,12.303
66.8000,1,38.077,0.0000,12.303
