decoder,bin,n_trials,n_subj,n_valid,chg,chg_lo,chg_hi,acc,acc_lo,acc_hi,acc_valid,acc_ref_mismos,harm,help,med_subj_chg,q1_subj_chg,q3_subj_chg,med_subj_acc,n_subj_vs1000,p_chg_vs1000,p_acc_vs1000,p_chg_vs1000_holm,p_acc_vs1000_holm
CSP+LDA,1000,9484,9,9484,0.0,0.0,0.000404897147524048,0.7581189371573176,0.7493970720599823,0.766631779011899,0.7581189371573176,0.7581189371573176,0.0,0.0,0.0,0.0,0.0,0.7224334600760456,9,,,,
CSP+LDA,900-999,3834,9,3834,0.046948356807511735,0.04069411892854277,0.054109585320220366,0.748565466875326,0.7345885323412569,0.7620447836350981,0.748565466875326,0.7574334898278561,0.027908189880020865,0.01904016692749087,0.028368794326241134,0.018561484918793503,0.034722222222222224,0.7262180974477959,9,0.00390625,0.203125,0.01953125,0.40625
CSP+LDA,750-899,1644,9,1644,0.07603406326034064,0.06418668516583052,0.08985821817924829,0.7518248175182481,0.7303732474702316,0.7721022331827632,0.7518248175182481,0.7682481751824818,0.046228710462287104,0.029805352798053526,0.06285714285714286,0.059782608695652176,0.08021390374331551,0.7222222222222222,9,0.00390625,0.49609375,0.01953125,0.49609375
CSP+LDA,500-749,3353,9,3353,0.12705040262451536,0.11620303681956695,0.1387513822391101,0.719355800775425,0.7039028012677813,0.7343067347436887,0.719355800775425,0.7611094542201015,0.08440202803459589,0.04264837458991948,0.12,0.10962566844919786,0.14402173913043478,0.712,9,0.00390625,0.00390625,0.01953125,0.01953125
CSP+LDA,125-499,1116,9,1116,0.2114695340501792,0.18852162919954918,0.23639703786907917,0.6639784946236559,0.6357447636777329,0.6910871739820217,0.6639784946236559,0.757168458781362,0.15232974910394265,0.05913978494623656,0.2222222222222222,0.20491803278688525,0.23770491803278687,0.6639344262295082,9,0.00390625,0.00390625,0.01953125,0.01953125
CSP+LDA,inválido,9,6,0,1.0,0.7008472464490407,1.0,0.0,0.0,0.2991527535509594,,0.6666666666666666,0.6666666666666666,0.0,1.0,1.0,1.0,0.0,6,0.03125,0.03125,0.03125,0.09375
EEGNet,1000,9484,9,9484,0.0,0.0,0.000404897147524048,0.7742513707296499,0.7657270781353801,0.7825535761284937,0.7742513707296499,0.7742513707296499,0.0,0.0,0.0,0.0,0.0,0.7423954372623575,9,,,,
EEGNet,900-999,3834,9,3834,0.03990610328638498,0.034156717967456104,0.04657657753905983,0.7676056338028169,0.7539723752535311,0.7807031569518627,0.7676056338028169,0.7756911841418883,0.023995826812728223,0.015910276473656754,0.03309692671394799,0.01643192488262911,0.05336426914153132,0.75177304964539,9,0.00390625,0.09765625,0.01953125,0.09765625
EEGNet,750-899,1644,9,1644,0.1192214111922141,0.10443775619554822,0.1357804783726287,0.7372262773722628,0.7154145328114502,0.7579319344703564,0.7372262773722628,0.767639902676399,0.07481751824817519,0.04440389294403893,0.10526315789473684,0.08108108108108109,0.14444444444444443,0.6844919786096256,9,0.00390625,0.0078125,0.01953125,0.03125
EEGNet,500-749,3353,9,3353,0.25350432448553534,0.2390674689039065,0.26850536384459145,0.6653742916790933,0.6492213258483716,0.6811487458285285,0.6653742916790933,0.7751267521622428,0.18162839248434237,0.07187593200119297,0.25935828877005346,0.18716577540106952,0.3041095890410959,0.6467391304347826,9,0.00390625,0.00390625,0.01953125,0.01953125
EEGNet,125-499,1116,9,1116,0.4121863799283154,0.3836560646179173,0.4413191818812306,0.5546594982078853,0.525361728090073,0.5835822511298453,0.5546594982078853,0.771505376344086,0.31451612903225806,0.09767025089605735,0.4032258064516129,0.3543307086614173,0.4523809523809524,0.532258064516129,9,0.00390625,0.0078125,0.01953125,0.03125
EEGNet,inválido,9,6,0,1.0,0.7008472464490407,1.0,0.0,0.0,0.2991527535509594,,1.0,1.0,0.0,1.0,1.0,1.0,0.0,6,0.03125,0.03125,0.03125,0.0625
