decoder,cond,n_tocado,n_inval_tocado,chg_tocado,chg_tocado_lo,chg_tocado_hi,chg_valid_tocado,harm_tocado,help_tocado,acc_tocado,acc_ref_mismos_tocado,d_acc_tocado,n_subj_tocado,p_chg_vs0_tocado,subj_chg_gt0_tocado,p_dacc_vs_ref_tocado,med_subj_dacc_tocado,med_subj_chg_tocado,n_no_tocado,n_inval_no_tocado,chg_no_tocado,chg_no_tocado_lo,chg_no_tocado_hi,chg_valid_no_tocado,harm_no_tocado,help_no_tocado,acc_no_tocado,acc_ref_mismos_no_tocado,d_acc_no_tocado,n_subj_no_tocado,n_subj_ambos,p_chg_vs0_no_tocado,subj_chg_gt0_no_tocado,p_dacc_vs_ref_no_tocado,med_subj_dacc_no_tocado,med_subj_chg_no_tocado,p_chg_t_vs_u,med_subj_diff_chg,p_acc_t_vs_u,med_subj_diff_acc,subj_chg_t_gt_u
CSP+LDA,loss-random-0.01,1080,0,0.018518518518518517,0.012019336938227081,0.028430854307430958,0.018518518518518517,0.011111111111111112,0.007407407407407408,0.7555555555555555,0.7592592592592593,-0.003703703703703704,9,0.125,4.0,0.375,0.0,0.0,0,0,,,,,,,,,,0,0,,,,,,,,,,
CSP+LDA,loss-random-0.05,1080,0,0.05092592592592592,0.03933262332936459,0.0657026511978357,0.05092592592592592,0.03148148148148148,0.019444444444444445,0.7472222222222222,0.7592592592592593,-0.012037037037037037,9,0.0078125,8.0,0.328125,-0.008333333333333304,0.025,0,0,,,,,,,,,,0,0,,,,,,,,,,
CSP+LDA,loss-random-0.1,1080,0,0.06018518518518518,0.04749930845975769,0.07598884700502609,0.06018518518518518,0.03611111111111111,0.024074074074074074,0.7472222222222222,0.7592592592592593,-0.012037037037037037,9,0.00390625,9.0,0.4453125,0.0,0.041666666666666664,0,0,,,,,,,,,,0,0,,,,,,,,,,
CSP+LDA,jitter-0.01,0,0,,,,,,,,,,0,,,,,,1080,0,0.0,2.168404344971009e-19,0.003544429370491038,0.0,0.0,0.0,0.7592592592592593,0.7592592592592593,0.0,9,0,,0.0,,0.0,0.0,,,,,
CSP+LDA,jitter-0.05,0,0,,,,,,,,,,0,,,,,,1080,0,0.0,2.168404344971009e-19,0.003544429370491038,0.0,0.0,0.0,0.7592592592592593,0.7592592592592593,0.0,9,0,,0.0,,0.0,0.0,,,,,
CSP+LDA,jitter-0.1,0,0,,,,,,,,,,0,,,,,,1080,0,0.0,2.168404344971009e-19,0.003544429370491038,0.0,0.0,0.0,0.7592592592592593,0.7592592592592593,0.0,9,0,,0.0,,0.0,0.0,,,,,
CSP+LDA,delay-0.05,0,0,,,,,,,,,,0,,,,,,1080,0,0.0,2.168404344971009e-19,0.003544429370491038,0.0,0.0,0.0,0.7592592592592593,0.7592592592592593,0.0,9,0,,0.0,,0.0,0.0,,,,,
CSP+LDA,delay-0.1,0,0,,,,,,,,,,0,,,,,,1080,0,0.0,2.168404344971009e-19,0.003544429370491038,0.0,0.0,0.0,0.7592592592592593,0.7592592592592593,0.0,9,0,,0.0,,0.0,0.0,,,,,
CSP+LDA,delay-0.25,0,0,,,,,,,,,,0,,,,,,1080,0,0.0,2.168404344971009e-19,0.003544429370491038,0.0,0.0,0.0,0.7592592592592593,0.7592592592592593,0.0,9,0,,0.0,,0.0,0.0,,,,,
CSP+LDA,disconnect-0.5,75,0,0.08,0.03717961789436808,0.16374984066557996,0.08,0.05333333333333334,0.02666666666666667,0.7733333333333333,0.8,-0.02666666666666667,9,0.0625,5.0,0.75,0.0,0.1,1005,0,0.0,0.0,0.003807931790283033,0.0,0.0,0.0,0.7562189054726368,0.7562189054726368,0.0,9,9,,0.0,,0.0,0.0,0.0625,0.1,1.0,0.027027027027026973,5.0
CSP+LDA,disconnect-1,67,0,0.1044776119402985,0.05153704291423214,0.20031497623835617,0.1044776119402985,0.05970149253731343,0.04477611940298507,0.8208955223880597,0.835820895522388,-0.014925373134328358,9,0.03125,6.0,0.25,0.0,0.1111111111111111,1013,0,0.0,0.0,0.003777972891746364,0.0,0.0,0.0,0.7541954590325765,0.7541954590325765,0.0,9,9,,0.0,,0.0,0.0,0.03125,0.1111111111111111,0.5703125,0.09009009009009006,6.0
CSP+LDA,disconnect-3,94,9,0.2978723404255319,0.21484309822217876,0.3967740462235376,0.2235294117647059,0.20212765957446807,0.06382978723404255,0.648936170212766,0.7872340425531915,-0.13829787234042554,9,0.0078125,8.0,0.09375,-0.11111111111111105,0.2727272727272727,986,0,0.0,0.0,0.003881025004404745,0.0,0.0,0.0,0.7565922920892495,0.7565922920892495,0.0,9,9,,0.0,,0.0,0.0,0.0078125,0.2727272727272727,0.49609375,-0.08408408408408408,8.0
CSP+LDA,burst_trial-0.1,1080,0,0.06018518518518518,0.04749930845975769,0.07598884700502609,0.06018518518518518,0.03425925925925926,0.025925925925925925,0.7509259259259259,0.7592592592592593,-0.008333333333333333,9,0.00390625,9.0,0.22265625,-0.008333333333333415,0.041666666666666664,0,0,,,,,,,,,,0,0,,,,,,,,,,
CSP+LDA,burst_trial-0.25,1080,0,0.08981481481481482,0.07418465490009726,0.10835271956495371,0.08981481481481482,0.05462962962962963,0.03518518518518519,0.7398148148148148,0.7592592592592593,-0.019444444444444445,9,0.00390625,9.0,0.15625,-0.025000000000000022,0.08333333333333333,0,0,,,,,,,,,,0,0,,,,,,,,,,
CSP+LDA,burst_trial-0.4,1080,0,0.1398148148148148,0.12040556666052052,0.16177736486748132,0.1398148148148148,0.09814814814814815,0.041666666666666664,0.7027777777777777,0.7592592592592593,-0.05648148148148148,9,0.00390625,9.0,0.00390625,-0.05833333333333335,0.125,0,0,,,,,,,,,,0,0,,,,,,,,,,
CSP+LDA,disconnect_trial-0.5,1080,0,0.12129629629629629,0.1031557861741453,0.14212138347868958,0.12129629629629629,0.0787037037037037,0.04259259259259259,0.7231481481481481,0.7592592592592593,-0.03611111111111111,9,0.00390625,9.0,0.02734375,-0.025000000000000022,0.10833333333333334,0,0,,,,,,,,,,0,0,,,,,,,,,,
CSP+LDA,disconnect_trial-1,1080,0,0.12129629629629629,0.1031557861741453,0.14212138347868958,0.12129629629629629,0.0787037037037037,0.04259259259259259,0.7231481481481481,0.7592592592592593,-0.03611111111111111,9,0.00390625,9.0,0.02734375,-0.025000000000000022,0.10833333333333334,0,0,,,,,,,,,,0,0,,,,,,,,,,
CSP+LDA,disconnect_trial-2,1080,0,0.2037037037037037,0.18075308186027178,0.22875472813705622,0.2037037037037037,0.14629629629629629,0.05740740740740741,0.6703703703703704,0.7592592592592593,-0.08888888888888889,9,0.00390625,9.0,0.00390625,-0.06666666666666665,0.21666666666666667,0,0,,,,,,,,,,0,0,,,,,,,,,,
CSP+LDA,loss-* (3),3240,0,0.043209876543209874,0.03673273208100451,0.05076895110845825,0.043209876543209874,0.026234567901234566,0.016975308641975308,0.75,0.7592592592592593,-0.009259259259259259,9,0.00390625,9.0,0.3046875,-0.002777777777777879,0.019444444444444445,0,0,,,,,,,,,,0,0,,,,,,,,,,
CSP+LDA,disconnect-* (3),236,9,0.17372881355932204,0.130720567281024,0.2271889863577109,0.14096916299559473,0.11440677966101695,0.046610169491525424,0.7372881355932204,0.8050847457627118,-0.06779661016949153,9,0.00390625,9.0,0.09765625,-0.07692307692307698,0.15384615384615385,3004,0,0.0,0.0,0.0012771949161152635,0.0,0.0,0.0,0.7556591211717709,0.7556591211717709,0.0,9,9,,0.0,,0.0,0.0,0.00390625,0.15384615384615385,0.8203125,0.005952380952380931,9.0
CSP+LDA,jitter-*+delay-* (6),0,0,,,,,,,,,,0,,,,,,6480,0,0.0,0.0,0.0005924882557279005,0.0,0.0,0.0,0.7592592592592593,0.7592592592592593,0.0,9,0,,0.0,,0.0,0.0,,,,,
CSP+LDA,burst_trial-* (3),3240,0,0.09660493827160493,0.0869051071562399,0.10726023063337349,0.09660493827160493,0.06234567901234568,0.03425925925925926,0.7311728395061728,0.7592592592592593,-0.02808641975308642,9,0.00390625,9.0,0.0078125,-0.033333333333333326,0.08611111111111111,0,0,,,,,,,,,,0,0,,,,,,,,,,
CSP+LDA,disconnect_trial-* (3),3240,0,0.14876543209876544,0.13692811278835806,0.1614346679343505,0.14876543209876544,0.10123456790123457,0.047530864197530866,0.7055555555555556,0.7592592592592593,-0.053703703703703705,9,0.00390625,9.0,0.00390625,-0.04444444444444451,0.15,0,0,,,,,,,,,,0,0,,,,,,,,,,
EEGNet,loss-random-0.01,1080,0,0.011111111111111112,0.006367241008072227,0.019320645487519012,0.011111111111111112,0.008333333333333333,0.002777777777777778,0.7685185185185185,0.774074074074074,-0.005555555555555556,9,0.03125,6.0,0.0625,-0.008333333333333304,0.008333333333333333,0,0,,,,,,,,,,0,0,,,,,,,,,,
EEGNet,loss-random-0.05,1080,0,0.02962962962962963,0.021065110758873844,0.0415285376118844,0.02962962962962963,0.016666666666666666,0.012962962962962963,0.7703703703703704,0.774074074074074,-0.003703703703703704,9,0.03125,6.0,0.6875,0.0,0.025,0,0,,,,,,,,,,0,0,,,,,,,,,,
EEGNet,loss-random-0.1,1080,0,0.044444444444444446,0.03368431345063465,0.05843394442025719,0.044444444444444446,0.027777777777777776,0.016666666666666666,0.762962962962963,0.774074074074074,-0.011111111111111112,9,0.0078125,8.0,0.015625,-0.008333333333333415,0.041666666666666664,0,0,,,,,,,,,,0,0,,,,,,,,,,
EEGNet,jitter-0.01,0,0,,,,,,,,,,0,,,,,,1080,0,0.0,2.168404344971009e-19,0.003544429370491038,0.0,0.0,0.0,0.774074074074074,0.774074074074074,0.0,9,0,,0.0,,0.0,0.0,,,,,
EEGNet,jitter-0.05,0,0,,,,,,,,,,0,,,,,,1080,0,0.0,2.168404344971009e-19,0.003544429370491038,0.0,0.0,0.0,0.774074074074074,0.774074074074074,0.0,9,0,,0.0,,0.0,0.0,,,,,
EEGNet,jitter-0.1,0,0,,,,,,,,,,0,,,,,,1080,0,0.0,2.168404344971009e-19,0.003544429370491038,0.0,0.0,0.0,0.774074074074074,0.774074074074074,0.0,9,0,,0.0,,0.0,0.0,,,,,
EEGNet,delay-0.05,0,0,,,,,,,,,,0,,,,,,1080,0,0.0,2.168404344971009e-19,0.003544429370491038,0.0,0.0,0.0,0.774074074074074,0.774074074074074,0.0,9,0,,0.0,,0.0,0.0,,,,,
EEGNet,delay-0.1,0,0,,,,,,,,,,0,,,,,,1080,0,0.0,2.168404344971009e-19,0.003544429370491038,0.0,0.0,0.0,0.774074074074074,0.774074074074074,0.0,9,0,,0.0,,0.0,0.0,,,,,
EEGNet,delay-0.25,0,0,,,,,,,,,,0,,,,,,1080,0,0.0,2.168404344971009e-19,0.003544429370491038,0.0,0.0,0.0,0.774074074074074,0.774074074074074,0.0,9,0,,0.0,,0.0,0.0,,,,,
EEGNet,disconnect-0.5,75,0,0.24,0.15754748728758244,0.3477897965828615,0.24,0.14666666666666667,0.09333333333333334,0.6533333333333333,0.7066666666666667,-0.05333333333333334,9,0.0078125,8.0,0.78125,0.0,0.2222222222222222,1005,0,0.0,0.0,0.003807931790283033,0.0,0.0,0.0,0.7791044776119403,0.7791044776119403,0.0,9,9,,0.0,,0.0,0.0,0.0078125,0.2222222222222222,0.12890625,-0.06140350877192979,8.0
EEGNet,disconnect-1,67,0,0.14925373134328357,0.08314184208625061,0.2534061748981201,0.14925373134328357,0.11940298507462686,0.029850746268656716,0.746268656716418,0.835820895522388,-0.08955223880597014,9,0.015625,7.0,0.046875,-0.11111111111111116,0.14285714285714285,1013,0,0.0,0.0,0.003777972891746364,0.0,0.0,0.0,0.769990128331688,0.769990128331688,0.0,9,9,,0.0,,0.0,0.0,0.015625,0.14285714285714285,0.49609375,-0.0570570570570571,7.0
EEGNet,disconnect-3,94,9,0.2872340425531915,0.2055423033081863,0.38563363821362046,0.21176470588235294,0.2127659574468085,0.07446808510638298,0.6276595744680851,0.7659574468085106,-0.13829787234042554,9,0.0078125,8.0,0.03125,-0.16666666666666669,0.3,986,0,0.0,0.0,0.003881025004404745,0.0,0.0,0.0,0.7748478701825557,0.7748478701825557,0.0,9,9,,0.0,,0.0,0.0,0.0078125,0.3,0.0390625,-0.18095238095238098,8.0
EEGNet,burst_trial-0.1,1080,0,0.0787037037037037,0.06409620197034348,0.09629771536960731,0.0787037037037037,0.04722222222222222,0.03148148148148148,0.7583333333333333,0.774074074074074,-0.01574074074074074,9,0.00390625,9.0,0.015625,-0.016666666666666607,0.05,0,0,,,,,,,,,,0,0,,,,,,,,,,
EEGNet,burst_trial-0.25,1080,0,0.15092592592592594,0.1308151299087022,0.17351125874439988,0.15092592592592594,0.09537037037037037,0.05555555555555555,0.7342592592592593,0.774074074074074,-0.03981481481481482,9,0.00390625,9.0,0.01171875,-0.025000000000000022,0.13333333333333333,0,0,,,,,,,,,,0,0,,,,,,,,,,
EEGNet,burst_trial-0.4,1080,0,0.24166666666666667,0.21707928532122203,0.2680853365201983,0.24166666666666667,0.15833333333333333,0.08333333333333333,0.6990740740740741,0.774074074074074,-0.075,9,0.00390625,9.0,0.0078125,-0.09166666666666667,0.25833333333333336,0,0,,,,,,,,,,0,0,,,,,,,,,,
EEGNet,disconnect_trial-0.5,1080,0,0.2601851851851852,0.23490119750105434,0.287169186215533,0.2601851851851852,0.1935185185185185,0.06666666666666667,0.6472222222222223,0.774074074074074,-0.12685185185185185,9,0.00390625,9.0,0.00390625,-0.09999999999999998,0.25,0,0,,,,,,,,,,0,0,,,,,,,,,,
EEGNet,disconnect_trial-1,1080,0,0.2601851851851852,0.23490119750105434,0.287169186215533,0.2601851851851852,0.1935185185185185,0.06666666666666667,0.6472222222222223,0.774074074074074,-0.12685185185185185,9,0.00390625,9.0,0.00390625,-0.09999999999999998,0.25,0,0,,,,,,,,,,0,0,,,,,,,,,,
EEGNet,disconnect_trial-2,1080,0,0.4166666666666667,0.38760934437640926,0.44631472718533927,0.4166666666666667,0.3194444444444444,0.09722222222222222,0.5518518518518518,0.774074074074074,-0.2222222222222222,9,0.00390625,9.0,0.0078125,-0.20833333333333331,0.4,0,0,,,,,,,,,,0,0,,,,,,,,,,
EEGNet,loss-* (3),3240,0,0.028395061728395062,0.023210346543625585,0.03469679664117111,0.028395061728395062,0.017592592592592594,0.010802469135802469,0.7672839506172839,0.774074074074074,-0.006790123456790123,9,0.0078125,8.0,0.03125,-0.008333333333333304,0.025,0,0,,,,,,,,,,0,0,,,,,,,,,,
EEGNet,disconnect-* (3),236,9,0.2330508474576271,0.1836500684442151,0.2910032027147498,0.2026431718061674,0.1652542372881356,0.06779661016949153,0.6694915254237288,0.7669491525423728,-0.09745762711864407,9,0.00390625,9.0,0.03125,-0.09677419354838701,0.23076923076923078,3004,0,0.0,0.0,0.0012771949161152635,0.0,0.0,0.0,0.7746338215712384,0.7746338215712384,0.0,9,9,,0.0,,0.0,0.0,0.00390625,0.23076923076923078,0.01953125,-0.12148249828414548,9.0
EEGNet,jitter-*+delay-* (6),0,0,,,,,,,,,,0,,,,,,6480,0,0.0,0.0,0.0005924882557279005,0.0,0.0,0.0,0.774074074074074,0.774074074074074,0.0,9,0,,0.0,,0.0,0.0,,,,,
EEGNet,burst_trial-* (3),3240,0,0.15709876543209877,0.14497548544268296,0.17003422403265023,0.15709876543209877,0.10030864197530864,0.056790123456790124,0.7305555555555555,0.774074074074074,-0.04351851851851852,9,0.00390625,9.0,0.0078125,-0.050000000000000044,0.13055555555555556,0,0,,,,,,,,,,0,0,,,,,,,,,,
EEGNet,disconnect_trial-* (3),3240,0,0.31234567901234567,0.2966175254197602,0.32851830118780284,0.31234567901234567,0.23549382716049383,0.07685185185185185,0.6154320987654321,0.774074074074074,-0.15864197530864196,9,0.00390625,9.0,0.00390625,-0.14722222222222214,0.3,0,0,,,,,,,,,,0,0,,,,,,,,,,
