decoder,cond,subject,grupo,n,chg,ok,ref_ok,harm,help,inval,chg_valid_n,chg_valid,chg_rate,acc,acc_ref
CSP+LDA,burst_trial-* (3),1,tocado,360,30,291,303,21,9,0,360,30.0,0.08333333333333333,0.8083333333333333,0.8416666666666667
CSP+LDA,burst_trial-* (3),2,tocado,360,63,223,222,31,32,0,360,63.0,0.175,0.6194444444444445,0.6166666666666667
CSP+LDA,burst_trial-* (3),3,tocado,360,20,315,327,16,4,0,360,20.0,0.05555555555555555,0.875,0.9083333333333333
CSP+LDA,burst_trial-* (3),4,tocado,360,45,222,231,27,18,0,360,45.0,0.125,0.6166666666666667,0.6416666666666667
CSP+LDA,burst_trial-* (3),5,tocado,360,47,197,216,33,14,0,360,47.0,0.13055555555555556,0.5472222222222223,0.6
CSP+LDA,burst_trial-* (3),6,tocado,360,31,221,228,19,12,0,360,31.0,0.08611111111111111,0.6138888888888889,0.6333333333333333
CSP+LDA,burst_trial-* (3),7,tocado,360,32,249,261,22,10,0,360,32.0,0.08888888888888889,0.6916666666666667,0.725
CSP+LDA,burst_trial-* (3),8,tocado,360,18,331,339,13,5,0,360,18.0,0.05,0.9194444444444444,0.9416666666666667
CSP+LDA,burst_trial-* (3),9,tocado,360,27,320,333,20,7,0,360,27.0,0.075,0.8888888888888888,0.925
CSP+LDA,burst_trial-0.1,1,tocado,120,5,102,101,2,3,0,120,5.0,0.041666666666666664,0.85,0.8416666666666667
CSP+LDA,burst_trial-0.1,2,tocado,120,17,77,74,7,10,0,120,17.0,0.14166666666666666,0.6416666666666667,0.6166666666666667
CSP+LDA,burst_trial-0.1,3,tocado,120,3,110,109,1,2,0,120,3.0,0.025,0.9166666666666666,0.9083333333333333
CSP+LDA,burst_trial-0.1,4,tocado,120,6,75,77,4,2,0,120,6.0,0.05,0.625,0.6416666666666667
CSP+LDA,burst_trial-0.1,5,tocado,120,15,69,72,9,6,0,120,15.0,0.125,0.575,0.6
CSP+LDA,burst_trial-0.1,6,tocado,120,5,71,76,5,0,0,120,5.0,0.041666666666666664,0.5916666666666667,0.6333333333333333
CSP+LDA,burst_trial-0.1,7,tocado,120,5,86,87,3,2,0,120,5.0,0.041666666666666664,0.7166666666666667,0.725
CSP+LDA,burst_trial-0.1,8,tocado,120,2,111,113,2,0,0,120,2.0,0.016666666666666666,0.925,0.9416666666666667
CSP+LDA,burst_trial-0.1,9,tocado,120,7,110,111,4,3,0,120,7.0,0.058333333333333334,0.9166666666666666,0.925
CSP+LDA,burst_trial-0.25,1,tocado,120,10,97,101,7,3,0,120,10.0,0.08333333333333333,0.8083333333333333,0.8416666666666667
CSP+LDA,burst_trial-0.25,2,tocado,120,19,79,74,7,12,0,120,19.0,0.15833333333333333,0.6583333333333333,0.6166666666666667
CSP+LDA,burst_trial-0.25,3,tocado,120,6,105,109,5,1,0,120,6.0,0.05,0.875,0.9083333333333333
CSP+LDA,burst_trial-0.25,4,tocado,120,13,74,77,8,5,0,120,13.0,0.10833333333333334,0.6166666666666667,0.6416666666666667
CSP+LDA,burst_trial-0.25,5,tocado,120,17,63,72,13,4,0,120,17.0,0.14166666666666666,0.525,0.6
CSP+LDA,burst_trial-0.25,6,tocado,120,8,78,76,3,5,0,120,8.0,0.06666666666666667,0.65,0.6333333333333333
CSP+LDA,burst_trial-0.25,7,tocado,120,10,85,87,6,4,0,120,10.0,0.08333333333333333,0.7083333333333334,0.725
CSP+LDA,burst_trial-0.25,8,tocado,120,5,112,113,3,2,0,120,5.0,0.041666666666666664,0.9333333333333333,0.9416666666666667
CSP+LDA,burst_trial-0.25,9,tocado,120,9,106,111,7,2,0,120,9.0,0.075,0.8833333333333333,0.925
CSP+LDA,burst_trial-0.4,1,tocado,120,15,92,101,12,3,0,120,15.0,0.125,0.7666666666666667,0.8416666666666667
CSP+LDA,burst_trial-0.4,2,tocado,120,27,67,74,17,10,0,120,27.0,0.225,0.5583333333333333,0.6166666666666667
CSP+LDA,burst_trial-0.4,3,tocado,120,11,100,109,10,1,0,120,11.0,0.09166666666666666,0.8333333333333334,0.9083333333333333
CSP+LDA,burst_trial-0.4,4,tocado,120,26,73,77,15,11,0,120,26.0,0.21666666666666667,0.6083333333333333,0.6416666666666667
CSP+LDA,burst_trial-0.4,5,tocado,120,15,65,72,11,4,0,120,15.0,0.125,0.5416666666666666,0.6
CSP+LDA,burst_trial-0.4,6,tocado,120,18,72,76,11,7,0,120,18.0,0.15,0.6,0.6333333333333333
CSP+LDA,burst_trial-0.4,7,tocado,120,17,78,87,13,4,0,120,17.0,0.14166666666666666,0.65,0.725
CSP+LDA,burst_trial-0.4,8,tocado,120,11,108,113,8,3,0,120,11.0,0.09166666666666666,0.9,0.9416666666666667
CSP+LDA,burst_trial-0.4,9,tocado,120,11,104,111,9,2,0,120,11.0,0.09166666666666666,0.8666666666666667,0.925
CSP+LDA,delay-0.05,1,no_tocado,120,0,101,101,0,0,0,120,0.0,0.0,0.8416666666666667,0.8416666666666667
CSP+LDA,delay-0.05,2,no_tocado,120,0,74,74,0,0,0,120,0.0,0.0,0.6166666666666667,0.6166666666666667
CSP+LDA,delay-0.05,3,no_tocado,120,0,109,109,0,0,0,120,0.0,0.0,0.9083333333333333,0.9083333333333333
CSP+LDA,delay-0.05,4,no_tocado,120,0,77,77,0,0,0,120,0.0,0.0,0.6416666666666667,0.6416666666666667
CSP+LDA,delay-0.05,5,no_tocado,120,0,72,72,0,0,0,120,0.0,0.0,0.6,0.6
CSP+LDA,delay-0.05,6,no_tocado,120,0,76,76,0,0,0,120,0.0,0.0,0.6333333333333333,0.6333333333333333
CSP+LDA,delay-0.05,7,no_tocado,120,0,87,87,0,0,0,120,0.0,0.0,0.725,0.725
CSP+LDA,delay-0.05,8,no_tocado,120,0,113,113,0,0,0,120,0.0,0.0,0.9416666666666667,0.9416666666666667
CSP+LDA,delay-0.05,9,no_tocado,120,0,111,111,0,0,0,120,0.0,0.0,0.925,0.925
CSP+LDA,delay-0.1,1,no_tocado,120,0,101,101,0,0,0,120,0.0,0.0,0.8416666666666667,0.8416666666666667
CSP+LDA,delay-0.1,2,no_tocado,120,0,74,74,0,0,0,120,0.0,0.0,0.6166666666666667,0.6166666666666667
CSP+LDA,delay-0.1,3,no_tocado,120,0,109,109,0,0,0,120,0.0,0.0,0.9083333333333333,0.9083333333333333
CSP+LDA,delay-0.1,4,no_tocado,120,0,77,77,0,0,0,120,0.0,0.0,0.6416666666666667,0.6416666666666667
CSP+LDA,delay-0.1,5,no_tocado,120,0,72,72,0,0,0,120,0.0,0.0,0.6,0.6
CSP+LDA,delay-0.1,6,no_tocado,120,0,76,76,0,0,0,120,0.0,0.0,0.6333333333333333,0.6333333333333333
CSP+LDA,delay-0.1,7,no_tocado,120,0,87,87,0,0,0,120,0.0,0.0,0.725,0.725
CSP+LDA,delay-0.1,8,no_tocado,120,0,113,113,0,0,0,120,0.0,0.0,0.9416666666666667,0.9416666666666667
CSP+LDA,delay-0.1,9,no_tocado,120,0,111,111,0,0,0,120,0.0,0.0,0.925,0.925
CSP+LDA,delay-0.25,1,no_tocado,120,0,101,101,0,0,0,120,0.0,0.0,0.8416666666666667,0.8416666666666667
CSP+LDA,delay-0.25,2,no_tocado,120,0,74,74,0,0,0,120,0.0,0.0,0.6166666666666667,0.6166666666666667
CSP+LDA,delay-0.25,3,no_tocado,120,0,109,109,0,0,0,120,0.0,0.0,0.9083333333333333,0.9083333333333333
CSP+LDA,delay-0.25,4,no_tocado,120,0,77,77,0,0,0,120,0.0,0.0,0.6416666666666667,0.6416666666666667
CSP+LDA,delay-0.25,5,no_tocado,120,0,72,72,0,0,0,120,0.0,0.0,0.6,0.6
CSP+LDA,delay-0.25,6,no_tocado,120,0,76,76,0,0,0,120,0.0,0.0,0.6333333333333333,0.6333333333333333
CSP+LDA,delay-0.25,7,no_tocado,120,0,87,87,0,0,0,120,0.0,0.0,0.725,0.725
CSP+LDA,delay-0.25,8,no_tocado,120,0,113,113,0,0,0,120,0.0,0.0,0.9416666666666667,0.9416666666666667
CSP+LDA,delay-0.25,9,no_tocado,120,0,111,111,0,0,0,120,0.0,0.0,0.925,0.925
CSP+LDA,disconnect-* (3),1,no_tocado,336,0,284,284,0,0,0,336,0.0,0.0,0.8452380952380952,0.8452380952380952
CSP+LDA,disconnect-* (3),1,tocado,24,4,15,19,4,0,2,22,2.0,0.16666666666666666,0.625,0.7916666666666666
CSP+LDA,disconnect-* (3),2,no_tocado,336,0,208,208,0,0,0,336,0.0,0.0,0.6190476190476191,0.6190476190476191
CSP+LDA,disconnect-* (3),2,tocado,24,6,15,14,2,3,1,23,5.0,0.25,0.625,0.5833333333333334
CSP+LDA,disconnect-* (3),3,no_tocado,342,0,311,311,0,0,0,342,0.0,0.0,0.9093567251461988,0.9093567251461988
CSP+LDA,disconnect-* (3),3,tocado,18,1,17,16,0,1,0,18,1.0,0.05555555555555555,0.9444444444444444,0.8888888888888888
CSP+LDA,disconnect-* (3),4,no_tocado,336,0,214,214,0,0,0,336,0.0,0.0,0.6369047619047619,0.6369047619047619
CSP+LDA,disconnect-* (3),4,tocado,24,6,16,17,3,2,2,22,4.0,0.25,0.6666666666666666,0.7083333333333334
CSP+LDA,disconnect-* (3),5,no_tocado,334,0,195,195,0,0,0,334,0.0,0.0,0.5838323353293413,0.5838323353293413
CSP+LDA,disconnect-* (3),5,tocado,26,4,19,21,3,1,0,26,4.0,0.15384615384615385,0.7307692307692307,0.8076923076923077
CSP+LDA,disconnect-* (3),6,no_tocado,329,0,206,206,0,0,0,329,0.0,0.0,0.6261398176291794,0.6261398176291794
CSP+LDA,disconnect-* (3),6,tocado,31,7,18,22,5,1,2,29,5.0,0.22580645161290322,0.5806451612903226,0.7096774193548387
CSP+LDA,disconnect-* (3),7,no_tocado,332,0,238,238,0,0,0,332,0.0,0.0,0.7168674698795181,0.7168674698795181
CSP+LDA,disconnect-* (3),7,tocado,28,4,25,23,1,3,0,28,4.0,0.14285714285714285,0.8928571428571429,0.8214285714285714
CSP+LDA,disconnect-* (3),8,no_tocado,333,0,314,314,0,0,0,333,0.0,0.0,0.9429429429429429,0.9429429429429429
CSP+LDA,disconnect-* (3),8,tocado,27,4,21,25,4,0,1,26,3.0,0.14814814814814814,0.7777777777777778,0.9259259259259259
CSP+LDA,disconnect-* (3),9,no_tocado,326,0,300,300,0,0,0,326,0.0,0.0,0.9202453987730062,0.9202453987730062
CSP+LDA,disconnect-* (3),9,tocado,34,5,28,33,5,0,1,33,4.0,0.14705882352941177,0.8235294117647058,0.9705882352941176
CSP+LDA,disconnect-0.5,1,no_tocado,114,0,96,96,0,0,0,114,0.0,0.0,0.8421052631578947,0.8421052631578947
CSP+LDA,disconnect-0.5,1,tocado,6,1,4,5,1,0,0,6,1.0,0.16666666666666666,0.6666666666666666,0.8333333333333334
CSP+LDA,disconnect-0.5,2,no_tocado,114,0,70,70,0,0,0,114,0.0,0.0,0.6140350877192983,0.6140350877192983
CSP+LDA,disconnect-0.5,2,tocado,6,1,5,4,0,1,0,6,1.0,0.16666666666666666,0.8333333333333334,0.6666666666666666
CSP+LDA,disconnect-0.5,3,no_tocado,117,0,107,107,0,0,0,117,0.0,0.0,0.9145299145299145,0.9145299145299145
CSP+LDA,disconnect-0.5,3,tocado,3,0,2,2,0,0,0,3,0.0,0.0,0.6666666666666666,0.6666666666666666
CSP+LDA,disconnect-0.5,4,no_tocado,111,0,71,71,0,0,0,111,0.0,0.0,0.6396396396396397,0.6396396396396397
CSP+LDA,disconnect-0.5,4,tocado,9,2,6,6,1,1,0,9,2.0,0.2222222222222222,0.6666666666666666,0.6666666666666666
CSP+LDA,disconnect-0.5,5,no_tocado,111,0,65,65,0,0,0,111,0.0,0.0,0.5855855855855856,0.5855855855855856
CSP+LDA,disconnect-0.5,5,tocado,9,1,6,7,1,0,0,9,1.0,0.1111111111111111,0.6666666666666666,0.7777777777777778
CSP+LDA,disconnect-0.5,6,no_tocado,111,0,69,69,0,0,0,111,0.0,0.0,0.6216216216216216,0.6216216216216216
CSP+LDA,disconnect-0.5,6,tocado,9,0,7,7,0,0,0,9,0.0,0.0,0.7777777777777778,0.7777777777777778
CSP+LDA,disconnect-0.5,7,no_tocado,107,0,76,76,0,0,0,107,0.0,0.0,0.7102803738317757,0.7102803738317757
CSP+LDA,disconnect-0.5,7,tocado,13,0,11,11,0,0,0,13,0.0,0.0,0.8461538461538461,0.8461538461538461
CSP+LDA,disconnect-0.5,8,no_tocado,110,0,104,104,0,0,0,110,0.0,0.0,0.9454545454545454,0.9454545454545454
CSP+LDA,disconnect-0.5,8,tocado,10,0,9,9,0,0,0,10,0.0,0.0,0.9,0.9
CSP+LDA,disconnect-0.5,9,no_tocado,110,0,102,102,0,0,0,110,0.0,0.0,0.9272727272727272,0.9272727272727272
CSP+LDA,disconnect-0.5,9,tocado,10,1,8,9,1,0,0,10,1.0,0.1,0.8,0.9
CSP+LDA,disconnect-1,1,no_tocado,111,0,92,92,0,0,0,111,0.0,0.0,0.8288288288288288,0.8288288288288288
CSP+LDA,disconnect-1,1,tocado,9,0,9,9,0,0,0,9,0.0,0.0,1.0,1.0
CSP+LDA,disconnect-1,2,no_tocado,113,0,71,71,0,0,0,113,0.0,0.0,0.6283185840707964,0.6283185840707964
CSP+LDA,disconnect-1,2,tocado,7,2,3,3,1,1,0,7,2.0,0.2857142857142857,0.42857142857142855,0.42857142857142855
CSP+LDA,disconnect-1,3,no_tocado,111,0,101,101,0,0,0,111,0.0,0.0,0.9099099099099099,0.9099099099099099
CSP+LDA,disconnect-1,3,tocado,9,1,9,8,0,1,0,9,1.0,0.1111111111111111,1.0,0.8888888888888888
CSP+LDA,disconnect-1,4,no_tocado,114,0,72,72,0,0,0,114,0.0,0.0,0.631578947368421,0.631578947368421
CSP+LDA,disconnect-1,4,tocado,6,0,5,5,0,0,0,6,0.0,0.0,0.8333333333333334,0.8333333333333334
CSP+LDA,disconnect-1,5,no_tocado,113,0,66,66,0,0,0,113,0.0,0.0,0.584070796460177,0.584070796460177
CSP+LDA,disconnect-1,5,tocado,7,1,5,6,1,0,0,7,1.0,0.14285714285714285,0.7142857142857143,0.8571428571428571
CSP+LDA,disconnect-1,6,no_tocado,110,0,69,69,0,0,0,110,0.0,0.0,0.6272727272727273,0.6272727272727273
CSP+LDA,disconnect-1,6,tocado,10,1,8,7,0,1,0,10,1.0,0.1,0.8,0.7
CSP+LDA,disconnect-1,7,no_tocado,117,0,84,84,0,0,0,117,0.0,0.0,0.717948717948718,0.717948717948718
CSP+LDA,disconnect-1,7,tocado,3,1,2,3,1,0,0,3,1.0,0.3333333333333333,0.6666666666666666,1.0
CSP+LDA,disconnect-1,8,no_tocado,113,0,107,107,0,0,0,113,0.0,0.0,0.9469026548672567,0.9469026548672567
CSP+LDA,disconnect-1,8,tocado,7,1,5,6,1,0,0,7,1.0,0.14285714285714285,0.7142857142857143,0.8571428571428571
CSP+LDA,disconnect-1,9,no_tocado,111,0,102,102,0,0,0,111,0.0,0.0,0.918918918918919,0.918918918918919
CSP+LDA,disconnect-1,9,tocado,9,0,9,9,0,0,0,9,0.0,0.0,1.0,1.0
CSP+LDA,disconnect-3,1,no_tocado,111,0,96,96,0,0,0,111,0.0,0.0,0.8648648648648649,0.8648648648648649
CSP+LDA,disconnect-3,1,tocado,9,3,2,5,3,0,2,7,1.0,0.3333333333333333,0.2222222222222222,0.5555555555555556
CSP+LDA,disconnect-3,2,no_tocado,109,0,67,67,0,0,0,109,0.0,0.0,0.6146788990825688,0.6146788990825688
CSP+LDA,disconnect-3,2,tocado,11,3,7,7,1,1,1,10,2.0,0.2727272727272727,0.6363636363636364,0.6363636363636364
CSP+LDA,disconnect-3,3,no_tocado,114,0,103,103,0,0,0,114,0.0,0.0,0.9035087719298246,0.9035087719298246
CSP+LDA,disconnect-3,3,tocado,6,0,6,6,0,0,0,6,0.0,0.0,1.0,1.0
CSP+LDA,disconnect-3,4,no_tocado,111,0,71,71,0,0,0,111,0.0,0.0,0.6396396396396397,0.6396396396396397
CSP+LDA,disconnect-3,4,tocado,9,4,5,6,2,1,2,7,2.0,0.4444444444444444,0.5555555555555556,0.6666666666666666
CSP+LDA,disconnect-3,5,no_tocado,110,0,64,64,0,0,0,110,0.0,0.0,0.5818181818181818,0.5818181818181818
CSP+LDA,disconnect-3,5,tocado,10,2,8,8,1,1,0,10,2.0,0.2,0.8,0.8
CSP+LDA,disconnect-3,6,no_tocado,108,0,68,68,0,0,0,108,0.0,0.0,0.6296296296296297,0.6296296296296297
CSP+LDA,disconnect-3,6,tocado,12,6,3,8,5,0,2,10,4.0,0.5,0.25,0.6666666666666666
CSP+LDA,disconnect-3,7,no_tocado,108,0,78,78,0,0,0,108,0.0,0.0,0.7222222222222222,0.7222222222222222
CSP+LDA,disconnect-3,7,tocado,12,3,12,9,0,3,0,12,3.0,0.25,1.0,0.75
CSP+LDA,disconnect-3,8,no_tocado,110,0,103,103,0,0,0,110,0.0,0.0,0.9363636363636364,0.9363636363636364
CSP+LDA,disconnect-3,8,tocado,10,3,7,10,3,0,1,9,2.0,0.3,0.7,1.0
CSP+LDA,disconnect-3,9,no_tocado,105,0,96,96,0,0,0,105,0.0,0.0,0.9142857142857143,0.9142857142857143
CSP+LDA,disconnect-3,9,tocado,15,4,11,15,4,0,1,14,3.0,0.26666666666666666,0.7333333333333333,1.0
CSP+LDA,disconnect_trial-* (3),1,tocado,360,62,299,303,33,29,0,360,62.0,0.17222222222222222,0.8305555555555556,0.8416666666666667
CSP+LDA,disconnect_trial-* (3),2,tocado,360,86,194,222,57,29,0,360,86.0,0.2388888888888889,0.5388888888888889,0.6166666666666667
CSP+LDA,disconnect_trial-* (3),3,tocado,360,24,317,327,17,7,0,360,24.0,0.06666666666666667,0.8805555555555555,0.9083333333333333
CSP+LDA,disconnect_trial-* (3),4,tocado,360,54,215,231,35,19,0,360,54.0,0.15,0.5972222222222222,0.6416666666666667
CSP+LDA,disconnect_trial-* (3),5,tocado,360,60,186,216,45,15,0,360,60.0,0.16666666666666666,0.5166666666666667,0.6
CSP+LDA,disconnect_trial-* (3),6,tocado,360,42,218,228,26,16,0,360,42.0,0.11666666666666667,0.6055555555555555,0.6333333333333333
CSP+LDA,disconnect_trial-* (3),7,tocado,360,54,255,261,30,24,0,360,54.0,0.15,0.7083333333333334,0.725
CSP+LDA,disconnect_trial-* (3),8,tocado,360,41,312,339,34,7,0,360,41.0,0.11388888888888889,0.8666666666666667,0.9416666666666667
CSP+LDA,disconnect_trial-* (3),9,tocado,360,59,290,333,51,8,0,360,59.0,0.1638888888888889,0.8055555555555556,0.925
CSP+LDA,disconnect_trial-0.5,1,tocado,120,19,102,101,9,10,0,120,19.0,0.15833333333333333,0.85,0.8416666666666667
CSP+LDA,disconnect_trial-0.5,2,tocado,120,26,62,74,19,7,0,120,26.0,0.21666666666666667,0.5166666666666667,0.6166666666666667
CSP+LDA,disconnect_trial-0.5,3,tocado,120,7,106,109,5,2,0,120,7.0,0.058333333333333334,0.8833333333333333,0.9083333333333333
CSP+LDA,disconnect_trial-0.5,4,tocado,120,13,74,77,8,5,0,120,13.0,0.10833333333333334,0.6166666666666667,0.6416666666666667
CSP+LDA,disconnect_trial-0.5,5,tocado,120,17,65,72,12,5,0,120,17.0,0.14166666666666666,0.5416666666666666,0.6
CSP+LDA,disconnect_trial-0.5,6,tocado,120,11,75,76,6,5,0,120,11.0,0.09166666666666666,0.625,0.6333333333333333
CSP+LDA,disconnect_trial-0.5,7,tocado,120,13,88,87,6,7,0,120,13.0,0.10833333333333334,0.7333333333333333,0.725
CSP+LDA,disconnect_trial-0.5,8,tocado,120,9,108,113,7,2,0,120,9.0,0.075,0.9,0.9416666666666667
CSP+LDA,disconnect_trial-0.5,9,tocado,120,16,101,111,13,3,0,120,16.0,0.13333333333333333,0.8416666666666667,0.925
CSP+LDA,disconnect_trial-1,1,tocado,120,19,102,101,9,10,0,120,19.0,0.15833333333333333,0.85,0.8416666666666667
CSP+LDA,disconnect_trial-1,2,tocado,120,26,62,74,19,7,0,120,26.0,0.21666666666666667,0.5166666666666667,0.6166666666666667
CSP+LDA,disconnect_trial-1,3,tocado,120,7,106,109,5,2,0,120,7.0,0.058333333333333334,0.8833333333333333,0.9083333333333333
CSP+LDA,disconnect_trial-1,4,tocado,120,13,74,77,8,5,0,120,13.0,0.10833333333333334,0.6166666666666667,0.6416666666666667
CSP+LDA,disconnect_trial-1,5,tocado,120,17,65,72,12,5,0,120,17.0,0.14166666666666666,0.5416666666666666,0.6
CSP+LDA,disconnect_trial-1,6,tocado,120,11,75,76,6,5,0,120,11.0,0.09166666666666666,0.625,0.6333333333333333
CSP+LDA,disconnect_trial-1,7,tocado,120,13,88,87,6,7,0,120,13.0,0.10833333333333334,0.7333333333333333,0.725
CSP+LDA,disconnect_trial-1,8,tocado,120,9,108,113,7,2,0,120,9.0,0.075,0.9,0.9416666666666667
CSP+LDA,disconnect_trial-1,9,tocado,120,16,101,111,13,3,0,120,16.0,0.13333333333333333,0.8416666666666667,0.925
CSP+LDA,disconnect_trial-2,1,tocado,120,24,95,101,15,9,0,120,24.0,0.2,0.7916666666666666,0.8416666666666667
CSP+LDA,disconnect_trial-2,2,tocado,120,34,70,74,19,15,0,120,34.0,0.2833333333333333,0.5833333333333334,0.6166666666666667
CSP+LDA,disconnect_trial-2,3,tocado,120,10,105,109,7,3,0,120,10.0,0.08333333333333333,0.875,0.9083333333333333
CSP+LDA,disconnect_trial-2,4,tocado,120,28,67,77,19,9,0,120,28.0,0.23333333333333334,0.5583333333333333,0.6416666666666667
CSP+LDA,disconnect_trial-2,5,tocado,120,26,56,72,21,5,0,120,26.0,0.21666666666666667,0.4666666666666667,0.6
CSP+LDA,disconnect_trial-2,6,tocado,120,20,68,76,14,6,0,120,20.0,0.16666666666666666,0.5666666666666667,0.6333333333333333
CSP+LDA,disconnect_trial-2,7,tocado,120,28,79,87,18,10,0,120,28.0,0.23333333333333334,0.6583333333333333,0.725
CSP+LDA,disconnect_trial-2,8,tocado,120,23,96,113,20,3,0,120,23.0,0.19166666666666668,0.8,0.9416666666666667
CSP+LDA,disconnect_trial-2,9,tocado,120,27,88,111,25,2,0,120,27.0,0.225,0.7333333333333333,0.925
CSP+LDA,jitter-*+delay-* (6),1,no_tocado,720,0,606,606,0,0,0,720,0.0,0.0,0.8416666666666667,0.8416666666666667
CSP+LDA,jitter-*+delay-* (6),2,no_tocado,720,0,444,444,0,0,0,720,0.0,0.0,0.6166666666666667,0.6166666666666667
CSP+LDA,jitter-*+delay-* (6),3,no_tocado,720,0,654,654,0,0,0,720,0.0,0.0,0.9083333333333333,0.9083333333333333
CSP+LDA,jitter-*+delay-* (6),4,no_tocado,720,0,462,462,0,0,0,720,0.0,0.0,0.6416666666666667,0.6416666666666667
CSP+LDA,jitter-*+delay-* (6),5,no_tocado,720,0,432,432,0,0,0,720,0.0,0.0,0.6,0.6
CSP+LDA,jitter-*+delay-* (6),6,no_tocado,720,0,456,456,0,0,0,720,0.0,0.0,0.6333333333333333,0.6333333333333333
CSP+LDA,jitter-*+delay-* (6),7,no_tocado,720,0,522,522,0,0,0,720,0.0,0.0,0.725,0.725
CSP+LDA,jitter-*+delay-* (6),8,no_tocado,720,0,678,678,0,0,0,720,0.0,0.0,0.9416666666666667,0.9416666666666667
CSP+LDA,jitter-*+delay-* (6),9,no_tocado,720,0,666,666,0,0,0,720,0.0,0.0,0.925,0.925
CSP+LDA,jitter-0.01,1,no_tocado,120,0,101,101,0,0,0,120,0.0,0.0,0.8416666666666667,0.8416666666666667
CSP+LDA,jitter-0.01,2,no_tocado,120,0,74,74,0,0,0,120,0.0,0.0,0.6166666666666667,0.6166666666666667
CSP+LDA,jitter-0.01,3,no_tocado,120,0,109,109,0,0,0,120,0.0,0.0,0.9083333333333333,0.9083333333333333
CSP+LDA,jitter-0.01,4,no_tocado,120,0,77,77,0,0,0,120,0.0,0.0,0.6416666666666667,0.6416666666666667
CSP+LDA,jitter-0.01,5,no_tocado,120,0,72,72,0,0,0,120,0.0,0.0,0.6,0.6
CSP+LDA,jitter-0.01,6,no_tocado,120,0,76,76,0,0,0,120,0.0,0.0,0.6333333333333333,0.6333333333333333
CSP+LDA,jitter-0.01,7,no_tocado,120,0,87,87,0,0,0,120,0.0,0.0,0.725,0.725
CSP+LDA,jitter-0.01,8,no_tocado,120,0,113,113,0,0,0,120,0.0,0.0,0.9416666666666667,0.9416666666666667
CSP+LDA,jitter-0.01,9,no_tocado,120,0,111,111,0,0,0,120,0.0,0.0,0.925,0.925
CSP+LDA,jitter-0.05,1,no_tocado,120,0,101,101,0,0,0,120,0.0,0.0,0.8416666666666667,0.8416666666666667
CSP+LDA,jitter-0.05,2,no_tocado,120,0,74,74,0,0,0,120,0.0,0.0,0.6166666666666667,0.6166666666666667
CSP+LDA,jitter-0.05,3,no_tocado,120,0,109,109,0,0,0,120,0.0,0.0,0.9083333333333333,0.9083333333333333
CSP+LDA,jitter-0.05,4,no_tocado,120,0,77,77,0,0,0,120,0.0,0.0,0.6416666666666667,0.6416666666666667
CSP+LDA,jitter-0.05,5,no_tocado,120,0,72,72,0,0,0,120,0.0,0.0,0.6,0.6
CSP+LDA,jitter-0.05,6,no_tocado,120,0,76,76,0,0,0,120,0.0,0.0,0.6333333333333333,0.6333333333333333
CSP+LDA,jitter-0.05,7,no_tocado,120,0,87,87,0,0,0,120,0.0,0.0,0.725,0.725
CSP+LDA,jitter-0.05,8,no_tocado,120,0,113,113,0,0,0,120,0.0,0.0,0.9416666666666667,0.9416666666666667
CSP+LDA,jitter-0.05,9,no_tocado,120,0,111,111,0,0,0,120,0.0,0.0,0.925,0.925
CSP+LDA,jitter-0.1,1,no_tocado,120,0,101,101,0,0,0,120,0.0,0.0,0.8416666666666667,0.8416666666666667
CSP+LDA,jitter-0.1,2,no_tocado,120,0,74,74,0,0,0,120,0.0,0.0,0.6166666666666667,0.6166666666666667
CSP+LDA,jitter-0.1,3,no_tocado,120,0,109,109,0,0,0,120,0.0,0.0,0.9083333333333333,0.9083333333333333
CSP+LDA,jitter-0.1,4,no_tocado,120,0,77,77,0,0,0,120,0.0,0.0,0.6416666666666667,0.6416666666666667
CSP+LDA,jitter-0.1,5,no_tocado,120,0,72,72,0,0,0,120,0.0,0.0,0.6,0.6
CSP+LDA,jitter-0.1,6,no_tocado,120,0,76,76,0,0,0,120,0.0,0.0,0.6333333333333333,0.6333333333333333
CSP+LDA,jitter-0.1,7,no_tocado,120,0,87,87,0,0,0,120,0.0,0.0,0.725,0.725
CSP+LDA,jitter-0.1,8,no_tocado,120,0,113,113,0,0,0,120,0.0,0.0,0.9416666666666667,0.9416666666666667
CSP+LDA,jitter-0.1,9,no_tocado,120,0,111,111,0,0,0,120,0.0,0.0,0.925,0.925
CSP+LDA,loss-* (3),1,tocado,360,7,296,303,7,0,0,360,7.0,0.019444444444444445,0.8222222222222222,0.8416666666666667
CSP+LDA,loss-* (3),2,tocado,360,29,229,222,11,18,0,360,29.0,0.08055555555555556,0.6361111111111111,0.6166666666666667
CSP+LDA,loss-* (3),3,tocado,360,2,325,327,2,0,0,360,2.0,0.005555555555555556,0.9027777777777778,0.9083333333333333
CSP+LDA,loss-* (3),4,tocado,360,7,230,231,4,3,0,360,7.0,0.019444444444444445,0.6388888888888888,0.6416666666666667
CSP+LDA,loss-* (3),5,tocado,360,65,189,216,46,19,0,360,65.0,0.18055555555555555,0.525,0.6
CSP+LDA,loss-* (3),6,tocado,360,11,225,228,7,4,0,360,11.0,0.030555555555555555,0.625,0.6333333333333333
CSP+LDA,loss-* (3),7,tocado,360,3,262,261,1,2,0,360,3.0,0.008333333333333333,0.7277777777777777,0.725
CSP+LDA,loss-* (3),8,tocado,360,7,340,339,3,4,0,360,7.0,0.019444444444444445,0.9444444444444444,0.9416666666666667
CSP+LDA,loss-* (3),9,tocado,360,9,334,333,4,5,0,360,9.0,0.025,0.9277777777777778,0.925
CSP+LDA,loss-random-0.01,1,tocado,120,1,100,101,1,0,0,120,1.0,0.008333333333333333,0.8333333333333334,0.8416666666666667
CSP+LDA,loss-random-0.01,2,tocado,120,5,73,74,3,2,0,120,5.0,0.041666666666666664,0.6083333333333333,0.6166666666666667
CSP+LDA,loss-random-0.01,3,tocado,120,0,109,109,0,0,0,120,0.0,0.0,0.9083333333333333,0.9083333333333333
CSP+LDA,loss-random-0.01,4,tocado,120,0,77,77,0,0,0,120,0.0,0.0,0.6416666666666667,0.6416666666666667
CSP+LDA,loss-random-0.01,5,tocado,120,13,69,72,8,5,0,120,13.0,0.10833333333333334,0.575,0.6
CSP+LDA,loss-random-0.01,6,tocado,120,0,76,76,0,0,0,120,0.0,0.0,0.6333333333333333,0.6333333333333333
CSP+LDA,loss-random-0.01,7,tocado,120,0,87,87,0,0,0,120,0.0,0.0,0.725,0.725
CSP+LDA,loss-random-0.01,8,tocado,120,1,114,113,0,1,0,120,1.0,0.008333333333333333,0.95,0.9416666666666667
CSP+LDA,loss-random-0.01,9,tocado,120,0,111,111,0,0,0,120,0.0,0.0,0.925,0.925
CSP+LDA,loss-random-0.05,1,tocado,120,2,99,101,2,0,0,120,2.0,0.016666666666666666,0.825,0.8416666666666667
CSP+LDA,loss-random-0.05,2,tocado,120,12,78,74,4,8,0,120,12.0,0.1,0.65,0.6166666666666667
CSP+LDA,loss-random-0.05,3,tocado,120,0,109,109,0,0,0,120,0.0,0.0,0.9083333333333333,0.9083333333333333
CSP+LDA,loss-random-0.05,4,tocado,120,2,75,77,2,0,0,120,2.0,0.016666666666666666,0.625,0.6416666666666667
CSP+LDA,loss-random-0.05,5,tocado,120,26,60,72,19,7,0,120,26.0,0.21666666666666667,0.5,0.6
CSP+LDA,loss-random-0.05,6,tocado,120,5,75,76,3,2,0,120,5.0,0.041666666666666664,0.625,0.6333333333333333
CSP+LDA,loss-random-0.05,7,tocado,120,1,88,87,0,1,0,120,1.0,0.008333333333333333,0.7333333333333333,0.725
CSP+LDA,loss-random-0.05,8,tocado,120,3,112,113,2,1,0,120,3.0,0.025,0.9333333333333333,0.9416666666666667
CSP+LDA,loss-random-0.05,9,tocado,120,4,111,111,2,2,0,120,4.0,0.03333333333333333,0.925,0.925
CSP+LDA,loss-random-0.1,1,tocado,120,4,97,101,4,0,0,120,4.0,0.03333333333333333,0.8083333333333333,0.8416666666666667
CSP+LDA,loss-random-0.1,2,tocado,120,12,78,74,4,8,0,120,12.0,0.1,0.65,0.6166666666666667
CSP+LDA,loss-random-0.1,3,tocado,120,2,107,109,2,0,0,120,2.0,0.016666666666666666,0.8916666666666667,0.9083333333333333
CSP+LDA,loss-random-0.1,4,tocado,120,5,78,77,2,3,0,120,5.0,0.041666666666666664,0.65,0.6416666666666667
CSP+LDA,loss-random-0.1,5,tocado,120,26,60,72,19,7,0,120,26.0,0.21666666666666667,0.5,0.6
CSP+LDA,loss-random-0.1,6,tocado,120,6,74,76,4,2,0,120,6.0,0.05,0.6166666666666667,0.6333333333333333
CSP+LDA,loss-random-0.1,7,tocado,120,2,87,87,1,1,0,120,2.0,0.016666666666666666,0.725,0.725
CSP+LDA,loss-random-0.1,8,tocado,120,3,114,113,1,2,0,120,3.0,0.025,0.95,0.9416666666666667
CSP+LDA,loss-random-0.1,9,tocado,120,5,112,111,2,3,0,120,5.0,0.041666666666666664,0.9333333333333333,0.925
EEGNet,burst_trial-* (3),1,tocado,360,44,302,318,30,14,0,360,44.0,0.12222222222222222,0.8388888888888889,0.8833333333333333
EEGNet,burst_trial-* (3),2,tocado,360,67,172,177,36,31,0,360,67.0,0.18611111111111112,0.4777777777777778,0.49166666666666664
EEGNet,burst_trial-* (3),3,tocado,360,26,330,342,19,7,0,360,26.0,0.07222222222222222,0.9166666666666666,0.95
EEGNet,burst_trial-* (3),4,tocado,360,44,249,267,31,13,0,360,44.0,0.12222222222222222,0.6916666666666667,0.7416666666666667
EEGNet,burst_trial-* (3),5,tocado,360,101,211,210,50,51,0,360,101.0,0.28055555555555556,0.5861111111111111,0.5833333333333334
EEGNet,burst_trial-* (3),6,tocado,360,65,229,252,44,21,0,360,65.0,0.18055555555555555,0.6361111111111111,0.7
EEGNet,burst_trial-* (3),7,tocado,360,84,245,267,53,31,0,360,84.0,0.23333333333333334,0.6805555555555556,0.7416666666666667
EEGNet,burst_trial-* (3),8,tocado,360,31,317,342,28,3,0,360,31.0,0.08611111111111111,0.8805555555555555,0.95
EEGNet,burst_trial-* (3),9,tocado,360,47,312,333,34,13,0,360,47.0,0.13055555555555556,0.8666666666666667,0.925
EEGNet,burst_trial-0.1,1,tocado,120,6,104,106,4,2,0,120,6.0,0.05,0.8666666666666667,0.8833333333333333
EEGNet,burst_trial-0.1,2,tocado,120,14,55,59,9,5,0,120,14.0,0.11666666666666667,0.4583333333333333,0.49166666666666664
EEGNet,burst_trial-0.1,3,tocado,120,6,112,114,4,2,0,120,6.0,0.05,0.9333333333333333,0.95
EEGNet,burst_trial-0.1,4,tocado,120,6,87,89,4,2,0,120,6.0,0.05,0.725,0.7416666666666667
EEGNet,burst_trial-0.1,5,tocado,120,23,71,70,11,12,0,120,23.0,0.19166666666666668,0.5916666666666667,0.5833333333333334
EEGNet,burst_trial-0.1,6,tocado,120,10,80,84,7,3,0,120,10.0,0.08333333333333333,0.6666666666666666,0.7
EEGNet,burst_trial-0.1,7,tocado,120,12,89,89,6,6,0,120,12.0,0.1,0.7416666666666667,0.7416666666666667
EEGNet,burst_trial-0.1,8,tocado,120,3,111,114,3,0,0,120,3.0,0.025,0.925,0.95
EEGNet,burst_trial-0.1,9,tocado,120,5,110,111,3,2,0,120,5.0,0.041666666666666664,0.9166666666666666,0.925
EEGNet,burst_trial-0.25,1,tocado,120,16,104,106,9,7,0,120,16.0,0.13333333333333333,0.8666666666666667,0.8833333333333333
EEGNet,burst_trial-0.25,2,tocado,120,20,57,59,11,9,0,120,20.0,0.16666666666666666,0.475,0.49166666666666664
EEGNet,burst_trial-0.25,3,tocado,120,7,111,114,5,2,0,120,7.0,0.058333333333333334,0.925,0.95
EEGNet,burst_trial-0.25,4,tocado,120,13,84,89,9,4,0,120,13.0,0.10833333333333334,0.7,0.7416666666666667
EEGNet,burst_trial-0.25,5,tocado,120,34,72,70,16,18,0,120,34.0,0.2833333333333333,0.6,0.5833333333333334
EEGNet,burst_trial-0.25,6,tocado,120,20,80,84,12,8,0,120,20.0,0.16666666666666666,0.6666666666666666,0.7
EEGNet,burst_trial-0.25,7,tocado,120,30,73,89,23,7,0,120,30.0,0.25,0.6083333333333333,0.7416666666666667
EEGNet,burst_trial-0.25,8,tocado,120,12,104,114,11,1,0,120,12.0,0.1,0.8666666666666667,0.95
EEGNet,burst_trial-0.25,9,tocado,120,11,108,111,7,4,0,120,11.0,0.09166666666666666,0.9,0.925
EEGNet,burst_trial-0.4,1,tocado,120,22,94,106,17,5,0,120,22.0,0.18333333333333332,0.7833333333333333,0.8833333333333333
EEGNet,burst_trial-0.4,2,tocado,120,33,60,59,16,17,0,120,33.0,0.275,0.5,0.49166666666666664
EEGNet,burst_trial-0.4,3,tocado,120,13,107,114,10,3,0,120,13.0,0.10833333333333334,0.8916666666666667,0.95
EEGNet,burst_trial-0.4,4,tocado,120,25,78,89,18,7,0,120,25.0,0.20833333333333334,0.65,0.7416666666666667
EEGNet,burst_trial-0.4,5,tocado,120,44,68,70,23,21,0,120,44.0,0.36666666666666664,0.5666666666666667,0.5833333333333334
EEGNet,burst_trial-0.4,6,tocado,120,35,69,84,25,10,0,120,35.0,0.2916666666666667,0.575,0.7
EEGNet,burst_trial-0.4,7,tocado,120,42,83,89,24,18,0,120,42.0,0.35,0.6916666666666667,0.7416666666666667
EEGNet,burst_trial-0.4,8,tocado,120,16,102,114,14,2,0,120,16.0,0.13333333333333333,0.85,0.95
EEGNet,burst_trial-0.4,9,tocado,120,31,94,111,24,7,0,120,31.0,0.25833333333333336,0.7833333333333333,0.925
EEGNet,delay-0.05,1,no_tocado,120,0,106,106,0,0,0,120,0.0,0.0,0.8833333333333333,0.8833333333333333
EEGNet,delay-0.05,2,no_tocado,120,0,59,59,0,0,0,120,0.0,0.0,0.49166666666666664,0.49166666666666664
EEGNet,delay-0.05,3,no_tocado,120,0,114,114,0,0,0,120,0.0,0.0,0.95,0.95
EEGNet,delay-0.05,4,no_tocado,120,0,89,89,0,0,0,120,0.0,0.0,0.7416666666666667,0.7416666666666667
EEGNet,delay-0.05,5,no_tocado,120,0,70,70,0,0,0,120,0.0,0.0,0.5833333333333334,0.5833333333333334
EEGNet,delay-0.05,6,no_tocado,120,0,84,84,0,0,0,120,0.0,0.0,0.7,0.7
EEGNet,delay-0.05,7,no_tocado,120,0,89,89,0,0,0,120,0.0,0.0,0.7416666666666667,0.7416666666666667
EEGNet,delay-0.05,8,no_tocado,120,0,114,114,0,0,0,120,0.0,0.0,0.95,0.95
EEGNet,delay-0.05,9,no_tocado,120,0,111,111,0,0,0,120,0.0,0.0,0.925,0.925
EEGNet,delay-0.1,1,no_tocado,120,0,106,106,0,0,0,120,0.0,0.0,0.8833333333333333,0.8833333333333333
EEGNet,delay-0.1,2,no_tocado,120,0,59,59,0,0,0,120,0.0,0.0,0.49166666666666664,0.49166666666666664
EEGNet,delay-0.1,3,no_tocado,120,0,114,114,0,0,0,120,0.0,0.0,0.95,0.95
EEGNet,delay-0.1,4,no_tocado,120,0,89,89,0,0,0,120,0.0,0.0,0.7416666666666667,0.7416666666666667
EEGNet,delay-0.1,5,no_tocado,120,0,70,70,0,0,0,120,0.0,0.0,0.5833333333333334,0.5833333333333334
EEGNet,delay-0.1,6,no_tocado,120,0,84,84,0,0,0,120,0.0,0.0,0.7,0.7
EEGNet,delay-0.1,7,no_tocado,120,0,89,89,0,0,0,120,0.0,0.0,0.7416666666666667,0.7416666666666667
EEGNet,delay-0.1,8,no_tocado,120,0,114,114,0,0,0,120,0.0,0.0,0.95,0.95
EEGNet,delay-0.1,9,no_tocado,120,0,111,111,0,0,0,120,0.0,0.0,0.925,0.925
EEGNet,delay-0.25,1,no_tocado,120,0,106,106,0,0,0,120,0.0,0.0,0.8833333333333333,0.8833333333333333
EEGNet,delay-0.25,2,no_tocado,120,0,59,59,0,0,0,120,0.0,0.0,0.49166666666666664,0.49166666666666664
EEGNet,delay-0.25,3,no_tocado,120,0,114,114,0,0,0,120,0.0,0.0,0.95,0.95
EEGNet,delay-0.25,4,no_tocado,120,0,89,89,0,0,0,120,0.0,0.0,0.7416666666666667,0.7416666666666667
EEGNet,delay-0.25,5,no_tocado,120,0,70,70,0,0,0,120,0.0,0.0,0.5833333333333334,0.5833333333333334
EEGNet,delay-0.25,6,no_tocado,120,0,84,84,0,0,0,120,0.0,0.0,0.7,0.7
EEGNet,delay-0.25,7,no_tocado,120,0,89,89,0,0,0,120,0.0,0.0,0.7416666666666667,0.7416666666666667
EEGNet,delay-0.25,8,no_tocado,120,0,114,114,0,0,0,120,0.0,0.0,0.95,0.95
EEGNet,delay-0.25,9,no_tocado,120,0,111,111,0,0,0,120,0.0,0.0,0.925,0.925
EEGNet,disconnect-* (3),1,no_tocado,336,0,297,297,0,0,0,336,0.0,0.0,0.8839285714285714,0.8839285714285714
EEGNet,disconnect-* (3),1,tocado,24,6,17,21,5,1,2,22,4.0,0.25,0.7083333333333334,0.875
EEGNet,disconnect-* (3),2,no_tocado,336,0,164,164,0,0,0,336,0.0,0.0,0.4880952380952381,0.4880952380952381
EEGNet,disconnect-* (3),2,tocado,24,6,13,13,3,3,1,23,5.0,0.25,0.5416666666666666,0.5416666666666666
EEGNet,disconnect-* (3),3,no_tocado,342,0,325,325,0,0,0,342,0.0,0.0,0.9502923976608187,0.9502923976608187
EEGNet,disconnect-* (3),3,tocado,18,2,17,17,1,1,0,18,2.0,0.1111111111111111,0.9444444444444444,0.9444444444444444
EEGNet,disconnect-* (3),4,no_tocado,336,0,249,249,0,0,0,336,0.0,0.0,0.7410714285714286,0.7410714285714286
EEGNet,disconnect-* (3),4,tocado,24,6,16,18,4,2,2,22,4.0,0.25,0.6666666666666666,0.75
EEGNet,disconnect-* (3),5,no_tocado,334,0,196,196,0,0,0,334,0.0,0.0,0.5868263473053892,0.5868263473053892
EEGNet,disconnect-* (3),5,tocado,26,6,14,14,3,3,0,26,6.0,0.23076923076923078,0.5384615384615384,0.5384615384615384
EEGNet,disconnect-* (3),6,no_tocado,329,0,231,231,0,0,0,329,0.0,0.0,0.7021276595744681,0.7021276595744681
EEGNet,disconnect-* (3),6,tocado,31,7,18,21,5,2,2,29,5.0,0.22580645161290322,0.5806451612903226,0.6774193548387096
EEGNet,disconnect-* (3),7,no_tocado,332,0,247,247,0,0,0,332,0.0,0.0,0.7439759036144579,0.7439759036144579
EEGNet,disconnect-* (3),7,tocado,28,10,16,20,7,3,0,28,10.0,0.35714285714285715,0.5714285714285714,0.7142857142857143
EEGNet,disconnect-* (3),8,no_tocado,333,0,316,316,0,0,0,333,0.0,0.0,0.948948948948949,0.948948948948949
EEGNet,disconnect-* (3),8,tocado,27,5,21,26,5,0,1,26,4.0,0.18518518518518517,0.7777777777777778,0.9629629629629629
EEGNet,disconnect-* (3),9,no_tocado,326,0,302,302,0,0,0,326,0.0,0.0,0.9263803680981595,0.9263803680981595
EEGNet,disconnect-* (3),9,tocado,34,7,26,31,6,1,1,33,6.0,0.20588235294117646,0.7647058823529411,0.9117647058823529
EEGNet,disconnect-0.5,1,no_tocado,114,0,102,102,0,0,0,114,0.0,0.0,0.8947368421052632,0.8947368421052632
EEGNet,disconnect-0.5,1,tocado,6,1,5,4,0,1,0,6,1.0,0.16666666666666666,0.8333333333333334,0.6666666666666666
EEGNet,disconnect-0.5,2,no_tocado,114,0,55,55,0,0,0,114,0.0,0.0,0.4824561403508772,0.4824561403508772
EEGNet,disconnect-0.5,2,tocado,6,2,4,4,1,1,0,6,2.0,0.3333333333333333,0.6666666666666666,0.6666666666666666
EEGNet,disconnect-0.5,3,no_tocado,117,0,112,112,0,0,0,117,0.0,0.0,0.9572649572649573,0.9572649572649573
EEGNet,disconnect-0.5,3,tocado,3,1,3,2,0,1,0,3,1.0,0.3333333333333333,1.0,0.6666666666666666
EEGNet,disconnect-0.5,4,no_tocado,111,0,83,83,0,0,0,111,0.0,0.0,0.7477477477477478,0.7477477477477478
EEGNet,disconnect-0.5,4,tocado,9,2,6,6,1,1,0,9,2.0,0.2222222222222222,0.6666666666666666,0.6666666666666666
EEGNet,disconnect-0.5,5,no_tocado,111,0,66,66,0,0,0,111,0.0,0.0,0.5945945945945946,0.5945945945945946
EEGNet,disconnect-0.5,5,tocado,9,3,5,4,1,2,0,9,3.0,0.3333333333333333,0.5555555555555556,0.4444444444444444
EEGNet,disconnect-0.5,6,no_tocado,111,0,78,78,0,0,0,111,0.0,0.0,0.7027027027027027,0.7027027027027027
EEGNet,disconnect-0.5,6,tocado,9,0,6,6,0,0,0,9,0.0,0.0,0.6666666666666666,0.6666666666666666
EEGNet,disconnect-0.5,7,no_tocado,107,0,80,80,0,0,0,107,0.0,0.0,0.7476635514018691,0.7476635514018691
EEGNet,disconnect-0.5,7,tocado,13,5,6,9,4,1,0,13,5.0,0.38461538461538464,0.46153846153846156,0.6923076923076923
EEGNet,disconnect-0.5,8,no_tocado,110,0,105,105,0,0,0,110,0.0,0.0,0.9545454545454546,0.9545454545454546
EEGNet,disconnect-0.5,8,tocado,10,2,7,9,2,0,0,10,2.0,0.2,0.7,0.9
EEGNet,disconnect-0.5,9,no_tocado,110,0,102,102,0,0,0,110,0.0,0.0,0.9272727272727272,0.9272727272727272
EEGNet,disconnect-0.5,9,tocado,10,2,7,9,2,0,0,10,2.0,0.2,0.7,0.9
EEGNet,disconnect-1,1,no_tocado,111,0,97,97,0,0,0,111,0.0,0.0,0.8738738738738738,0.8738738738738738
EEGNet,disconnect-1,1,tocado,9,2,7,9,2,0,0,9,2.0,0.2222222222222222,0.7777777777777778,1.0
EEGNet,disconnect-1,2,no_tocado,113,0,56,56,0,0,0,113,0.0,0.0,0.49557522123893805,0.49557522123893805
EEGNet,disconnect-1,2,tocado,7,1,2,3,1,0,0,7,1.0,0.14285714285714285,0.2857142857142857,0.42857142857142855
EEGNet,disconnect-1,3,no_tocado,111,0,105,105,0,0,0,111,0.0,0.0,0.9459459459459459,0.9459459459459459
EEGNet,disconnect-1,3,tocado,9,1,8,9,1,0,0,9,1.0,0.1111111111111111,0.8888888888888888,1.0
EEGNet,disconnect-1,4,no_tocado,114,0,84,84,0,0,0,114,0.0,0.0,0.7368421052631579,0.7368421052631579
EEGNet,disconnect-1,4,tocado,6,0,5,5,0,0,0,6,0.0,0.0,0.8333333333333334,0.8333333333333334
EEGNet,disconnect-1,5,no_tocado,113,0,65,65,0,0,0,113,0.0,0.0,0.5752212389380531,0.5752212389380531
EEGNet,disconnect-1,5,tocado,7,0,5,5,0,0,0,7,0.0,0.0,0.7142857142857143,0.7142857142857143
EEGNet,disconnect-1,6,no_tocado,110,0,76,76,0,0,0,110,0.0,0.0,0.6909090909090909,0.6909090909090909
EEGNet,disconnect-1,6,tocado,10,3,7,8,2,1,0,10,3.0,0.3,0.7,0.8
EEGNet,disconnect-1,7,no_tocado,117,0,86,86,0,0,0,117,0.0,0.0,0.7350427350427351,0.7350427350427351
EEGNet,disconnect-1,7,tocado,3,1,2,3,1,0,0,3,1.0,0.3333333333333333,0.6666666666666666,1.0
EEGNet,disconnect-1,8,no_tocado,113,0,107,107,0,0,0,113,0.0,0.0,0.9469026548672567,0.9469026548672567
EEGNet,disconnect-1,8,tocado,7,1,6,7,1,0,0,7,1.0,0.14285714285714285,0.8571428571428571,1.0
EEGNet,disconnect-1,9,no_tocado,111,0,104,104,0,0,0,111,0.0,0.0,0.9369369369369369,0.9369369369369369
EEGNet,disconnect-1,9,tocado,9,1,8,7,0,1,0,9,1.0,0.1111111111111111,0.8888888888888888,0.7777777777777778
EEGNet,disconnect-3,1,no_tocado,111,0,98,98,0,0,0,111,0.0,0.0,0.8828828828828829,0.8828828828828829
EEGNet,disconnect-3,1,tocado,9,3,5,8,3,0,2,7,1.0,0.3333333333333333,0.5555555555555556,0.8888888888888888
EEGNet,disconnect-3,2,no_tocado,109,0,53,53,0,0,0,109,0.0,0.0,0.48623853211009177,0.48623853211009177
EEGNet,disconnect-3,2,tocado,11,3,7,6,1,2,1,10,2.0,0.2727272727272727,0.6363636363636364,0.5454545454545454
EEGNet,disconnect-3,3,no_tocado,114,0,108,108,0,0,0,114,0.0,0.0,0.9473684210526315,0.9473684210526315
EEGNet,disconnect-3,3,tocado,6,0,6,6,0,0,0,6,0.0,0.0,1.0,1.0
EEGNet,disconnect-3,4,no_tocado,111,0,82,82,0,0,0,111,0.0,0.0,0.7387387387387387,0.7387387387387387
EEGNet,disconnect-3,4,tocado,9,4,5,7,3,1,2,7,2.0,0.4444444444444444,0.5555555555555556,0.7777777777777778
EEGNet,disconnect-3,5,no_tocado,110,0,65,65,0,0,0,110,0.0,0.0,0.5909090909090909,0.5909090909090909
EEGNet,disconnect-3,5,tocado,10,3,4,5,2,1,0,10,3.0,0.3,0.4,0.5
EEGNet,disconnect-3,6,no_tocado,108,0,77,77,0,0,0,108,0.0,0.0,0.7129629629629629,0.7129629629629629
EEGNet,disconnect-3,6,tocado,12,4,5,7,3,1,2,10,2.0,0.3333333333333333,0.4166666666666667,0.5833333333333334
EEGNet,disconnect-3,7,no_tocado,108,0,81,81,0,0,0,108,0.0,0.0,0.75,0.75
EEGNet,disconnect-3,7,tocado,12,4,8,8,2,2,0,12,4.0,0.3333333333333333,0.6666666666666666,0.6666666666666666
EEGNet,disconnect-3,8,no_tocado,110,0,104,104,0,0,0,110,0.0,0.0,0.9454545454545454,0.9454545454545454
EEGNet,disconnect-3,8,tocado,10,2,8,10,2,0,1,9,1.0,0.2,0.8,1.0
EEGNet,disconnect-3,9,no_tocado,105,0,96,96,0,0,0,105,0.0,0.0,0.9142857142857143,0.9142857142857143
EEGNet,disconnect-3,9,tocado,15,4,11,15,4,0,1,14,3.0,0.26666666666666666,0.7333333333333333,1.0
EEGNet,disconnect_trial-* (3),1,tocado,360,87,265,318,70,17,0,360,87.0,0.24166666666666667,0.7361111111111112,0.8833333333333333
EEGNet,disconnect_trial-* (3),2,tocado,360,124,167,177,67,57,0,360,124.0,0.34444444444444444,0.4638888888888889,0.49166666666666664
EEGNet,disconnect_trial-* (3),3,tocado,360,44,312,342,37,7,0,360,44.0,0.12222222222222222,0.8666666666666667,0.95
EEGNet,disconnect_trial-* (3),4,tocado,360,108,217,267,79,29,0,360,108.0,0.3,0.6027777777777777,0.7416666666666667
EEGNet,disconnect_trial-* (3),5,tocado,360,120,172,210,79,41,0,360,120.0,0.3333333333333333,0.4777777777777778,0.5833333333333334
EEGNet,disconnect_trial-* (3),6,tocado,360,103,187,252,84,19,0,360,103.0,0.2861111111111111,0.5194444444444445,0.7
EEGNet,disconnect_trial-* (3),7,tocado,360,205,198,267,137,68,0,360,205.0,0.5694444444444444,0.55,0.7416666666666667
EEGNet,disconnect_trial-* (3),8,tocado,360,77,275,342,72,5,0,360,77.0,0.21388888888888888,0.7638888888888888,0.95
EEGNet,disconnect_trial-* (3),9,tocado,360,144,201,333,138,6,0,360,144.0,0.4,0.5583333333333333,0.925
EEGNet,disconnect_trial-0.5,1,tocado,120,22,94,106,17,5,0,120,22.0,0.18333333333333332,0.7833333333333333,0.8833333333333333
EEGNet,disconnect_trial-0.5,2,tocado,120,39,54,59,22,17,0,120,39.0,0.325,0.45,0.49166666666666664
EEGNet,disconnect_trial-0.5,3,tocado,120,8,110,114,6,2,0,120,8.0,0.06666666666666667,0.9166666666666666,0.95
EEGNet,disconnect_trial-0.5,4,tocado,120,30,77,89,21,9,0,120,30.0,0.25,0.6416666666666667,0.7416666666666667
EEGNet,disconnect_trial-0.5,5,tocado,120,33,55,70,24,9,0,120,33.0,0.275,0.4583333333333333,0.5833333333333334
EEGNet,disconnect_trial-0.5,6,tocado,120,30,64,84,25,5,0,120,30.0,0.25,0.5333333333333333,0.7
EEGNet,disconnect_trial-0.5,7,tocado,120,69,66,89,46,23,0,120,69.0,0.575,0.55,0.7416666666666667
EEGNet,disconnect_trial-0.5,8,tocado,120,13,103,114,12,1,0,120,13.0,0.10833333333333334,0.8583333333333333,0.95
EEGNet,disconnect_trial-0.5,9,tocado,120,37,76,111,36,1,0,120,37.0,0.30833333333333335,0.6333333333333333,0.925
EEGNet,disconnect_trial-1,1,tocado,120,22,94,106,17,5,0,120,22.0,0.18333333333333332,0.7833333333333333,0.8833333333333333
EEGNet,disconnect_trial-1,2,tocado,120,39,54,59,22,17,0,120,39.0,0.325,0.45,0.49166666666666664
EEGNet,disconnect_trial-1,3,tocado,120,8,110,114,6,2,0,120,8.0,0.06666666666666667,0.9166666666666666,0.95
EEGNet,disconnect_trial-1,4,tocado,120,30,77,89,21,9,0,120,30.0,0.25,0.6416666666666667,0.7416666666666667
EEGNet,disconnect_trial-1,5,tocado,120,33,55,70,24,9,0,120,33.0,0.275,0.4583333333333333,0.5833333333333334
EEGNet,disconnect_trial-1,6,tocado,120,30,64,84,25,5,0,120,30.0,0.25,0.5333333333333333,0.7
EEGNet,disconnect_trial-1,7,tocado,120,69,66,89,46,23,0,120,69.0,0.575,0.55,0.7416666666666667
EEGNet,disconnect_trial-1,8,tocado,120,13,103,114,12,1,0,120,13.0,0.10833333333333334,0.8583333333333333,0.95
EEGNet,disconnect_trial-1,9,tocado,120,37,76,111,36,1,0,120,37.0,0.30833333333333335,0.6333333333333333,0.925
EEGNet,disconnect_trial-2,1,tocado,120,43,77,106,36,7,0,120,43.0,0.35833333333333334,0.6416666666666667,0.8833333333333333
EEGNet,disconnect_trial-2,2,tocado,120,46,59,59,23,23,0,120,46.0,0.38333333333333336,0.49166666666666664,0.49166666666666664
EEGNet,disconnect_trial-2,3,tocado,120,28,92,114,25,3,0,120,28.0,0.23333333333333334,0.7666666666666667,0.95
EEGNet,disconnect_trial-2,4,tocado,120,48,63,89,37,11,0,120,48.0,0.4,0.525,0.7416666666666667
EEGNet,disconnect_trial-2,5,tocado,120,54,62,70,31,23,0,120,54.0,0.45,0.5166666666666667,0.5833333333333334
EEGNet,disconnect_trial-2,6,tocado,120,43,59,84,34,9,0,120,43.0,0.35833333333333334,0.49166666666666664,0.7
EEGNet,disconnect_trial-2,7,tocado,120,67,66,89,45,22,0,120,67.0,0.5583333333333333,0.55,0.7416666666666667
EEGNet,disconnect_trial-2,8,tocado,120,51,69,114,48,3,0,120,51.0,0.425,0.575,0.95
EEGNet,disconnect_trial-2,9,tocado,120,70,49,111,66,4,0,120,70.0,0.5833333333333334,0.4083333333333333,0.925
EEGNet,jitter-*+delay-* (6),1,no_tocado,720,0,636,636,0,0,0,720,0.0,0.0,0.8833333333333333,0.8833333333333333
EEGNet,jitter-*+delay-* (6),2,no_tocado,720,0,354,354,0,0,0,720,0.0,0.0,0.49166666666666664,0.49166666666666664
EEGNet,jitter-*+delay-* (6),3,no_tocado,720,0,684,684,0,0,0,720,0.0,0.0,0.95,0.95
EEGNet,jitter-*+delay-* (6),4,no_tocado,720,0,534,534,0,0,0,720,0.0,0.0,0.7416666666666667,0.7416666666666667
EEGNet,jitter-*+delay-* (6),5,no_tocado,720,0,420,420,0,0,0,720,0.0,0.0,0.5833333333333334,0.5833333333333334
EEGNet,jitter-*+delay-* (6),6,no_tocado,720,0,504,504,0,0,0,720,0.0,0.0,0.7,0.7
EEGNet,jitter-*+delay-* (6),7,no_tocado,720,0,534,534,0,0,0,720,0.0,0.0,0.7416666666666667,0.7416666666666667
EEGNet,jitter-*+delay-* (6),8,no_tocado,720,0,684,684,0,0,0,720,0.0,0.0,0.95,0.95
EEGNet,jitter-*+delay-* (6),9,no_tocado,720,0,666,666,0,0,0,720,0.0,0.0,0.925,0.925
EEGNet,jitter-0.01,1,no_tocado,120,0,106,106,0,0,0,120,0.0,0.0,0.8833333333333333,0.8833333333333333
EEGNet,jitter-0.01,2,no_tocado,120,0,59,59,0,0,0,120,0.0,0.0,0.49166666666666664,0.49166666666666664
EEGNet,jitter-0.01,3,no_tocado,120,0,114,114,0,0,0,120,0.0,0.0,0.95,0.95
EEGNet,jitter-0.01,4,no_tocado,120,0,89,89,0,0,0,120,0.0,0.0,0.7416666666666667,0.7416666666666667
EEGNet,jitter-0.01,5,no_tocado,120,0,70,70,0,0,0,120,0.0,0.0,0.5833333333333334,0.5833333333333334
EEGNet,jitter-0.01,6,no_tocado,120,0,84,84,0,0,0,120,0.0,0.0,0.7,0.7
EEGNet,jitter-0.01,7,no_tocado,120,0,89,89,0,0,0,120,0.0,0.0,0.7416666666666667,0.7416666666666667
EEGNet,jitter-0.01,8,no_tocado,120,0,114,114,0,0,0,120,0.0,0.0,0.95,0.95
EEGNet,jitter-0.01,9,no_tocado,120,0,111,111,0,0,0,120,0.0,0.0,0.925,0.925
EEGNet,jitter-0.05,1,no_tocado,120,0,106,106,0,0,0,120,0.0,0.0,0.8833333333333333,0.8833333333333333
EEGNet,jitter-0.05,2,no_tocado,120,0,59,59,0,0,0,120,0.0,0.0,0.49166666666666664,0.49166666666666664
EEGNet,jitter-0.05,3,no_tocado,120,0,114,114,0,0,0,120,0.0,0.0,0.95,0.95
EEGNet,jitter-0.05,4,no_tocado,120,0,89,89,0,0,0,120,0.0,0.0,0.7416666666666667,0.7416666666666667
EEGNet,jitter-0.05,5,no_tocado,120,0,70,70,0,0,0,120,0.0,0.0,0.5833333333333334,0.5833333333333334
EEGNet,jitter-0.05,6,no_tocado,120,0,84,84,0,0,0,120,0.0,0.0,0.7,0.7
EEGNet,jitter-0.05,7,no_tocado,120,0,89,89,0,0,0,120,0.0,0.0,0.7416666666666667,0.7416666666666667
EEGNet,jitter-0.05,8,no_tocado,120,0,114,114,0,0,0,120,0.0,0.0,0.95,0.95
EEGNet,jitter-0.05,9,no_tocado,120,0,111,111,0,0,0,120,0.0,0.0,0.925,0.925
EEGNet,jitter-0.1,1,no_tocado,120,0,106,106,0,0,0,120,0.0,0.0,0.8833333333333333,0.8833333333333333
EEGNet,jitter-0.1,2,no_tocado,120,0,59,59,0,0,0,120,0.0,0.0,0.49166666666666664,0.49166666666666664
EEGNet,jitter-0.1,3,no_tocado,120,0,114,114,0,0,0,120,0.0,0.0,0.95,0.95
EEGNet,jitter-0.1,4,no_tocado,120,0,89,89,0,0,0,120,0.0,0.0,0.7416666666666667,0.7416666666666667
EEGNet,jitter-0.1,5,no_tocado,120,0,70,70,0,0,0,120,0.0,0.0,0.5833333333333334,0.5833333333333334
EEGNet,jitter-0.1,6,no_tocado,120,0,84,84,0,0,0,120,0.0,0.0,0.7,0.7
EEGNet,jitter-0.1,7,no_tocado,120,0,89,89,0,0,0,120,0.0,0.0,0.7416666666666667,0.7416666666666667
EEGNet,jitter-0.1,8,no_tocado,120,0,114,114,0,0,0,120,0.0,0.0,0.95,0.95
EEGNet,jitter-0.1,9,no_tocado,120,0,111,111,0,0,0,120,0.0,0.0,0.925,0.925
EEGNet,loss-* (3),1,tocado,360,9,311,318,8,1,0,360,9.0,0.025,0.8638888888888889,0.8833333333333333
EEGNet,loss-* (3),2,tocado,360,18,173,177,11,7,0,360,18.0,0.05,0.48055555555555557,0.49166666666666664
EEGNet,loss-* (3),3,tocado,360,1,341,342,1,0,0,360,1.0,0.002777777777777778,0.9472222222222222,0.95
EEGNet,loss-* (3),4,tocado,360,11,268,267,5,6,0,360,11.0,0.030555555555555555,0.7444444444444445,0.7416666666666667
EEGNet,loss-* (3),5,tocado,360,27,209,210,14,13,0,360,27.0,0.075,0.5805555555555556,0.5833333333333334
EEGNet,loss-* (3),6,tocado,360,9,249,252,6,3,0,360,9.0,0.025,0.6916666666666667,0.7
EEGNet,loss-* (3),7,tocado,360,12,263,267,8,4,0,360,12.0,0.03333333333333333,0.7305555555555555,0.7416666666666667
EEGNet,loss-* (3),8,tocado,360,5,339,342,4,1,0,360,5.0,0.013888888888888888,0.9416666666666667,0.95
EEGNet,loss-* (3),9,tocado,360,0,333,333,0,0,0,360,0.0,0.0,0.925,0.925
EEGNet,loss-random-0.01,1,tocado,120,1,105,106,1,0,0,120,1.0,0.008333333333333333,0.875,0.8833333333333333
EEGNet,loss-random-0.01,2,tocado,120,2,57,59,2,0,0,120,2.0,0.016666666666666666,0.475,0.49166666666666664
EEGNet,loss-random-0.01,3,tocado,120,0,114,114,0,0,0,120,0.0,0.0,0.95,0.95
EEGNet,loss-random-0.01,4,tocado,120,3,88,89,2,1,0,120,3.0,0.025,0.7333333333333333,0.7416666666666667
EEGNet,loss-random-0.01,5,tocado,120,4,70,70,2,2,0,120,4.0,0.03333333333333333,0.5833333333333334,0.5833333333333334
EEGNet,loss-random-0.01,6,tocado,120,1,83,84,1,0,0,120,1.0,0.008333333333333333,0.6916666666666667,0.7
EEGNet,loss-random-0.01,7,tocado,120,0,89,89,0,0,0,120,0.0,0.0,0.7416666666666667,0.7416666666666667
EEGNet,loss-random-0.01,8,tocado,120,1,113,114,1,0,0,120,1.0,0.008333333333333333,0.9416666666666667,0.95
EEGNet,loss-random-0.01,9,tocado,120,0,111,111,0,0,0,120,0.0,0.0,0.925,0.925
EEGNet,loss-random-0.05,1,tocado,120,3,103,106,3,0,0,120,3.0,0.025,0.8583333333333333,0.8833333333333333
EEGNet,loss-random-0.05,2,tocado,120,8,59,59,4,4,0,120,8.0,0.06666666666666667,0.49166666666666664,0.49166666666666664
EEGNet,loss-random-0.05,3,tocado,120,0,114,114,0,0,0,120,0.0,0.0,0.95,0.95
EEGNet,loss-random-0.05,4,tocado,120,3,92,89,0,3,0,120,3.0,0.025,0.7666666666666667,0.7416666666666667
EEGNet,loss-random-0.05,5,tocado,120,9,71,70,4,5,0,120,9.0,0.075,0.5916666666666667,0.5833333333333334
EEGNet,loss-random-0.05,6,tocado,120,3,83,84,2,1,0,120,3.0,0.025,0.6916666666666667,0.7
EEGNet,loss-random-0.05,7,tocado,120,6,85,89,5,1,0,120,6.0,0.05,0.7083333333333334,0.7416666666666667
EEGNet,loss-random-0.05,8,tocado,120,0,114,114,0,0,0,120,0.0,0.0,0.95,0.95
EEGNet,loss-random-0.05,9,tocado,120,0,111,111,0,0,0,120,0.0,0.0,0.925,0.925
EEGNet,loss-random-0.1,1,tocado,120,5,103,106,4,1,0,120,5.0,0.041666666666666664,0.8583333333333333,0.8833333333333333
EEGNet,loss-random-0.1,2,tocado,120,8,57,59,5,3,0,120,8.0,0.06666666666666667,0.475,0.49166666666666664
EEGNet,loss-random-0.1,3,tocado,120,1,113,114,1,0,0,120,1.0,0.008333333333333333,0.9416666666666667,0.95
EEGNet,loss-random-0.1,4,tocado,120,5,88,89,3,2,0,120,5.0,0.041666666666666664,0.7333333333333333,0.7416666666666667
EEGNet,loss-random-0.1,5,tocado,120,14,68,70,8,6,0,120,14.0,0.11666666666666667,0.5666666666666667,0.5833333333333334
EEGNet,loss-random-0.1,6,tocado,120,5,83,84,3,2,0,120,5.0,0.041666666666666664,0.6916666666666667,0.7
EEGNet,loss-random-0.1,7,tocado,120,6,89,89,3,3,0,120,6.0,0.05,0.7416666666666667,0.7416666666666667
EEGNet,loss-random-0.1,8,tocado,120,4,112,114,3,1,0,120,4.0,0.03333333333333333,0.9333333333333333,0.95
EEGNet,loss-random-0.1,9,tocado,120,0,111,111,0,0,0,120,0.0,0.0,0.925,0.925
