W,rule,op,label,n_exec,silent_med,loud_med,degraded_med,silent_pool,loud_pool,n_windows,n_silent_windows,n_exec_silent_gt0,n_subj_silent_med_gt0,silent_max_exec
4,min,base,ref,45,0.0,0.0,0.0,0.0,0.0,15393,0,0,0,0.0
4,min,base,loss-random-0.01,45,0.0,0.0,0.0,0.0,0.0,15393,0,0,0,0.0
4,min,base,loss-random-0.05,45,0.0,0.0,0.0,0.002013902423179367,0.0,15393,31,1,0,0.09090909090909091
4,min,base,loss-random-0.1,45,0.0,0.0,0.0,0.000519716754368869,0.0,15393,8,1,0,0.022408963585434174
4,min,base,jitter-0.01,45,0.0,0.0,0.0,0.0,0.0,15393,0,0,0,0.0
4,min,base,jitter-0.05,45,0.0,0.0,0.0,0.0,0.0,15393,0,0,0,0.0
4,min,base,jitter-0.1,45,0.0,0.0,0.0,0.0,0.0,15393,0,0,0,0.0
4,min,base,delay-0.05,45,0.0,0.0,0.0,0.0,0.0,15393,0,0,0,0.0
4,min,base,delay-0.1,45,0.0,0.0,0.0,0.0,0.0,15393,0,0,0,0.0
4,min,base,delay-0.25,45,0.0,0.0,0.0,0.0,0.0,15393,0,0,0,0.0
4,min,base,disconnect-0.5,45,0.0,0.008595988538681949,0.0,0.0,0.007340999155460274,15393,0,0,0,0.0
4,min,base,disconnect-1,45,0.0,0.008595988538681949,0.0,0.0026635483661404534,0.007730786721236926,15393,41,1,0,0.12023460410557185
4,min,base,disconnect-3,45,0.0,0.03519061583577713,0.0,0.001039433508737738,0.034626128759825896,15393,16,1,0,0.04481792717086835
4,min,base,burst_trial-0.1,45,0.0,0.0,0.0,0.0031832651205093224,0.0,15393,49,2,0,0.12023460410557185
4,min,base,burst_trial-0.25,45,0.0,0.0,0.0,0.014876892093808875,0.0007795751315533034,15393,229,6,0,0.19648093841642228
4,min,base,burst_trial-0.4,45,0.0,0.07563025210084033,0.0,0.013057883453517832,0.07353992074319496,15393,201,6,1,0.1906158357771261
4,min,base,disconnect_trial-0.5,45,0.0,0.08797653958944282,0.0,0.00890014941856688,0.08711752095108166,15393,137,5,0,0.12320916905444126
4,min,base,disconnect_trial-1,45,0.0,0.08797653958944282,0.0,0.00890014941856688,0.08711752095108166,15393,137,5,0,0.12320916905444126
4,min,base,disconnect_trial-2,45,0.0,0.21114369501466276,0.0,0.022737608003638016,0.20548301175859157,15393,350,12,3,0.2727272727272727
4,min,estricto,ref,45,0.0,0.0,0.0,0.0,0.0,15393,0,0,0,0.0
4,min,estricto,loss-random-0.01,45,0.0,0.9230769230769231,0.0,0.0,0.9199636198271942,15393,0,0,0,0.0
4,min,estricto,loss-random-0.05,45,0.0,1.0,0.0,0.0,0.9979860975768207,15393,0,0,0,0.0
4,min,estricto,loss-random-0.1,45,0.0,1.0,0.0,0.0,0.9994802832456311,15393,0,0,0,0.0
4,min,estricto,jitter-0.01,45,0.0,0.0,0.0,0.0,0.0,15393,0,0,0,0.0
4,min,estricto,jitter-0.05,45,0.0,0.0,0.0,0.0,6.496459429610862e-05,15393,0,0,0,0.0
4,min,estricto,jitter-0.1,45,0.0,0.16045845272206305,0.0,0.0,0.15968297277983498,15393,0,0,0,0.0
4,min,estricto,delay-0.05,45,0.0,1.0,0.0,0.0,1.0,15393,0,0,0,0.0
4,min,estricto,delay-0.1,45,0.0,1.0,0.0,0.0,1.0,15393,0,0,0,0.0
4,min,estricto,delay-0.25,45,0.0,1.0,0.0,0.0,1.0,15393,0,0,0,0.0
4,min,estricto,disconnect-0.5,45,0.0,0.020527859237536656,0.0,0.0,0.020398882608978108,15393,0,0,0,0.0
4,min,estricto,disconnect-1,45,0.0,0.020527859237536656,0.0,0.0026635483661404534,0.020918599363346977,15393,41,1,0,0.12023460410557185
4,min,estricto,disconnect-3,45,0.0,0.04923076923076923,0.0,0.0009744689144416293,0.048398622750600924,15393,15,1,0,0.04201680672268908
4,min,estricto,burst_trial-0.1,45,0.0,0.12316715542521994,0.0,0.0028584421490287794,0.12323783537971805,15393,44,2,0,0.10850439882697947
4,min,estricto,burst_trial-0.25,45,0.0,0.12324929971988796,0.0,0.012992918859221724,0.12317287078542194,15393,200,6,0,0.17302052785923755
4,min,estricto,burst_trial-0.4,45,0.0,0.19607843137254902,0.0,0.011173910218930683,0.19580328720847137,15393,172,6,1,0.16129032258064516
4,min,estricto,disconnect_trial-0.5,45,0.0,0.21114369501466276,0.0,0.007665822126940817,0.20905606444487754,15393,118,5,0,0.10601719197707736
4,min,estricto,disconnect_trial-1,45,0.0,0.21114369501466276,0.0,0.007665822126940817,0.20905606444487754,15393,118,5,0,0.10601719197707736
4,min,estricto,disconnect_trial-2,45,0.0,0.3343108504398827,0.0,0.019229519911648153,0.32514779445202363,15393,296,12,3,0.2287390029325513
4,min-0.05,base,ref,45,0.0,0.0,0.0,0.0,0.0,15393,0,0,0,0.0
4,min-0.05,base,loss-random-0.01,45,0.0,0.0,0.0,0.0,0.0,15393,0,0,0,0.0
4,min-0.05,base,loss-random-0.05,45,0.0,0.0,0.0,0.002013902423179367,0.0,15393,31,1,0,0.09090909090909091
4,min-0.05,base,loss-random-0.1,45,0.0,0.0,0.0,0.000519716754368869,0.0,15393,8,1,0,0.022408963585434174
4,min-0.05,base,jitter-0.01,45,0.0,0.0,0.0,0.0,0.0,15393,0,0,0,0.0
4,min-0.05,base,jitter-0.05,45,0.0,0.0,0.0,0.0,0.0,15393,0,0,0,0.0
4,min-0.05,base,jitter-0.1,45,0.0,0.0,0.0,0.0,0.0,15393,0,0,0,0.0
4,min-0.05,base,delay-0.05,45,0.0,0.0,0.0,0.0,0.0,15393,0,0,0,0.0
4,min-0.05,base,delay-0.1,45,0.0,0.0,0.0,0.0,0.0,15393,0,0,0,0.0
4,min-0.05,base,delay-0.25,45,0.0,0.0,0.0,0.0,0.0,15393,0,0,0,0.0
4,min-0.05,base,disconnect-0.5,45,0.0,0.008595988538681949,0.0,0.0,0.007340999155460274,15393,0,0,0,0.0
4,min-0.05,base,disconnect-1,45,0.0,0.008595988538681949,0.0,0.0026635483661404534,0.007730786721236926,15393,41,1,0,0.12023460410557185
4,min-0.05,base,disconnect-3,45,0.0,0.03519061583577713,0.0,0.001039433508737738,0.034626128759825896,15393,16,1,0,0.04481792717086835
4,min-0.05,base,burst_trial-0.1,45,0.0,0.0,0.0,0.0031832651205093224,0.0,15393,49,2,0,0.12023460410557185
4,min-0.05,base,burst_trial-0.25,45,0.0,0.0,0.0,0.014876892093808875,0.0007795751315533034,15393,229,6,0,0.19648093841642228
4,min-0.05,base,burst_trial-0.4,45,0.0,0.07563025210084033,0.0,0.013057883453517832,0.07353992074319496,15393,201,6,1,0.1906158357771261
4,min-0.05,base,disconnect_trial-0.5,45,0.0,0.08797653958944282,0.0,0.00890014941856688,0.08711752095108166,15393,137,5,0,0.12320916905444126
4,min-0.05,base,disconnect_trial-1,45,0.0,0.08797653958944282,0.0,0.00890014941856688,0.08711752095108166,15393,137,5,0,0.12320916905444126
4,min-0.05,base,disconnect_trial-2,45,0.0,0.21114369501466276,0.0,0.022737608003638016,0.20548301175859157,15393,350,12,3,0.2727272727272727
4,min-0.05,estricto,ref,45,0.0,0.0,0.0,0.0,0.0,15393,0,0,0,0.0
4,min-0.05,estricto,loss-random-0.01,45,0.0,0.9230769230769231,0.0,0.0,0.9199636198271942,15393,0,0,0,0.0
4,min-0.05,estricto,loss-random-0.05,45,0.0,1.0,0.0,0.0,0.9979860975768207,15393,0,0,0,0.0
4,min-0.05,estricto,loss-random-0.1,45,0.0,1.0,0.0,0.0,0.9994802832456311,15393,0,0,0,0.0
4,min-0.05,estricto,jitter-0.01,45,0.0,0.0,0.0,0.0,0.0,15393,0,0,0,0.0
4,min-0.05,estricto,jitter-0.05,45,0.0,0.0,0.0,0.0,6.496459429610862e-05,15393,0,0,0,0.0
4,min-0.05,estricto,jitter-0.1,45,0.0,0.16045845272206305,0.0,0.0,0.15968297277983498,15393,0,0,0,0.0
4,min-0.05,estricto,delay-0.05,45,0.0,1.0,0.0,0.0,1.0,15393,0,0,0,0.0
4,min-0.05,estricto,delay-0.1,45,0.0,1.0,0.0,0.0,1.0,15393,0,0,0,0.0
4,min-0.05,estricto,delay-0.25,45,0.0,1.0,0.0,0.0,1.0,15393,0,0,0,0.0
4,min-0.05,estricto,disconnect-0.5,45,0.0,0.020527859237536656,0.0,0.0,0.020398882608978108,15393,0,0,0,0.0
4,min-0.05,estricto,disconnect-1,45,0.0,0.020527859237536656,0.0,0.0026635483661404534,0.020918599363346977,15393,41,1,0,0.12023460410557185
4,min-0.05,estricto,disconnect-3,45,0.0,0.04923076923076923,0.0,0.0009744689144416293,0.048398622750600924,15393,15,1,0,0.04201680672268908
4,min-0.05,estricto,burst_trial-0.1,45,0.0,0.12316715542521994,0.0,0.0028584421490287794,0.12323783537971805,15393,44,2,0,0.10850439882697947
4,min-0.05,estricto,burst_trial-0.25,45,0.0,0.12324929971988796,0.0,0.012992918859221724,0.12317287078542194,15393,200,6,0,0.17302052785923755
4,min-0.05,estricto,burst_trial-0.4,45,0.0,0.19607843137254902,0.0,0.011173910218930683,0.19580328720847137,15393,172,6,1,0.16129032258064516
4,min-0.05,estricto,disconnect_trial-0.5,45,0.0,0.21114369501466276,0.0,0.007665822126940817,0.20905606444487754,15393,118,5,0,0.10601719197707736
4,min-0.05,estricto,disconnect_trial-1,45,0.0,0.21114369501466276,0.0,0.007665822126940817,0.20905606444487754,15393,118,5,0,0.10601719197707736
4,min-0.05,estricto,disconnect_trial-2,45,0.0,0.3343108504398827,0.0,0.019229519911648153,0.32514779445202363,15393,296,12,3,0.2287390029325513
4,p5,base,ref,45,0.0,0.0,0.0,0.02871435067888001,0.0,15393,442,15,1,0.21700879765395895
4,p5,base,loss-random-0.01,45,0.0,0.0,0.0,0.027285129604365622,0.0,15393,420,15,1,0.21700879765395895
4,p5,base,loss-random-0.05,45,0.0,0.0,0.0,0.03118300526213214,0.0,15393,480,16,2,0.30791788856304986
4,p5,base,loss-random-0.1,45,0.0,0.0,0.0,0.022802572597934126,0.0,15393,351,15,2,0.17846153846153845
4,p5,base,jitter-0.01,45,0.0,0.0,0.0,0.02871435067888001,0.0,15393,442,15,1,0.21700879765395895
4,p5,base,jitter-0.05,45,0.0,0.0,0.0,0.02871435067888001,0.0,15393,442,15,1,0.21700879765395895
4,p5,base,jitter-0.1,45,0.0,0.0,0.0,0.02871435067888001,0.0,15393,442,15,1,0.21700879765395895
4,p5,base,delay-0.05,45,0.0,0.0,0.0,0.02871435067888001,0.0,15393,442,15,1,0.21700879765395895
4,p5,base,delay-0.1,45,0.0,0.0,0.0,0.02871435067888001,0.0,15393,442,15,1,0.21700879765395895
4,p5,base,delay-0.25,45,0.0,0.0,0.0,0.02871435067888001,0.0,15393,442,15,1,0.21700879765395895
4,p5,base,disconnect-0.5,45,0.0,0.008595988538681949,0.0,0.029948677970506075,0.007340999155460274,15393,461,16,2,0.21700879765395895
4,p5,base,disconnect-1,45,0.0,0.008595988538681949,0.0,0.03365165984538426,0.007470928344052491,15393,518,17,2,0.30791788856304986
4,p5,base,disconnect-3,45,0.0,0.03519061583577713,0.0,0.04229195088676671,0.03352173065679205,15393,651,18,3,0.2903225806451613
4,p5,base,burst_trial-0.1,45,0.0,0.0,0.0,0.04365620736698499,0.0,15393,672,22,4,0.30791788856304986
4,p5,base,burst_trial-0.25,45,0.0,0.0,0.0,0.05632430325472618,0.0007146105372571949,15393,867,22,4,0.31671554252199413
4,p5,base,burst_trial-0.4,45,0.02865329512893983,0.06876790830945559,0.02865329512893983,0.06970700967972455,0.0686026115766907,15393,1073,26,6,0.44
4,p5,base,disconnect_trial-0.5,45,0.017595307917888565,0.08504398826979472,0.020527859237536656,0.06977197427402065,0.08159553043591243,15393,1074,25,6,0.46920821114369504
4,p5,base,disconnect_trial-1,45,0.017595307917888565,0.08504398826979472,0.020527859237536656,0.06977197427402065,0.08159553043591243,15393,1074,25,6,0.46920821114369504
4,p5,base,disconnect_trial-2,45,0.04105571847507331,0.20057306590257878,0.0469208211143695,0.09803157279282791,0.18573377509257455,15393,1509,30,7,0.5190615835777126
4,p5,estricto,ref,45,0.0,0.0,0.0,0.02871435067888001,0.0,15393,442,15,1,0.21700879765395895
4,p5,estricto,loss-random-0.01,45,0.0,0.9111747851002865,0.0,0.002273760800363802,0.8949522510231923,15393,35,12,0,0.026392961876832845
4,p5,estricto,loss-random-0.05,45,0.0,1.0,0.0,0.0,0.9688169947378679,15393,0,0,0,0.0
4,p5,estricto,loss-random-0.1,45,0.0,1.0,0.0,0.0,0.9771974274020658,15393,0,0,0,0.0
4,p5,estricto,jitter-0.01,45,0.0,0.0,0.0,0.02871435067888001,0.0,15393,442,15,1,0.21700879765395895
4,p5,estricto,jitter-0.05,45,0.0,0.0,0.0,0.02871435067888001,6.496459429610862e-05,15393,442,15,1,0.21700879765395895
4,p5,estricto,jitter-0.1,45,0.0,0.15249266862170088,0.0,0.023322289352302995,0.15429091145325796,15393,359,15,1,0.18475073313782991
4,p5,estricto,delay-0.05,45,0.0,1.0,0.0,0.0,0.9712856493211199,15393,0,0,0,0.0
4,p5,estricto,delay-0.1,45,0.0,1.0,0.0,0.0,0.9712856493211199,15393,0,0,0,0.0
4,p5,estricto,delay-0.25,45,0.0,1.0,0.0,0.0,0.9712856493211199,15393,0,0,0,0.0
4,p5,estricto,disconnect-0.5,45,0.0,0.020527859237536656,0.0,0.029883713376209965,0.020333918014681998,15393,460,16,2,0.21407624633431085
4,p5,estricto,disconnect-1,45,0.0,0.020527859237536656,0.0,0.03306697849671929,0.020074059637497563,15393,509,17,2,0.3020527859237537
4,p5,estricto,disconnect-3,45,0.0,0.04923076923076923,0.0,0.04177223413239784,0.046839472487494316,15393,643,18,3,0.2844574780058651
4,p5,estricto,burst_trial-0.1,45,0.0,0.12307692307692308,0.0,0.03858896901188852,0.11849541999610212,15393,594,22,4,0.2697947214076246
4,p5,estricto,burst_trial-0.25,45,0.0,0.12307692307692308,0.0,0.04943805625933866,0.11810563243032547,15393,761,22,4,0.2785923753665689
4,p5,estricto,burst_trial-0.4,45,0.025787965616045846,0.19047619047619047,0.02865329512893983,0.060611966478269344,0.18365490807509907,15393,933,26,6,0.37846153846153846
4,p5,estricto,disconnect_trial-0.5,45,0.01466275659824047,0.20527859237536658,0.020527859237536656,0.06041707269538102,0.19541349964269472,15393,930,25,6,0.4046920821114369
4,p5,estricto,disconnect_trial-1,45,0.01466275659824047,0.20527859237536658,0.020527859237536656,0.06041707269538102,0.19541349964269472,15393,930,25,6,0.4046920821114369
4,p5,estricto,disconnect_trial-2,45,0.03519061583577713,0.31671554252199413,0.0469208211143695,0.0828948223218346,0.29376989540700316,15393,1276,30,7,0.436950146627566
6,min,base,ref,45,0.0,0.0,0.0,0.0,0.0,13795,0,0,0,0.0
6,min,base,loss-random-0.01,45,0.0,0.0,0.0,0.0,0.0,13795,0,0,0,0.0
6,min,base,loss-random-0.05,45,0.0,0.0,0.0,0.004566872055092425,0.0,13795,63,2,0,0.12956810631229235
6,min,base,loss-random-0.1,45,0.0,0.0,0.0,0.0005799202609641174,0.0,13795,8,1,0,0.026578073089700997
6,min,base,jitter-0.01,45,0.0,0.0,0.0,0.0,0.0,13795,0,0,0,0.0
6,min,base,jitter-0.05,45,0.0,0.0,0.0,0.0,0.0,13795,0,0,0,0.0
6,min,base,jitter-0.1,45,0.0,0.0,0.0,0.0,0.0,13795,0,0,0,0.0
6,min,base,delay-0.05,45,0.0,0.0,0.0,0.0,0.0,13795,0,0,0,0.0
6,min,base,delay-0.1,45,0.0,0.0,0.0,0.0,0.0,13795,0,0,0,0.0
6,min,base,delay-0.25,45,0.0,0.0,0.0,0.0,0.0,13795,0,0,0,0.0
6,min,base,disconnect-0.5,45,0.0,0.007194244604316547,0.0,0.0,0.007249003262051468,13795,0,0,0,0.0
6,min,base,disconnect-1,45,0.0,0.007194244604316547,0.0,0.002972091337441102,0.007466473359913012,13795,41,1,0,0.1362126245847176
6,min,base,disconnect-3,45,0.0,0.03470031545741325,0.0,0.0034795215657847044,0.0345777455599855,13795,48,2,0,0.132890365448505
6,min,base,burst_trial-0.1,45,0.0,0.0,0.0,0.015367886915549111,0.0,13795,212,4,0,0.2404692082111437
6,min,base,burst_trial-0.25,45,0.0,0.0,0.0,0.03233055454874955,0.0007249003262051468,13795,446,8,1,0.3280757097791798
6,min,base,burst_trial-0.4,45,0.0,0.07553956834532374,0.0,0.026241391808626315,0.07379485320768395,13795,362,10,1,0.4584717607973422
6,min,base,disconnect_trial-0.5,45,0.0,0.08633093525179857,0.0,0.03196810438564698,0.08314606741573034,13795,441,7,0,0.436950146627566
6,min,base,disconnect_trial-1,45,0.0,0.08633093525179857,0.0,0.03196810438564698,0.08314606741573034,13795,441,7,0,0.436950146627566
6,min,base,disconnect_trial-2,45,0.0,0.20863309352517986,0.0,0.05784704603117071,0.19434577745559986,13795,798,12,2,0.6511627906976745
6,min,estricto,ref,45,0.0,0.0,0.0,0.0,0.0,13795,0,0,0,0.0
6,min,estricto,loss-random-0.01,45,0.0,0.920265780730897,0.0,0.0,0.9199710039869518,13795,0,0,0,0.0
6,min,estricto,loss-random-0.05,45,0.0,1.0,0.0,0.0,0.9954331279449076,13795,0,0,0,0.0
6,min,estricto,loss-random-0.1,45,0.0,1.0,0.0,0.0,0.9994200797390359,13795,0,0,0,0.0
6,min,estricto,jitter-0.01,45,0.0,0.0,0.0,0.0,0.0,13795,0,0,0,0.0
6,min,estricto,jitter-0.05,45,0.0,0.0,0.0,0.0,7.249003262051468e-05,13795,0,0,0,0.0
6,min,estricto,jitter-0.1,45,0.0,0.15827338129496402,0.0,0.0,0.15824574121058355,13795,0,0,0,0.0
6,min,estricto,delay-0.05,45,0.0,1.0,0.0,0.0,1.0,13795,0,0,0,0.0
6,min,estricto,delay-0.1,45,0.0,1.0,0.0,0.0,1.0,13795,0,0,0,0.0
6,min,estricto,delay-0.25,45,0.0,1.0,0.0,0.0,1.0,13795,0,0,0,0.0
6,min,estricto,disconnect-0.5,45,0.0,0.020527859237536656,0.0,0.0,0.02029720913374411,13795,0,0,0,0.0
6,min,estricto,disconnect-1,45,0.0,0.02040816326530612,0.0,0.002972091337441102,0.020587169264226168,13795,41,1,0,0.1362126245847176
6,min,estricto,disconnect-3,45,0.0,0.0473186119873817,0.0,0.00340703153316419,0.04820587169264226,13795,47,2,0,0.12956810631229235
6,min,estricto,burst_trial-0.1,45,0.0,0.12292358803986711,0.0,0.013555636100036244,0.12113084450888002,13795,187,4,0,0.21114369501466276
6,min,estricto,burst_trial-0.25,45,0.0,0.12302839116719243,0.0,0.028126132656759697,0.11975353388909026,13795,388,8,1,0.28391167192429023
6,min,estricto,burst_trial-0.4,45,0.0,0.19784172661870503,0.0,0.022761870242841608,0.19383834722725626,13795,314,10,1,0.4019933554817276
6,min,estricto,disconnect_trial-0.5,45,0.0,0.20863309352517986,0.0,0.027618702428416093,0.20166727075027183,13795,381,7,0,0.3782991202346041
6,min,estricto,disconnect_trial-1,45,0.0,0.20863309352517986,0.0,0.027618702428416093,0.20166727075027183,13795,381,7,0,0.3782991202346041
6,min,estricto,disconnect_trial-2,45,0.0,0.3312302839116719,0.0,0.04893077201884741,0.30830010873504893,13795,675,12,2,0.5514950166112956
6,min-0.05,base,ref,45,0.0,0.0,0.0,0.0,0.0,13795,0,0,0,0.0
6,min-0.05,base,loss-random-0.01,45,0.0,0.0,0.0,0.0,0.0,13795,0,0,0,0.0
6,min-0.05,base,loss-random-0.05,45,0.0,0.0,0.0,0.0023196810438564698,0.0,13795,32,2,0,0.07973421926910298
6,min-0.05,base,loss-random-0.1,45,0.0,0.0,0.0,0.0005799202609641174,0.0,13795,8,1,0,0.026578073089700997
6,min-0.05,base,jitter-0.01,45,0.0,0.0,0.0,0.0,0.0,13795,0,0,0,0.0
6,min-0.05,base,jitter-0.05,45,0.0,0.0,0.0,0.0,0.0,13795,0,0,0,0.0
6,min-0.05,base,jitter-0.1,45,0.0,0.0,0.0,0.0,0.0,13795,0,0,0,0.0
6,min-0.05,base,delay-0.05,45,0.0,0.0,0.0,0.0,0.0,13795,0,0,0,0.0
6,min-0.05,base,delay-0.1,45,0.0,0.0,0.0,0.0,0.0,13795,0,0,0,0.0
6,min-0.05,base,delay-0.25,45,0.0,0.0,0.0,0.0,0.0,13795,0,0,0,0.0
6,min-0.05,base,disconnect-0.5,45,0.0,0.007194244604316547,0.0,0.0,0.007249003262051468,13795,0,0,0,0.0
6,min-0.05,base,disconnect-1,45,0.0,0.007194244604316547,0.0,0.002972091337441102,0.007466473359913012,13795,41,1,0,0.1362126245847176
6,min-0.05,base,disconnect-3,45,0.0,0.03470031545741325,0.0,0.0034795215657847044,0.0345777455599855,13795,48,2,0,0.132890365448505
6,min-0.05,base,burst_trial-0.1,45,0.0,0.0,0.0,0.015367886915549111,0.0,13795,212,4,0,0.2404692082111437
6,min-0.05,base,burst_trial-0.25,45,0.0,0.0,0.0,0.030590793765857195,0.0007249003262051468,13795,422,7,1,0.3280757097791798
6,min-0.05,base,burst_trial-0.4,45,0.0,0.07553956834532374,0.0,0.021891989851395434,0.07401232330554548,13795,302,6,0,0.4584717607973422
6,min-0.05,base,disconnect_trial-0.5,45,0.0,0.08633093525179857,0.0,0.03196810438564698,0.08314606741573034,13795,441,7,0,0.436950146627566
6,min-0.05,base,disconnect_trial-1,45,0.0,0.08633093525179857,0.0,0.03196810438564698,0.08314606741573034,13795,441,7,0,0.436950146627566
6,min-0.05,base,disconnect_trial-2,45,0.0,0.20863309352517986,0.0,0.046683581007611455,0.1970279086625589,13795,644,10,1,0.5448504983388704
6,min-0.05,estricto,ref,45,0.0,0.0,0.0,0.0,0.0,13795,0,0,0,0.0
6,min-0.05,estricto,loss-random-0.01,45,0.0,0.920265780730897,0.0,0.0,0.9199710039869518,13795,0,0,0,0.0
6,min-0.05,estricto,loss-random-0.05,45,0.0,1.0,0.0,0.0,0.9976803189561435,13795,0,0,0,0.0
6,min-0.05,estricto,loss-random-0.1,45,0.0,1.0,0.0,0.0,0.9994200797390359,13795,0,0,0,0.0
6,min-0.05,estricto,jitter-0.01,45,0.0,0.0,0.0,0.0,0.0,13795,0,0,0,0.0
6,min-0.05,estricto,jitter-0.05,45,0.0,0.0,0.0,0.0,7.249003262051468e-05,13795,0,0,0,0.0
6,min-0.05,estricto,jitter-0.1,45,0.0,0.15827338129496402,0.0,0.0,0.15824574121058355,13795,0,0,0,0.0
6,min-0.05,estricto,delay-0.05,45,0.0,1.0,0.0,0.0,1.0,13795,0,0,0,0.0
6,min-0.05,estricto,delay-0.1,45,0.0,1.0,0.0,0.0,1.0,13795,0,0,0,0.0
6,min-0.05,estricto,delay-0.25,45,0.0,1.0,0.0,0.0,1.0,13795,0,0,0,0.0
6,min-0.05,estricto,disconnect-0.5,45,0.0,0.020527859237536656,0.0,0.0,0.02029720913374411,13795,0,0,0,0.0
6,min-0.05,estricto,disconnect-1,45,0.0,0.02040816326530612,0.0,0.002972091337441102,0.020587169264226168,13795,41,1,0,0.1362126245847176
6,min-0.05,estricto,disconnect-3,45,0.0,0.0473186119873817,0.0,0.00340703153316419,0.04820587169264226,13795,47,2,0,0.12956810631229235
6,min-0.05,estricto,burst_trial-0.1,45,0.0,0.12292358803986711,0.0,0.013555636100036244,0.12113084450888002,13795,187,4,0,0.21114369501466276
6,min-0.05,estricto,burst_trial-0.25,45,0.0,0.12302839116719243,0.0,0.026676332004349403,0.1200434940195723,13795,368,7,1,0.28391167192429023
6,min-0.05,estricto,burst_trial-0.4,45,0.0,0.19933554817275748,0.0,0.018992388546574847,0.1946357375860819,13795,262,6,0,0.4019933554817276
6,min-0.05,estricto,disconnect_trial-0.5,45,0.0,0.20863309352517986,0.0,0.027618702428416093,0.20166727075027183,13795,381,7,0,0.3782991202346041
6,min-0.05,estricto,disconnect_trial-1,45,0.0,0.20863309352517986,0.0,0.027618702428416093,0.20166727075027183,13795,381,7,0,0.3782991202346041
6,min-0.05,estricto,disconnect_trial-2,45,0.0,0.3312302839116719,0.0,0.03943457774555999,0.3126495106922798,13795,544,10,1,0.46179401993355484
6,p5,base,ref,45,0.0,0.0,0.0,0.0414642986589344,0.0,13795,572,14,2,0.2425249169435216
6,p5,base,loss-random-0.01,45,0.0,0.0,0.0,0.030300833635375137,0.0,13795,418,11,1,0.2425249169435216
6,p5,base,loss-random-0.05,45,0.0,0.0,0.0,0.03240304458137006,0.0,13795,447,12,1,0.37209302325581395
6,p5,base,loss-random-0.1,45,0.0,0.0,0.0,0.02725625226531352,0.0,13795,376,11,1,0.3521594684385382
6,p5,base,jitter-0.01,45,0.0,0.0,0.0,0.0414642986589344,0.0,13795,572,14,2,0.2425249169435216
6,p5,base,jitter-0.05,45,0.0,0.0,0.0,0.0414642986589344,0.0,13795,572,14,2,0.2425249169435216
6,p5,base,jitter-0.1,45,0.0,0.0,0.0,0.0414642986589344,0.0,13795,572,14,2,0.2425249169435216
6,p5,base,delay-0.05,45,0.0,0.0,0.0,0.0414642986589344,0.0,13795,572,14,2,0.2425249169435216
6,p5,base,delay-0.1,45,0.0,0.0,0.0,0.0414642986589344,0.0,13795,572,14,2,0.2425249169435216
6,p5,base,delay-0.25,45,0.0,0.0,0.0,0.0414642986589344,0.0,13795,572,14,2,0.2425249169435216
6,p5,base,disconnect-0.5,45,0.0,0.007194244604316547,0.0,0.04269662921348315,0.007104023196810439,13795,589,14,2,0.2425249169435216
6,p5,base,disconnect-1,45,0.0,0.007194244604316547,0.0,0.04581370061616528,0.007176513229430953,13795,632,14,2,0.37209302325581395
6,p5,base,disconnect-3,45,0.0,0.029900332225913623,0.0,0.05784704603117071,0.032765494744472635,13795,798,18,3,0.3548387096774194
6,p5,base,burst_trial-0.1,45,0.0,0.0,0.0,0.05748459586806814,0.0,13795,793,17,3,0.37209302325581395
6,p5,base,burst_trial-0.25,45,0.0,0.0,0.0,0.09242479159115621,0.0005799202609641174,13795,1275,22,4,0.5110410094637224
6,p5,base,burst_trial-0.4,45,0.025179856115107913,0.06976744186046512,0.02877697841726619,0.10974990938745922,0.06654584994563248,13795,1514,30,7,0.6187050359712231
6,p5,base,disconnect_trial-0.5,45,0.04318936877076412,0.08273381294964029,0.04983388704318937,0.08010148604566872,0.07908662558898151,13795,1105,23,6,0.5043988269794721
6,p5,base,disconnect_trial-1,45,0.04318936877076412,0.08273381294964029,0.04983388704318937,0.08010148604566872,0.07908662558898151,13795,1105,23,6,0.5043988269794721
6,p5,base,disconnect_trial-2,45,0.0694006309148265,0.19242902208201892,0.08517350157728706,0.13642624139180862,0.1733236679956506,13795,1882,26,6,0.7589928057553957
6,p5,estricto,ref,45,0.0,0.0,0.0,0.0414642986589344,0.0,13795,572,14,2,0.2425249169435216
6,p5,estricto,loss-random-0.01,45,0.0,0.9116719242902208,0.0,0.0019572308807538964,0.8916274012323305,13795,27,10,1,0.029900332225913623
6,p5,estricto,loss-random-0.05,45,0.0,1.0,0.0,0.0,0.9675969554186299,13795,0,0,0,0.0
6,p5,estricto,loss-random-0.1,45,0.0,1.0,0.0,0.0,0.9727437477346865,13795,0,0,0,0.0
6,p5,estricto,jitter-0.01,45,0.0,0.0,0.0,0.0414642986589344,0.0,13795,572,14,2,0.2425249169435216
6,p5,estricto,jitter-0.05,45,0.0,0.0,0.0,0.0414642986589344,7.249003262051468e-05,13795,572,14,2,0.2425249169435216
6,p5,estricto,jitter-0.1,45,0.0,0.15282392026578073,0.0,0.034940195723088076,0.15172163827473722,13795,482,14,2,0.21926910299003322
6,p5,estricto,delay-0.05,45,0.0,1.0,0.0,0.0,0.9585357013410656,13795,0,0,0,0.0
6,p5,estricto,delay-0.1,45,0.0,1.0,0.0,0.0,0.9585357013410656,13795,0,0,0,0.0
6,p5,estricto,delay-0.25,45,0.0,1.0,0.0,0.0,0.9585357013410656,13795,0,0,0,0.0
6,p5,estricto,disconnect-0.5,45,0.0,0.020527859237536656,0.0,0.042261689017760055,0.019717288872779994,13795,583,14,2,0.23920265780730898
6,p5,estricto,disconnect-1,45,0.0,0.02040816326530612,0.0,0.045523740485683216,0.02000724900326205,13795,628,14,2,0.37209302325581395
6,p5,estricto,disconnect-3,45,0.0,0.04318936877076412,0.0,0.05704965567234505,0.04566872055092425,13795,787,18,3,0.3460410557184751
6,p5,estricto,burst_trial-0.1,45,0.0,0.1223021582733813,0.0,0.05059804276911924,0.116056542225444,13795,698,17,3,0.32558139534883723
6,p5,estricto,burst_trial-0.25,45,0.0,0.1223021582733813,0.0,0.08082638637187387,0.11221457049655673,13795,1115,22,4,0.444794952681388
6,p5,estricto,burst_trial-0.4,45,0.019933554817275746,0.18272425249169436,0.02877697841726619,0.09517941283073578,0.17549836897426604,13795,1313,30,7,0.5287769784172662
6,p5,estricto,disconnect_trial-0.5,45,0.036544850498338874,0.19784172661870503,0.04983388704318937,0.06944545125045307,0.19130119608553825,13795,958,23,6,0.436950146627566
6,p5,estricto,disconnect_trial-1,45,0.036544850498338874,0.19784172661870503,0.04983388704318937,0.06944545125045307,0.19130119608553825,13795,958,23,6,0.436950146627566
6,p5,estricto,disconnect_trial-2,45,0.05993690851735016,0.305993690851735,0.08517350157728706,0.11525915186661834,0.2750271837622327,13795,1590,26,6,0.6402877697841727
8,min,base,ref,45,0.0,0.0,0.0,0.0,0.0,12750,0,0,0,0.0
8,min,base,loss-random-0.01,45,0.0,0.0,0.0,0.0,0.0,12750,0,0,0,0.0
8,min,base,loss-random-0.05,45,0.0,0.0,0.0,0.004392156862745098,0.0,12750,56,1,0,0.1958041958041958
8,min,base,loss-random-0.1,45,0.0,0.0,0.0,0.003215686274509804,0.0,12750,41,1,0,0.14335664335664336
8,min,base,jitter-0.01,45,0.0,0.0,0.0,0.0,0.0,12750,0,0,0,0.0
8,min,base,jitter-0.05,45,0.0,0.0,0.0,0.0,0.0,12750,0,0,0,0.0
8,min,base,jitter-0.1,45,0.0,0.0,0.0,0.0,0.0,12750,0,0,0,0.0
8,min,base,delay-0.05,45,0.0,0.0,0.0,0.0,0.0,12750,0,0,0,0.0
8,min,base,delay-0.1,45,0.0,0.0,0.0,0.0,0.0,12750,0,0,0,0.0
8,min,base,delay-0.25,45,0.0,0.0,0.0,0.0,0.0,12750,0,0,0,0.0
8,min,base,disconnect-0.5,45,0.0,0.006993006993006993,0.0,0.0,0.006823529411764706,12750,0,0,0,0.0
8,min,base,disconnect-1,45,0.0,0.006993006993006993,0.0,0.00196078431372549,0.007294117647058823,12750,25,1,0,0.08741258741258741
8,min,base,disconnect-3,45,0.0,0.03470031545741325,0.0,0.009254901960784314,0.03364705882352941,12750,118,2,0,0.22082018927444794
8,min,base,burst_trial-0.1,45,0.0,0.0,0.0,0.009725490196078431,0.0,12750,124,4,0,0.1829652996845426
8,min,base,burst_trial-0.25,45,0.0,0.0,0.0,0.028941176470588234,0.0008627450980392157,12750,369,10,1,0.381294964028777
8,min,base,burst_trial-0.4,45,0.0,0.07342657342657342,0.0,0.03419607843137255,0.0723921568627451,12750,436,8,0,0.3531468531468531
8,min,base,disconnect_trial-0.5,45,0.0,0.08517350157728706,0.0,0.03019607843137255,0.08219607843137255,12750,385,7,0,0.3217665615141956
8,min,base,disconnect_trial-1,45,0.0,0.08517350157728706,0.0,0.03019607843137255,0.08219607843137255,12750,385,7,0,0.3217665615141956
8,min,base,disconnect_trial-2,45,0.0,0.2062937062937063,0.0,0.0744313725490196,0.1875294117647059,12750,949,16,2,0.6929133858267716
8,min,estricto,ref,45,0.0,0.0,0.0,0.0,0.0,12750,0,0,0,0.0
8,min,estricto,loss-random-0.01,45,0.0,0.9195804195804196,0.0,0.0,0.9193725490196079,12750,0,0,0,0.0
8,min,estricto,loss-random-0.05,45,0.0,1.0,0.0,0.0,0.9956078431372549,12750,0,0,0,0.0
8,min,estricto,loss-random-0.1,45,0.0,1.0,0.0,0.0,0.9967843137254901,12750,0,0,0,0.0
8,min,estricto,jitter-0.01,45,0.0,0.0,0.0,0.0,0.0,12750,0,0,0,0.0
8,min,estricto,jitter-0.05,45,0.0,0.0,0.0,0.0,7.843137254901961e-05,12750,0,0,0,0.0
8,min,estricto,jitter-0.1,45,0.0,0.15772870662460567,0.0,0.0,0.15929411764705884,12750,0,0,0,0.0
8,min,estricto,delay-0.05,45,0.0,1.0,0.0,0.0,1.0,12750,0,0,0,0.0
8,min,estricto,delay-0.1,45,0.0,1.0,0.0,0.0,1.0,12750,0,0,0,0.0
8,min,estricto,delay-0.25,45,0.0,1.0,0.0,0.0,1.0,12750,0,0,0,0.0
8,min,estricto,disconnect-0.5,45,0.0,0.02097902097902098,0.0,0.0,0.019529411764705882,12750,0,0,0,0.0
8,min,estricto,disconnect-1,45,0.0,0.01892744479495268,0.0,0.00196078431372549,0.02031372549019608,12750,25,1,0,0.08741258741258741
8,min,estricto,disconnect-3,45,0.0,0.0473186119873817,0.0,0.009098039215686275,0.04713725490196079,12750,116,2,0,0.21766561514195584
8,min,estricto,burst_trial-0.1,45,0.0,0.12237762237762238,0.0,0.008627450980392156,0.12211764705882353,12750,110,4,0,0.1640378548895899
8,min,estricto,burst_trial-0.25,45,0.0,0.12237762237762238,0.0,0.025333333333333333,0.12031372549019607,12750,323,10,1,0.33093525179856115
8,min,estricto,burst_trial-0.4,45,0.0,0.1958041958041958,0.0,0.02988235294117647,0.1911372549019608,12750,381,8,0,0.3111888111888112
8,min,estricto,disconnect_trial-0.5,45,0.0,0.2082018927444795,0.0,0.02611764705882353,0.20054901960784313,12750,333,7,0,0.277602523659306
8,min,estricto,disconnect_trial-1,45,0.0,0.2082018927444795,0.0,0.02611764705882353,0.20054901960784313,12750,333,7,0,0.277602523659306
8,min,estricto,disconnect_trial-2,45,0.0,0.32867132867132864,0.0,0.06282352941176471,0.2983529411764706,12750,801,16,2,0.5826771653543307
8,min-0.05,base,ref,45,0.0,0.0,0.0,0.0,0.0,12750,0,0,0,0.0
8,min-0.05,base,loss-random-0.01,45,0.0,0.0,0.0,0.0,0.0,12750,0,0,0,0.0
8,min-0.05,base,loss-random-0.05,45,0.0,0.0,0.0,0.004392156862745098,0.0,12750,56,1,0,0.1958041958041958
8,min-0.05,base,loss-random-0.1,45,0.0,0.0,0.0,0.0025882352941176473,0.0,12750,33,1,0,0.11538461538461539
8,min-0.05,base,jitter-0.01,45,0.0,0.0,0.0,0.0,0.0,12750,0,0,0,0.0
8,min-0.05,base,jitter-0.05,45,0.0,0.0,0.0,0.0,0.0,12750,0,0,0,0.0
8,min-0.05,base,jitter-0.1,45,0.0,0.0,0.0,0.0,0.0,12750,0,0,0,0.0
8,min-0.05,base,delay-0.05,45,0.0,0.0,0.0,0.0,0.0,12750,0,0,0,0.0
8,min-0.05,base,delay-0.1,45,0.0,0.0,0.0,0.0,0.0,12750,0,0,0,0.0
8,min-0.05,base,delay-0.25,45,0.0,0.0,0.0,0.0,0.0,12750,0,0,0,0.0
8,min-0.05,base,disconnect-0.5,45,0.0,0.006993006993006993,0.0,0.0,0.006823529411764706,12750,0,0,0,0.0
8,min-0.05,base,disconnect-1,45,0.0,0.006993006993006993,0.0,0.00196078431372549,0.007294117647058823,12750,25,1,0,0.08741258741258741
8,min-0.05,base,disconnect-3,45,0.0,0.03470031545741325,0.0,0.00196078431372549,0.03403921568627451,12750,25,1,0,0.08741258741258741
8,min-0.05,base,burst_trial-0.1,45,0.0,0.0,0.0,0.00196078431372549,0.0,12750,25,1,0,0.08741258741258741
8,min-0.05,base,burst_trial-0.25,45,0.0,0.0,0.0,0.01231372549019608,0.0008627450980392157,12750,157,7,0,0.23426573426573427
8,min-0.05,base,burst_trial-0.4,45,0.0,0.07342657342657342,0.0,0.01631372549019608,0.07396078431372549,12750,208,6,0,0.2517482517482518
8,min-0.05,base,disconnect_trial-0.5,45,0.0,0.08517350157728706,0.0,0.02454901960784314,0.08290196078431372,12750,313,7,0,0.2586750788643533
8,min-0.05,base,disconnect_trial-1,45,0.0,0.08517350157728706,0.0,0.02454901960784314,0.08290196078431372,12750,313,7,0,0.2586750788643533
8,min-0.05,base,disconnect_trial-2,45,0.0,0.2062937062937063,0.0,0.04964705882352941,0.19419607843137254,12750,633,12,0,0.6692913385826772
8,min-0.05,estricto,ref,45,0.0,0.0,0.0,0.0,0.0,12750,0,0,0,0.0
8,min-0.05,estricto,loss-random-0.01,45,0.0,0.9195804195804196,0.0,0.0,0.9193725490196079,12750,0,0,0,0.0
8,min-0.05,estricto,loss-random-0.05,45,0.0,1.0,0.0,0.0,0.9956078431372549,12750,0,0,0,0.0
8,min-0.05,estricto,loss-random-0.1,45,0.0,1.0,0.0,0.0,0.9974117647058823,12750,0,0,0,0.0
8,min-0.05,estricto,jitter-0.01,45,0.0,0.0,0.0,0.0,0.0,12750,0,0,0,0.0
8,min-0.05,estricto,jitter-0.05,45,0.0,0.0,0.0,0.0,7.843137254901961e-05,12750,0,0,0,0.0
8,min-0.05,estricto,jitter-0.1,45,0.0,0.15772870662460567,0.0,0.0,0.15929411764705884,12750,0,0,0,0.0
8,min-0.05,estricto,delay-0.05,45,0.0,1.0,0.0,0.0,1.0,12750,0,0,0,0.0
8,min-0.05,estricto,delay-0.1,45,0.0,1.0,0.0,0.0,1.0,12750,0,0,0,0.0
8,min-0.05,estricto,delay-0.25,45,0.0,1.0,0.0,0.0,1.0,12750,0,0,0,0.0
8,min-0.05,estricto,disconnect-0.5,45,0.0,0.02097902097902098,0.0,0.0,0.019529411764705882,12750,0,0,0,0.0
8,min-0.05,estricto,disconnect-1,45,0.0,0.01892744479495268,0.0,0.00196078431372549,0.02031372549019608,12750,25,1,0,0.08741258741258741
8,min-0.05,estricto,disconnect-3,45,0.0,0.0473186119873817,0.0,0.00196078431372549,0.04768627450980392,12750,25,1,0,0.08741258741258741
8,min-0.05,estricto,burst_trial-0.1,45,0.0,0.12237762237762238,0.0,0.0017254901960784314,0.12298039215686274,12750,22,1,0,0.07692307692307693
8,min-0.05,estricto,burst_trial-0.25,45,0.0,0.12237762237762238,0.0,0.010666666666666666,0.12227450980392157,12750,136,7,0,0.2062937062937063
8,min-0.05,estricto,burst_trial-0.4,45,0.0,0.1958041958041958,0.0,0.01419607843137255,0.19490196078431374,12750,181,6,0,0.2202797202797203
8,min-0.05,estricto,disconnect_trial-0.5,45,0.0,0.2082018927444795,0.0,0.021254901960784313,0.2020392156862745,12750,271,7,0,0.22397476340694006
8,min-0.05,estricto,disconnect_trial-1,45,0.0,0.2082018927444795,0.0,0.021254901960784313,0.2020392156862745,12750,271,7,0,0.22397476340694006
8,min-0.05,estricto,disconnect_trial-2,45,0.0,0.32867132867132864,0.0,0.04188235294117647,0.30886274509803924,12750,534,12,0,0.562992125984252
8,p5,base,ref,45,0.0,0.0,0.0,0.04423529411764706,0.0,12750,564,13,0,0.45454545454545453
8,p5,base,loss-random-0.01,45,0.0,0.0,0.0,0.04423529411764706,0.0,12750,564,14,1,0.45454545454545453
8,p5,base,loss-random-0.05,45,0.0,0.0,0.0,0.04345098039215686,0.0,12750,554,12,0,0.45454545454545453
8,p5,base,loss-random-0.1,45,0.0,0.0,0.0,0.04211764705882353,0.0,12750,537,11,1,0.479020979020979
8,p5,base,jitter-0.01,45,0.0,0.0,0.0,0.04423529411764706,0.0,12750,564,13,0,0.45454545454545453
8,p5,base,jitter-0.05,45,0.0,0.0,0.0,0.04423529411764706,0.0,12750,564,13,0,0.45454545454545453
8,p5,base,jitter-0.1,45,0.0,0.0,0.0,0.04423529411764706,0.0,12750,564,13,0,0.45454545454545453
8,p5,base,delay-0.05,45,0.0,0.0,0.0,0.04423529411764706,0.0,12750,564,13,0,0.45454545454545453
8,p5,base,delay-0.1,45,0.0,0.0,0.0,0.04423529411764706,0.0,12750,564,13,0,0.45454545454545453
8,p5,base,delay-0.25,45,0.0,0.0,0.0,0.04423529411764706,0.0,12750,564,13,0,0.45454545454545453
8,p5,base,disconnect-0.5,45,0.0,0.006993006993006993,0.0,0.044941176470588234,0.006666666666666667,12750,573,14,1,0.44755244755244755
8,p5,base,disconnect-1,45,0.0,0.006309148264984227,0.0,0.04698039215686275,0.0069019607843137255,12750,599,15,1,0.44755244755244755
8,p5,base,disconnect-3,45,0.0,0.031496062992125984,0.0,0.06745098039215686,0.03192156862745098,12750,860,16,2,0.527972027972028
8,p5,base,burst_trial-0.1,45,0.0,0.0,0.0,0.07317647058823529,0.0,12750,933,19,2,0.45454545454545453
8,p5,base,burst_trial-0.25,45,0.0,0.0,0.0,0.08,0.000784313725490196,12750,1020,19,3,0.6088328075709779
8,p5,base,burst_trial-0.4,45,0.07086614173228346,0.06309148264984227,0.07480314960629922,0.13349019607843138,0.0643921568627451,12750,1702,27,6,0.7062937062937062
8,p5,base,disconnect_trial-0.5,45,0.0539568345323741,0.08273381294964029,0.05755395683453238,0.1136470588235294,0.07505882352941176,12750,1449,23,5,0.5394321766561514
8,p5,base,disconnect_trial-1,45,0.0539568345323741,0.08273381294964029,0.05755395683453238,0.1136470588235294,0.07505882352941176,12750,1449,23,5,0.5394321766561514
8,p5,base,disconnect_trial-2,45,0.12937062937062938,0.16783216783216784,0.16783216783216784,0.1807843137254902,0.1607843137254902,12750,2305,29,7,0.7937062937062938
8,p5,estricto,ref,45,0.0,0.0,0.0,0.04423529411764706,0.0,12750,564,13,0,0.45454545454545453
8,p5,estricto,loss-random-0.01,45,0.0,0.9136690647482014,0.0,0.002823529411764706,0.8779607843137255,12750,36,12,0,0.027972027972027972
8,p5,estricto,loss-random-0.05,45,0.0,1.0,0.0,0.0,0.9565490196078431,12750,0,0,0,0.0
8,p5,estricto,loss-random-0.1,45,0.0,1.0,0.0,0.0,0.9578823529411765,12750,0,0,0,0.0
8,p5,estricto,jitter-0.01,45,0.0,0.0,0.0,0.04423529411764706,0.0,12750,564,13,0,0.45454545454545453
8,p5,estricto,jitter-0.05,45,0.0,0.0,0.0,0.04423529411764706,7.843137254901961e-05,12750,564,13,0,0.45454545454545453
8,p5,estricto,jitter-0.1,45,0.0,0.15384615384615385,0.0,0.03725490196078431,0.1523137254901961,12750,475,13,0,0.3811188811188811
8,p5,estricto,delay-0.05,45,0.0,1.0,0.0,0.0,0.955764705882353,12750,0,0,0,0.0
8,p5,estricto,delay-0.1,45,0.0,1.0,0.0,0.0,0.955764705882353,12750,0,0,0,0.0
8,p5,estricto,delay-0.25,45,0.0,1.0,0.0,0.0,0.955764705882353,12750,0,0,0,0.0
8,p5,estricto,disconnect-0.5,45,0.0,0.01968503937007874,0.0,0.044627450980392155,0.019058823529411763,12750,569,14,1,0.4405594405594406
8,p5,estricto,disconnect-1,45,0.0,0.01892744479495268,0.0,0.04635294117647059,0.019294117647058823,12750,591,15,1,0.4405594405594406
8,p5,estricto,disconnect-3,45,0.0,0.04330708661417323,0.0,0.06650980392156863,0.044627450980392155,12750,848,16,2,0.5209790209790209
8,p5,estricto,burst_trial-0.1,45,0.0,0.1220472440944882,0.0,0.06415686274509803,0.11419607843137256,12750,818,19,2,0.4020979020979021
8,p5,estricto,burst_trial-0.25,45,0.0,0.1223021582733813,0.0,0.07043137254901961,0.11427450980392156,12750,898,19,3,0.5362776025236593
8,p5,estricto,burst_trial-0.4,45,0.06299212598425197,0.16929133858267717,0.07480314960629922,0.1156078431372549,0.1695686274509804,12750,1474,27,6,0.6153846153846154
8,p5,estricto,disconnect_trial-0.5,45,0.046762589928057555,0.19784172661870503,0.05755395683453238,0.09858823529411764,0.18243137254901962,12750,1257,23,5,0.4668769716088328
8,p5,estricto,disconnect_trial-1,45,0.046762589928057555,0.19784172661870503,0.05755395683453238,0.09858823529411764,0.18243137254901962,12750,1257,23,5,0.4668769716088328
8,p5,estricto,disconnect_trial-2,45,0.10839160839160839,0.2692307692307692,0.16783216783216784,0.15294117647058825,0.2553725490196078,12750,1950,29,7,0.6713286713286714
12,min,base,ref,45,0.0,0.0,0.0,0.0,0.0,9297,0,0,0,0.0
12,min,base,loss-random-0.01,45,0.0,0.0,0.0,0.0017209852640636765,0.0,9297,16,1,0,0.06986899563318777
12,min,base,loss-random-0.05,45,0.0,0.0,0.0,0.00978810368936216,0.0,9297,91,1,0,0.48148148148148145
12,min,base,loss-random-0.1,45,0.0,0.0,0.0,0.017640098956652684,0.0,9297,164,3,0,0.5608465608465608
12,min,base,jitter-0.01,45,0.0,0.0,0.0,0.0,0.0,9297,0,0,0,0.0
12,min,base,jitter-0.05,45,0.0,0.0,0.0,0.0,0.0,9297,0,0,0,0.0
12,min,base,jitter-0.1,45,0.0,0.0,0.0,0.0,0.0,9297,0,0,0,0.0
12,min,base,delay-0.05,45,0.0,0.0,0.0,0.0,0.0,9297,0,0,0,0.0
12,min,base,delay-0.1,45,0.0,0.0,0.0,0.0,0.0,9297,0,0,0,0.0
12,min,base,delay-0.25,45,0.0,0.0,0.0,0.0,0.0,9297,0,0,0,0.0
12,min,base,disconnect-0.5,45,0.0,0.0055248618784530384,0.0,0.0,0.006668817898246747,9297,0,0,0,0.0
12,min,base,disconnect-1,45,0.0,0.005291005291005291,0.0,0.006131010003226848,0.006131010003226848,9297,57,2,0,0.21693121693121692
12,min,base,disconnect-3,45,0.0,0.0326530612244898,0.0,0.02430891685489943,0.036570936861353126,9297,226,3,0,0.42358078602620086
12,min,base,burst_trial-0.1,45,0.0,0.0,0.0,0.026352586855975045,0.0,9297,245,5,0,0.49344978165938863
12,min,base,burst_trial-0.25,45,0.0,0.0,0.0,0.05754544476712918,0.0007529310530278584,9297,535,8,1,0.8558951965065502
12,min,base,burst_trial-0.4,45,0.0,0.06550218340611354,0.0,0.12896633322577175,0.06550500161342368,9297,1199,19,3,0.8994708994708994
12,min,base,disconnect_trial-0.5,45,0.0,0.08979591836734693,0.0,0.11681187479832204,0.07884263740991718,9297,1086,14,2,0.8122270742358079
12,min,base,disconnect_trial-1,45,0.0,0.08979591836734693,0.0,0.11681187479832204,0.07884263740991718,9297,1086,14,2,0.8122270742358079
12,min,base,disconnect_trial-2,45,0.14285714285714285,0.1693121693121693,0.17551020408163265,0.18812520167796062,0.1623104227170055,9297,1749,26,6,0.7900552486187845
12,min,estricto,ref,45,0.0,0.0,0.0,0.0,0.0,9297,0,0,0,0.0
12,min,estricto,loss-random-0.01,45,0.0,0.9259259259259259,0.0,0.00010756157900397978,0.9190061310100033,9297,1,1,0,0.004366812227074236
12,min,estricto,loss-random-0.05,45,0.0,1.0,0.0,0.0,0.9902118963106379,9297,0,0,0,0.0
12,min,estricto,loss-random-0.1,45,0.0,1.0,0.0,0.0,0.9823599010433474,9297,0,0,0,0.0
12,min,estricto,jitter-0.01,45,0.0,0.0,0.0,0.0,0.0,9297,0,0,0,0.0
12,min,estricto,jitter-0.05,45,0.0,0.0,0.0,0.0,0.00010756157900397978,9297,0,0,0,0.0
12,min,estricto,jitter-0.1,45,0.0,0.15873015873015872,0.0,0.0,0.159513821662902,9297,0,0,0,0.0
12,min,estricto,delay-0.05,45,0.0,1.0,0.0,0.0,1.0,9297,0,0,0,0.0
12,min,estricto,delay-0.1,45,0.0,1.0,0.0,0.0,1.0,9297,0,0,0,0.0
12,min,estricto,delay-0.25,45,0.0,1.0,0.0,0.0,1.0,9297,0,0,0,0.0
12,min,estricto,disconnect-0.5,45,0.0,0.02040816326530612,0.0,0.0,0.0196837689577283,9297,0,0,0,0.0
12,min,estricto,disconnect-1,45,0.0,0.015873015873015872,0.0,0.006023448424222868,0.01850059158868452,9297,56,2,0,0.21693121693121692
12,min,estricto,disconnect-3,45,0.0,0.047619047619047616,0.0,0.02430891685489943,0.050984188447886415,9297,226,3,0,0.42358078602620086
12,min,estricto,burst_trial-0.1,45,0.0,0.12169312169312169,0.0,0.023233301064859633,0.11950091427342154,9297,216,5,0,0.43231441048034935
12,min,estricto,burst_trial-0.25,45,0.0,0.1222707423580786,0.0,0.050661503710874474,0.1164891900613101,9297,471,8,1,0.7510917030567685
12,min,estricto,burst_trial-0.4,45,0.0,0.18340611353711792,0.0,0.11197160374314295,0.1712380337743358,9297,1041,19,3,0.7777777777777778
12,min,estricto,disconnect_trial-0.5,45,0.0,0.21164021164021163,0.0,0.10132300742174895,0.18532860062385717,9297,942,14,2,0.7030567685589519
12,min,estricto,disconnect_trial-1,45,0.0,0.21164021164021163,0.0,0.10132300742174895,0.18532860062385717,9297,942,14,2,0.7030567685589519
12,min,estricto,disconnect_trial-2,45,0.12244897959183673,0.2698412698412698,0.17551020408163265,0.15929869850489406,0.25545875013445196,9297,1481,26,6,0.6685082872928176
12,min-0.05,base,ref,45,0.0,0.0,0.0,0.0,0.0,9297,0,0,0,0.0
12,min-0.05,base,loss-random-0.01,45,0.0,0.0,0.0,0.0,0.0,9297,0,0,0,0.0
12,min-0.05,base,loss-random-0.05,45,0.0,0.0,0.0,0.0025814778960955146,0.0,9297,24,1,0,0.12698412698412698
12,min-0.05,base,loss-random-0.1,45,0.0,0.0,0.0,0.006238571582230827,0.0,9297,58,2,0,0.1746031746031746
12,min-0.05,base,jitter-0.01,45,0.0,0.0,0.0,0.0,0.0,9297,0,0,0,0.0
12,min-0.05,base,jitter-0.05,45,0.0,0.0,0.0,0.0,0.0,9297,0,0,0,0.0
12,min-0.05,base,jitter-0.1,45,0.0,0.0,0.0,0.0,0.0,9297,0,0,0,0.0
12,min-0.05,base,delay-0.05,45,0.0,0.0,0.0,0.0,0.0,9297,0,0,0,0.0
12,min-0.05,base,delay-0.1,45,0.0,0.0,0.0,0.0,0.0,9297,0,0,0,0.0
12,min-0.05,base,delay-0.25,45,0.0,0.0,0.0,0.0,0.0,9297,0,0,0,0.0
12,min-0.05,base,disconnect-0.5,45,0.0,0.0055248618784530384,0.0,0.0,0.006668817898246747,9297,0,0,0,0.0
12,min-0.05,base,disconnect-1,45,0.0,0.005291005291005291,0.0,0.0017209852640636765,0.006131010003226848,9297,16,1,0,0.08465608465608465
12,min-0.05,base,disconnect-3,45,0.0,0.0326530612244898,0.0,0.010325911584382058,0.036570936861353126,9297,96,3,0,0.25925925925925924
12,min-0.05,base,burst_trial-0.1,45,0.0,0.0,0.0,0.005162955792191029,0.0,9297,48,3,0,0.10480349344978165
12,min-0.05,base,burst_trial-0.25,45,0.0,0.0,0.0,0.042701946864579975,0.0007529310530278584,9297,397,6,0,0.7724867724867724
12,min-0.05,base,burst_trial-0.4,45,0.0,0.06938775510204082,0.0,0.06787135635151124,0.0702377110895988,9297,631,14,1,0.8253968253968254
12,min-0.05,base,disconnect_trial-0.5,45,0.0,0.08979591836734693,0.0,0.06292352371732816,0.08400559320210821,9297,585,10,1,0.5555555555555556
12,min-0.05,base,disconnect_trial-1,45,0.0,0.08979591836734693,0.0,0.06292352371732816,0.08400559320210821,9297,585,10,1,0.5555555555555556
12,min-0.05,base,disconnect_trial-2,45,0.021834061135371178,0.2052401746724891,0.03056768558951965,0.13219318059589114,0.17683123588254276,9297,1229,22,5,0.7900552486187845
12,min-0.05,estricto,ref,45,0.0,0.0,0.0,0.0,0.0,9297,0,0,0,0.0
12,min-0.05,estricto,loss-random-0.01,45,0.0,0.9259259259259259,0.0,0.0,0.920619554695063,9297,0,0,0,0.0
12,min-0.05,estricto,loss-random-0.05,45,0.0,1.0,0.0,0.0,0.9974185221039045,9297,0,0,0,0.0
12,min-0.05,estricto,loss-random-0.1,45,0.0,1.0,0.0,0.0,0.9937614284177692,9297,0,0,0,0.0
12,min-0.05,estricto,jitter-0.01,45,0.0,0.0,0.0,0.0,0.0,9297,0,0,0,0.0
12,min-0.05,estricto,jitter-0.05,45,0.0,0.0,0.0,0.0,0.00010756157900397978,9297,0,0,0,0.0
12,min-0.05,estricto,jitter-0.1,45,0.0,0.15873015873015872,0.0,0.0,0.159513821662902,9297,0,0,0,0.0
12,min-0.05,estricto,delay-0.05,45,0.0,1.0,0.0,0.0,1.0,9297,0,0,0,0.0
12,min-0.05,estricto,delay-0.1,45,0.0,1.0,0.0,0.0,1.0,9297,0,0,0,0.0
12,min-0.05,estricto,delay-0.25,45,0.0,1.0,0.0,0.0,1.0,9297,0,0,0,0.0
12,min-0.05,estricto,disconnect-0.5,45,0.0,0.02040816326530612,0.0,0.0,0.0196837689577283,9297,0,0,0,0.0
12,min-0.05,estricto,disconnect-1,45,0.0,0.015873015873015872,0.0,0.0017209852640636765,0.0186081531676885,9297,16,1,0,0.08465608465608465
12,min-0.05,estricto,disconnect-3,45,0.0,0.047619047619047616,0.0,0.010325911584382058,0.050984188447886415,9297,96,3,0,0.25925925925925924
12,min-0.05,estricto,burst_trial-0.1,45,0.0,0.12169312169312169,0.0,0.00462514789717113,0.12208239216951705,9297,43,3,0,0.09170305676855896
12,min-0.05,estricto,burst_trial-0.25,45,0.0,0.1222707423580786,0.0,0.03753899107238894,0.11821017532537377,9297,349,6,0,0.6825396825396826
12,min-0.05,estricto,burst_trial-0.4,45,0.0,0.18775510204081633,0.0,0.05883618371517694,0.18393030009680542,9297,547,14,1,0.7142857142857143
12,min-0.05,estricto,disconnect_trial-0.5,45,0.0,0.21164021164021163,0.0,0.05464128213402173,0.19769818220931484,9297,508,10,1,0.48148148148148145
12,min-0.05,estricto,disconnect_trial-1,45,0.0,0.21164021164021163,0.0,0.05464128213402173,0.19769818220931484,9297,508,10,1,0.48148148148148145
12,min-0.05,estricto,disconnect_trial-2,45,0.017467248908296942,0.3231441048034934,0.03056768558951965,0.11186404216413896,0.27847692804130364,9297,1040,22,5,0.6685082872928176
12,p5,base,ref,45,0.0,0.0,0.0,0.028718941594062602,0.0,9297,267,9,0,0.3386243386243386
12,p5,base,loss-random-0.01,45,0.0,0.0,0.0,0.030332365279122298,0.0,9297,282,9,0,0.3386243386243386
12,p5,base,loss-random-0.05,45,0.0,0.0,0.0,0.039475099494460576,0.0,9297,367,9,0,0.6137566137566137
12,p5,base,loss-random-0.1,45,0.0,0.0,0.0,0.054748843713025706,0.0,9297,509,9,1,0.873015873015873
12,p5,base,jitter-0.01,45,0.0,0.0,0.0,0.028718941594062602,0.0,9297,267,9,0,0.3386243386243386
12,p5,base,jitter-0.05,45,0.0,0.0,0.0,0.028718941594062602,0.0,9297,267,9,0,0.3386243386243386
12,p5,base,jitter-0.1,45,0.0,0.0,0.0,0.028718941594062602,0.0,9297,267,9,0,0.3386243386243386
12,p5,base,delay-0.05,45,0.0,0.0,0.0,0.028718941594062602,0.0,9297,267,9,0,0.3386243386243386
12,p5,base,delay-0.1,45,0.0,0.0,0.0,0.028718941594062602,0.0,9297,267,9,0,0.3386243386243386
12,p5,base,delay-0.25,45,0.0,0.0,0.0,0.028718941594062602,0.0,9297,267,9,0,0.3386243386243386
12,p5,base,disconnect-0.5,45,0.0,0.0055248618784530384,0.0,0.028718941594062602,0.006668817898246747,9297,267,9,0,0.3386243386243386
12,p5,base,disconnect-1,45,0.0,0.005291005291005291,0.0,0.03646337528234914,0.0059158868452188875,9297,339,10,0,0.26455026455026454
12,p5,base,disconnect-3,45,0.0,0.031746031746031744,0.0,0.06819404108852319,0.03345165107023771,9297,634,13,1,0.8042328042328042
12,p5,base,burst_trial-0.1,45,0.0,0.0,0.0,0.07421748951274605,0.0,9297,690,12,0,0.5283842794759825
12,p5,base,burst_trial-0.25,45,0.0,0.0,0.0,0.12036140690545337,0.0007529310530278584,9297,1119,17,4,1.0
12,p5,base,burst_trial-0.4,45,0.07755102040816327,0.06349206349206349,0.07755102040816327,0.19210498010110788,0.06023448424222867,9297,1786,26,7,0.9226519337016574
12,p5,base,disconnect_trial-0.5,45,0.037037037037037035,0.08465608465608465,0.042328042328042326,0.1691943637732602,0.07389480477573411,9297,1573,24,6,0.8122270742358079
12,p5,base,disconnect_trial-1,45,0.037037037037037035,0.08465608465608465,0.042328042328042326,0.1691943637732602,0.07389480477573411,9297,1573,24,6,0.8122270742358079
12,p5,base,disconnect_trial-2,45,0.21164021164021163,0.15873015873015872,0.26455026455026454,0.27750887383026784,0.13800150586210605,9297,2580,31,7,0.7900552486187845
12,p5,estricto,ref,45,0.0,0.0,0.0,0.028718941594062602,0.0,9297,267,9,0,0.3386243386243386
12,p5,estricto,loss-random-0.01,45,0.0,0.9153439153439153,0.0,0.0017209852640636765,0.8920081746800043,9297,16,7,0,0.031746031746031744
12,p5,estricto,loss-random-0.05,45,0.0,1.0,0.0,0.0,0.9605249005055394,9297,0,0,0,0.0
12,p5,estricto,loss-random-0.1,45,0.0,1.0,0.0,0.0,0.9452511562869743,9297,0,0,0,0.0
12,p5,estricto,jitter-0.01,45,0.0,0.0,0.0,0.028718941594062602,0.0,9297,267,9,0,0.3386243386243386
12,p5,estricto,jitter-0.05,45,0.0,0.0,0.0,0.028718941594062602,0.00010756157900397978,9297,267,9,0,0.3386243386243386
12,p5,estricto,jitter-0.1,45,0.0,0.15873015873015872,0.0,0.02420135527589545,0.15499623534473486,9297,225,9,0,0.31216931216931215
12,p5,estricto,delay-0.05,45,0.0,1.0,0.0,0.0,0.9712810584059374,9297,0,0,0,0.0
12,p5,estricto,delay-0.1,45,0.0,1.0,0.0,0.0,0.9712810584059374,9297,0,0,0,0.0
12,p5,estricto,delay-0.25,45,0.0,1.0,0.0,0.0,0.9712810584059374,9297,0,0,0,0.0
12,p5,estricto,disconnect-0.5,45,0.0,0.02040816326530612,0.0,0.02861138001505862,0.01957620737872432,9297,266,9,0,0.3386243386243386
12,p5,estricto,disconnect-1,45,0.0,0.015873015873015872,0.0,0.035710444229321285,0.017640098956652684,9297,332,10,0,0.26455026455026454
12,p5,estricto,disconnect-3,45,0.0,0.047619047619047616,0.0,0.06679574056147145,0.046466602129719266,9297,621,13,1,0.798941798941799
12,p5,estricto,burst_trial-0.1,45,0.0,0.12169312169312169,0.0,0.06518231687641174,0.11358502742820265,9297,606,12,0,0.4672489082969432
12,p5,estricto,burst_trial-0.25,45,0.0,0.12169312169312169,0.0,0.10627084005593201,0.10928256426804346,9297,988,17,4,0.8777292576419214
12,p5,estricto,burst_trial-0.4,45,0.06938775510204082,0.17142857142857143,0.07755102040816327,0.1675809400882005,0.15843820587286223,9297,1558,26,7,0.8011049723756906
12,p5,estricto,disconnect_trial-0.5,45,0.031746031746031744,0.20105820105820105,0.042328042328042326,0.1467139937614284,0.1733892653544154,9297,1364,24,6,0.7030567685589519
12,p5,estricto,disconnect_trial-1,45,0.031746031746031744,0.20105820105820105,0.042328042328042326,0.1467139937614284,0.1733892653544154,9297,1364,24,6,0.7030567685589519
12,p5,estricto,disconnect_trial-2,45,0.17989417989417988,0.24867724867724866,0.26455026455026454,0.23469936538668387,0.21716682800903517,9297,2182,31,7,0.6685082872928176
