decoder,severity,metric,n_subj,med_inicio,med_medio,med_fin,friedman_chi2,friedman_p,p_inicio_vs_fin,p_inicio_vs_medio,p_medio_vs_fin
CSP+LDA,0.1,chg,9,0.04878048780487805,0.045454545454545456,0.044444444444444446,0.6666666666666572,0.7165313105737927,0.42578125,0.49609375,1.0
CSP+LDA,0.1,acc,9,0.8,0.7333333333333333,0.7222222222222222,0.6666666666666572,0.7165313105737927,0.5703125,0.734375,1.0
CSP+LDA,0.1,dacc,9,0.0,0.0,-0.02777777777777779,1.0857142857142728,0.5810856336678238,0.42578125,0.65234375,0.4609375
CSP+LDA,0.25,chg,9,0.09090909090909091,0.09523809523809523,0.09302325581395349,0.8888888888888857,0.6411803884299555,0.49609375,0.734375,0.65234375
CSP+LDA,0.25,acc,9,0.7222222222222222,0.7209302325581395,0.7045454545454546,2.0,0.36787944117144245,0.65234375,0.65234375,0.49609375
CSP+LDA,0.25,dacc,9,0.0,-0.032258064516129004,-0.025000000000000022,1.4285714285714253,0.48954165955695406,0.7421875,0.359375,0.91015625
CSP+LDA,0.4,chg,9,0.15384615384615385,0.12195121951219512,0.13333333333333333,0.6666666666666572,0.7165313105737927,0.734375,0.49609375,0.65234375
CSP+LDA,0.4,acc,9,0.6428571428571429,0.6764705882352942,0.6756756756756757,0.22222222222221433,0.8948393168143733,0.42578125,0.65234375,0.25
CSP+LDA,0.4,dacc,9,-0.09523809523809523,-0.027027027027027084,-0.023809523809523836,6.228571428571415,0.04441021740490945,0.0546875,0.1640625,0.84375
CSP+LDA,todas (prom.),chg,9,0.09959386555131235,0.08647200752463911,0.08443443443443444,0.6666666666666572,0.7165313105737927,0.5703125,0.12890625,0.8203125
CSP+LDA,todas (prom.),acc,9,0.7216931216931218,0.6869889040887673,0.6748885248885249,0.6666666666666572,0.7165313105737927,0.734375,1.0,0.359375
CSP+LDA,todas (prom.),dacc,9,-0.03929041972520234,-0.020556609740670456,-0.025925925925925908,0.8888888888888857,0.6411803884299555,0.42578125,0.359375,1.0
CSP+LDA,0.1,spearman_u_frac_vs_chg(ensayo),1080,-0.04594182012005962,,,,0.13133696603842443,,,
CSP+LDA,0.1,spearman_u_frac_vs_acc(ensayo),1080,0.019269445088636268,,,,0.5270053458812675,,,
CSP+LDA,0.25,spearman_u_frac_vs_chg(ensayo),1080,0.018780360890559882,,,,0.53754788309386,,,
CSP+LDA,0.25,spearman_u_frac_vs_acc(ensayo),1080,-0.04187129520317286,,,,0.1691188166495708,,,
CSP+LDA,0.4,spearman_u_frac_vs_chg(ensayo),1080,0.009163388652921656,,,,0.7635690917912318,,,
CSP+LDA,0.4,spearman_u_frac_vs_acc(ensayo),1080,-0.03555832905005981,,,,0.24297543695557242,,,
CSP+LDA,todas,spearman_u_frac_vs_chg(ensayo),3240,-0.002306095304709944,,,,0.8956054130236952,,,
CSP+LDA,todas,spearman_u_frac_vs_acc(ensayo),3240,-0.020221806376690302,,,,0.24984789913696762,,,
EEGNet,0.1,chg,9,0.07692307692307693,0.05,0.04878048780487805,0.0,1.0,0.91015625,0.88671875,0.5703125
EEGNet,0.1,acc,9,0.7714285714285715,0.8,0.7333333333333333,0.22222222222221433,0.8948393168143733,0.734375,0.359375,0.91015625
EEGNet,0.1,dacc,9,-0.04999999999999999,-0.022222222222222143,0.0,1.1999999999999902,0.5488116360940292,0.30078125,0.3125,1.0
EEGNet,0.25,chg,9,0.14893617021276595,0.1282051282051282,0.0975609756097561,2.0,0.36787944117144245,0.49609375,0.359375,0.49609375
EEGNet,0.25,acc,9,0.7567567567567568,0.7674418604651163,0.6595744680851063,4.222222222222214,0.12110333239233023,0.203125,0.12890625,0.49609375
EEGNet,0.25,dacc,9,-0.05555555555555558,-0.046511627906976716,-0.021276595744680882,3.555555555555543,0.16901331540606715,0.0546875,0.30078125,0.09765625
EEGNet,0.4,chg,9,0.21428571428571427,0.23529411764705882,0.22727272727272727,0.6666666666666572,0.7165313105737927,0.734375,0.734375,0.5703125
EEGNet,0.4,acc,9,0.7111111111111111,0.696969696969697,0.6486486486486487,2.666666666666657,0.2635971381157279,0.42578125,0.734375,0.359375
EEGNet,0.4,dacc,9,-0.11904761904761907,-0.09090909090909083,-0.04761904761904767,6.222222222222214,0.04455142624448988,0.1640625,0.30078125,0.12890625
EEGNet,todas (prom.),chg,9,0.17785051827605017,0.14716522267821855,0.10775775775775776,1.555555555555543,0.4594258240359297,0.49609375,0.8203125,0.42578125
EEGNet,todas (prom.),acc,9,0.7211167211167212,0.7283629730962152,0.6803576303576303,3.555555555555543,0.16901331540606715,0.1640625,0.359375,0.359375
EEGNet,todas (prom.),dacc,9,-0.062409812409812394,-0.04668423364075536,-0.02294060512764125,2.8888888888888857,0.23587708298570037,0.0546875,0.1640625,0.1640625
EEGNet,0.1,spearman_u_frac_vs_chg(ensayo),1080,-0.016075173495817014,,,,0.5977031033645291,,,
EEGNet,0.1,spearman_u_frac_vs_acc(ensayo),1080,0.019695694379639583,,,,0.5179039784847953,,,
EEGNet,0.25,spearman_u_frac_vs_chg(ensayo),1080,-0.018169115189590128,,,,0.5508707504040519,,,
EEGNet,0.25,spearman_u_frac_vs_acc(ensayo),1080,0.02664829663138351,,,,0.38163179343310055,,,
EEGNet,0.4,spearman_u_frac_vs_chg(ensayo),1080,-0.03107677878271816,,,,0.3075620554109463,,,
EEGNet,0.4,spearman_u_frac_vs_acc(ensayo),1080,0.038712011419575684,,,,0.20365402879582228,,,
EEGNet,todas,spearman_u_frac_vs_chg(ensayo),3240,-0.021536319254981964,,,,0.22037262553468115,,,
EEGNet,todas,spearman_u_frac_vs_acc(ensayo),3240,0.02806771224099806,,,,0.11018985427991249,,,
