decoder,severity,clasif,pos,n,n_subj,chg,harm,help,acc,acc_ref_mismos,d_acc
CSP+LDA,0.1,pos,inicio,367,9,0.07629427792915532,0.03814713896457766,0.03814713896457766,0.7329700272479565,0.7329700272479565,0.0
CSP+LDA,0.1,pos,medio,364,9,0.0521978021978022,0.027472527472527472,0.024725274725274724,0.7637362637362637,0.7664835164835165,-0.0027472527472528485
CSP+LDA,0.1,pos,fin,349,9,0.05157593123209169,0.03724928366762178,0.014326647564469915,0.7564469914040115,0.7793696275071633,-0.022922636103151817
CSP+LDA,0.1,pos_centro,inicio,347,9,0.08069164265129683,0.040345821325648415,0.040345821325648415,0.7406340057636888,0.7406340057636888,0.0
CSP+LDA,0.1,pos_centro,medio,406,9,0.046798029556650245,0.024630541871921183,0.022167487684729065,0.7610837438423645,0.7635467980295566,-0.0024630541871920597
CSP+LDA,0.1,pos_centro,fin,327,9,0.05504587155963303,0.039755351681957186,0.01529051987767584,0.7492354740061162,0.7737003058103975,-0.024464831804281273
CSP+LDA,0.25,pos,inicio,356,9,0.07865168539325842,0.047752808988764044,0.03089887640449438,0.7584269662921348,0.7752808988764045,-0.016853932584269704
CSP+LDA,0.25,pos,medio,346,9,0.08959537572254335,0.05491329479768786,0.03468208092485549,0.7398843930635838,0.7601156069364162,-0.020231213872832443
CSP+LDA,0.25,pos,fin,378,9,0.10052910052910052,0.06084656084656084,0.03968253968253968,0.7222222222222222,0.7433862433862434,-0.021164021164021163
CSP+LDA,0.25,pos_centro,inicio,306,9,0.07516339869281045,0.0457516339869281,0.029411764705882353,0.7647058823529411,0.7810457516339869,-0.016339869281045805
CSP+LDA,0.25,pos_centro,medio,460,9,0.08695652173913043,0.05652173913043478,0.030434782608695653,0.7391304347826086,0.7652173913043478,-0.026086956521739202
CSP+LDA,0.25,pos_centro,fin,314,9,0.10828025477707007,0.06050955414012739,0.04777070063694268,0.7165605095541401,0.7292993630573248,-0.01273885350318471
CSP+LDA,0.4,pos,inicio,363,9,0.15151515151515152,0.12121212121212122,0.030303030303030304,0.7052341597796143,0.7961432506887053,-0.09090909090909094
CSP+LDA,0.4,pos,medio,351,9,0.1282051282051282,0.08547008547008547,0.042735042735042736,0.7207977207977208,0.7635327635327636,-0.042735042735042805
CSP+LDA,0.4,pos,fin,366,9,0.13934426229508196,0.08743169398907104,0.05191256830601093,0.6830601092896175,0.7185792349726776,-0.03551912568306015
CSP+LDA,0.4,pos_centro,inicio,248,9,0.14516129032258066,0.10887096774193548,0.036290322580645164,0.717741935483871,0.7903225806451613,-0.07258064516129026
CSP+LDA,0.4,pos_centro,medio,585,9,0.13504273504273503,0.09914529914529914,0.035897435897435895,0.6991452991452991,0.7623931623931623,-0.06324786324786325
CSP+LDA,0.4,pos_centro,fin,247,9,0.145748987854251,0.08502024291497975,0.06072874493927125,0.6963562753036437,0.7206477732793523,-0.02429149797570851
CSP+LDA,todas,pos,inicio,1086,9,0.10220994475138122,0.06906077348066299,0.03314917127071823,0.7320441988950276,0.7679558011049724,-0.035911602209944826
CSP+LDA,todas,pos,medio,1061,9,0.08953817153628653,0.05560791705937795,0.033930254476908575,0.7417530631479736,0.763430725730443,-0.021677662582469392
CSP+LDA,todas,pos,fin,1093,9,0.09789569990850869,0.06221408966148216,0.035681610247026534,0.7200365965233303,0.7465690759377859,-0.02653247941445558
CSP+LDA,todas,pos_centro,inicio,901,9,0.09655937846836848,0.06104328523862375,0.03551609322974473,0.7425083240843507,0.7680355160932297,-0.025527192008878985
CSP+LDA,todas,pos_centro,medio,1451,9,0.09510682288077188,0.0647829083390765,0.030323914541695383,0.7291523087525844,0.7636113025499656,-0.034458993797381154
CSP+LDA,todas,pos_centro,fin,888,9,0.0990990990990991,0.059684684684684686,0.039414414414414414,0.722972972972973,0.7432432432432432,-0.020270270270270174
EEGNet,0.1,pos,inicio,367,9,0.07901907356948229,0.05722070844686648,0.021798365122615803,0.7438692098092643,0.779291553133515,-0.03542234332425065
EEGNet,0.1,pos,medio,364,9,0.08241758241758242,0.04395604395604396,0.038461538461538464,0.771978021978022,0.7774725274725275,-0.005494505494505475
EEGNet,0.1,pos,fin,349,9,0.07449856733524356,0.04011461318051576,0.034383954154727794,0.7593123209169055,0.7650429799426934,-0.005730659025787954
EEGNet,0.1,pos_centro,inicio,347,9,0.08069164265129683,0.05763688760806916,0.023054755043227664,0.7435158501440923,0.7780979827089337,-0.03458213256484144
EEGNet,0.1,pos_centro,medio,406,9,0.07635467980295567,0.04187192118226601,0.034482758620689655,0.7758620689655172,0.7832512315270936,-0.007389162561576401
EEGNet,0.1,pos_centro,fin,327,9,0.07951070336391437,0.04281345565749235,0.03669724770642202,0.7522935779816514,0.7584097859327217,-0.006116207951070263
EEGNet,0.25,pos,inicio,356,9,0.16292134831460675,0.1151685393258427,0.047752808988764044,0.7219101123595506,0.7893258426966292,-0.0674157303370786
EEGNet,0.25,pos,medio,346,9,0.14450867052023122,0.0953757225433526,0.049132947976878616,0.7341040462427746,0.7803468208092486,-0.046242774566473965
EEGNet,0.25,pos,fin,378,9,0.1455026455026455,0.07671957671957672,0.06878306878306878,0.746031746031746,0.753968253968254,-0.007936507936507908
EEGNet,0.25,pos_centro,inicio,306,9,0.16666666666666666,0.11437908496732026,0.05228758169934641,0.7189542483660131,0.7810457516339869,-0.06209150326797386
EEGNet,0.25,pos_centro,medio,460,9,0.1391304347826087,0.09347826086956522,0.04565217391304348,0.7369565217391304,0.7847826086956522,-0.047826086956521796
EEGNet,0.25,pos_centro,fin,314,9,0.15286624203821655,0.07961783439490445,0.0732484076433121,0.7452229299363057,0.7515923566878981,-0.006369426751592466
EEGNet,0.4,pos,inicio,363,9,0.2534435261707989,0.18181818181818182,0.07162534435261708,0.6914600550964187,0.8016528925619835,-0.11019283746556474
EEGNet,0.4,pos,medio,351,9,0.245014245014245,0.15954415954415954,0.08547008547008547,0.6837606837606838,0.7578347578347578,-0.07407407407407407
EEGNet,0.4,pos,fin,366,9,0.226775956284153,0.13387978142076504,0.09289617486338798,0.7213114754098361,0.7622950819672131,-0.040983606557376984
EEGNet,0.4,pos_centro,inicio,248,9,0.2620967741935484,0.18951612903225806,0.07258064516129033,0.6975806451612904,0.8145161290322581,-0.11693548387096775
EEGNet,0.4,pos_centro,medio,585,9,0.24615384615384617,0.1641025641025641,0.08205128205128205,0.6820512820512821,0.764102564102564,-0.08205128205128198
EEGNet,0.4,pos_centro,fin,247,9,0.21052631578947367,0.11336032388663968,0.09716599190283401,0.7408906882591093,0.757085020242915,-0.01619433198380571
EEGNet,todas,pos,inicio,1086,9,0.16482504604051565,0.11786372007366483,0.04696132596685083,0.7191528545119705,0.7900552486187845,-0.07090239410681398
EEGNet,todas,pos,medio,1061,9,0.15645617342130066,0.09896324222431668,0.057492931196983975,0.7304429783223374,0.7719132893496701,-0.041470311027332674
EEGNet,todas,pos,fin,1093,9,0.15004574565416284,0.08417200365965233,0.06587374199451052,0.7419945105215004,0.7602927721866423,-0.018298261665141813
EEGNet,todas,pos_centro,inicio,901,9,0.1598224195338513,0.11320754716981132,0.04661487236403995,0.7225305216426193,0.7891231964483907,-0.06659267480577136
EEGNet,todas,pos_centro,medio,1451,9,0.16471399035148174,0.10751206064782909,0.057201929703652656,0.7257064093728464,0.7760165403170227,-0.05031013094417636
EEGNet,todas,pos_centro,fin,888,9,0.14189189189189189,0.07545045045045046,0.06644144144144144,0.7466216216216216,0.7556306306306306,-0.009009009009009028
