W,rule,op,label,n_exec,silent_med,loud_med,degraded_med,silent_pool,loud_pool,n_windows,n_silent_windows,n_exec_silent_gt0,n_subj_silent_med_gt0,silent_max_exec,silent_orig,loud_orig,ok_silent,ok_loud
8,min,base,ref,45,0.0,0.0,0.0,0.0,0.0,12750,0,0,0,0.0,0.0,0.0,True,True
8,min,base,loss-random-0.01,45,0.0,0.0,0.0,0.0,0.0,12750,0,0,0,0.0,0.0,0.0,True,True
8,min,base,loss-random-0.05,45,0.0,0.0,0.0,0.004392156862745098,0.0,12750,56,1,0,0.1958041958041958,0.0,0.0,True,True
8,min,base,loss-random-0.1,45,0.0,0.0,0.0,0.003215686274509804,0.0,12750,41,1,0,0.14335664335664336,0.0,0.0,True,True
8,min,base,jitter-0.01,45,0.0,0.0,0.0,0.0,0.0,12750,0,0,0,0.0,0.0,0.0,True,True
8,min,base,jitter-0.05,45,0.0,0.0,0.0,0.0,0.0,12750,0,0,0,0.0,0.0,0.0,True,True
8,min,base,jitter-0.1,45,0.0,0.0,0.0,0.0,0.0,12750,0,0,0,0.0,0.0,0.0,True,True
8,min,base,delay-0.05,45,0.0,0.0,0.0,0.0,0.0,12750,0,0,0,0.0,0.0,0.0,True,True
8,min,base,delay-0.1,45,0.0,0.0,0.0,0.0,0.0,12750,0,0,0,0.0,0.0,0.0,True,True
8,min,base,delay-0.25,45,0.0,0.0,0.0,0.0,0.0,12750,0,0,0,0.0,0.0,0.0,True,True
8,min,base,disconnect-0.5,45,0.0,0.006993006993006993,0.0,0.0,0.006823529411764706,12750,0,0,0,0.0,0.0,0.0069930069930069,True,True
8,min,base,disconnect-1,45,0.0,0.006993006993006993,0.0,0.00196078431372549,0.007294117647058823,12750,25,1,0,0.08741258741258741,0.0,0.0069930069930069,True,True
8,min,base,disconnect-3,45,0.0,0.03470031545741325,0.0,0.009254901960784314,0.03364705882352941,12750,118,2,0,0.22082018927444794,0.0,0.0347003154574132,True,True
8,min,base,burst_trial-0.1,45,0.0,0.0,0.0,0.009725490196078431,0.0,12750,124,4,0,0.1829652996845426,0.0,0.0,True,True
8,min,base,burst_trial-0.25,45,0.0,0.0,0.0,0.028941176470588234,0.0008627450980392157,12750,369,10,1,0.381294964028777,0.0,0.0,True,True
8,min,base,burst_trial-0.4,45,0.0,0.07342657342657342,0.0,0.03419607843137255,0.0723921568627451,12750,436,8,0,0.3531468531468531,0.0,0.0734265734265734,True,True
8,min,base,disconnect_trial-0.5,45,0.0,0.08517350157728706,0.0,0.03019607843137255,0.08219607843137255,12750,385,7,0,0.3217665615141956,0.0,0.085173501577287,True,True
8,min,base,disconnect_trial-1,45,0.0,0.08517350157728706,0.0,0.03019607843137255,0.08219607843137255,12750,385,7,0,0.3217665615141956,0.0,0.085173501577287,True,True
8,min,base,disconnect_trial-2,45,0.0,0.2062937062937063,0.0,0.0744313725490196,0.1875294117647059,12750,949,16,2,0.6929133858267716,0.0,0.2062937062937063,True,True
