decoder,severity,subject,pos,n,chg,acc,acc_ref,dacc
CSP+LDA,0.1,1,inicio,46,0.021739130434782608,0.9130434782608695,0.8913043478260869,0.021739130434782594
CSP+LDA,0.1,1,medio,38,0.02631578947368421,0.8947368421052632,0.868421052631579,0.02631578947368418
CSP+LDA,0.1,1,fin,36,0.08333333333333333,0.7222222222222222,0.75,-0.02777777777777779
CSP+LDA,0.1,2,inicio,40,0.2,0.625,0.525,0.09999999999999998
CSP+LDA,0.1,2,medio,39,0.10256410256410256,0.6666666666666666,0.6153846153846154,0.05128205128205121
CSP+LDA,0.1,2,fin,41,0.12195121951219512,0.6341463414634146,0.7073170731707317,-0.07317073170731703
CSP+LDA,0.1,3,inicio,39,0.02564102564102564,0.8717948717948718,0.8461538461538461,0.02564102564102566
CSP+LDA,0.1,3,medio,43,0.046511627906976744,0.9302325581395349,0.9302325581395349,0.0
CSP+LDA,0.1,3,fin,38,0.0,0.9473684210526315,0.9473684210526315,0.0
CSP+LDA,0.1,4,inicio,39,0.05128205128205128,0.5128205128205128,0.5641025641025641,-0.05128205128205132
CSP+LDA,0.1,4,medio,45,0.06666666666666667,0.7333333333333333,0.7111111111111111,0.022222222222222143
CSP+LDA,0.1,4,fin,36,0.027777777777777776,0.6111111111111112,0.6388888888888888,-0.02777777777777768
CSP+LDA,0.1,5,inicio,47,0.19148936170212766,0.46808510638297873,0.5319148936170213,-0.06382978723404253
CSP+LDA,0.1,5,medio,38,0.10526315789473684,0.5526315789473685,0.6052631578947368,-0.05263157894736836
CSP+LDA,0.1,5,fin,35,0.05714285714285714,0.7428571428571429,0.6857142857142857,0.05714285714285716
CSP+LDA,0.1,6,inicio,41,0.04878048780487805,0.5853658536585366,0.6341463414634146,-0.04878048780487809
CSP+LDA,0.1,6,medio,34,0.029411764705882353,0.47058823529411764,0.5,-0.02941176470588236
CSP+LDA,0.1,6,fin,45,0.044444444444444446,0.6888888888888889,0.7333333333333333,-0.0444444444444444
CSP+LDA,0.1,7,inicio,35,0.02857142857142857,0.8,0.7714285714285715,0.02857142857142858
CSP+LDA,0.1,7,medio,40,0.025,0.725,0.7,0.025000000000000022
CSP+LDA,0.1,7,fin,45,0.06666666666666667,0.6444444444444445,0.7111111111111111,-0.06666666666666665
CSP+LDA,0.1,8,inicio,41,0.0,0.9024390243902439,0.9024390243902439,0.0
CSP+LDA,0.1,8,medio,43,0.023255813953488372,0.9069767441860465,0.9302325581395349,-0.023255813953488413
CSP+LDA,0.1,8,fin,36,0.027777777777777776,0.9722222222222222,1.0,-0.02777777777777779
CSP+LDA,0.1,9,inicio,39,0.10256410256410256,0.9487179487179487,0.9487179487179487,0.0
CSP+LDA,0.1,9,medio,44,0.045454545454545456,0.9090909090909091,0.9545454545454546,-0.045454545454545525
CSP+LDA,0.1,9,fin,37,0.02702702702702703,0.8918918918918919,0.8648648648648649,0.027027027027026973
CSP+LDA,0.25,1,inicio,44,0.11363636363636363,0.7954545454545454,0.8636363636363636,-0.06818181818181823
CSP+LDA,0.25,1,medio,39,0.05128205128205128,0.7692307692307693,0.8205128205128205,-0.05128205128205121
CSP+LDA,0.25,1,fin,37,0.08108108108108109,0.8648648648648649,0.8378378378378378,0.027027027027027084
CSP+LDA,0.25,2,inicio,36,0.1111111111111111,0.5833333333333334,0.5833333333333334,0.0
CSP+LDA,0.25,2,medio,43,0.18604651162790697,0.7209302325581395,0.627906976744186,0.09302325581395343
CSP+LDA,0.25,2,fin,41,0.17073170731707318,0.6585365853658537,0.6341463414634146,0.024390243902439046
CSP+LDA,0.25,3,inicio,42,0.023809523809523808,0.9047619047619048,0.9285714285714286,-0.023809523809523836
CSP+LDA,0.25,3,medio,37,0.02702702702702703,0.8648648648648649,0.8918918918918919,-0.027027027027026973
CSP+LDA,0.25,3,fin,41,0.0975609756097561,0.8536585365853658,0.9024390243902439,-0.04878048780487809
CSP+LDA,0.25,4,inicio,37,0.10810810810810811,0.6216216216216216,0.6216216216216216,0.0
CSP+LDA,0.25,4,medio,43,0.11627906976744186,0.6511627906976745,0.6744186046511628,-0.023255813953488302
CSP+LDA,0.25,4,fin,40,0.1,0.575,0.625,-0.050000000000000044
CSP+LDA,0.25,5,inicio,33,0.09090909090909091,0.5757575757575758,0.6060606060606061,-0.030303030303030276
CSP+LDA,0.25,5,medio,42,0.09523809523809523,0.5714285714285714,0.6190476190476191,-0.04761904761904767
CSP+LDA,0.25,5,fin,45,0.2222222222222222,0.4444444444444444,0.5777777777777777,-0.1333333333333333
CSP+LDA,0.25,6,inicio,42,0.047619047619047616,0.6428571428571429,0.6428571428571429,0.0
CSP+LDA,0.25,6,medio,31,0.0967741935483871,0.5806451612903226,0.6129032258064516,-0.032258064516129004
CSP+LDA,0.25,6,fin,47,0.06382978723404255,0.7021276595744681,0.6382978723404256,0.06382978723404253
CSP+LDA,0.25,7,inicio,36,0.1111111111111111,0.7222222222222222,0.7222222222222222,0.0
CSP+LDA,0.25,7,medio,40,0.1,0.7,0.75,-0.050000000000000044
CSP+LDA,0.25,7,fin,44,0.045454545454545456,0.7045454545454546,0.7045454545454546,0.0
CSP+LDA,0.25,8,inicio,39,0.02564102564102564,1.0,0.9743589743589743,0.02564102564102566
CSP+LDA,0.25,8,medio,41,0.07317073170731707,0.9024390243902439,0.926829268292683,-0.024390243902439046
CSP+LDA,0.25,8,fin,40,0.025,0.9,0.925,-0.025000000000000022
CSP+LDA,0.25,9,inicio,47,0.0851063829787234,0.8936170212765957,0.9361702127659575,-0.042553191489361764
CSP+LDA,0.25,9,medio,30,0.03333333333333333,0.9333333333333333,0.9666666666666667,-0.033333333333333326
CSP+LDA,0.25,9,fin,43,0.09302325581395349,0.8372093023255814,0.8837209302325582,-0.046511627906976716
CSP+LDA,0.4,1,inicio,42,0.11904761904761904,0.8095238095238095,0.8809523809523809,-0.0714285714285714
CSP+LDA,0.4,1,medio,33,0.18181818181818182,0.7575757575757576,0.8787878787878788,-0.12121212121212122
CSP+LDA,0.4,1,fin,45,0.08888888888888889,0.7333333333333333,0.7777777777777778,-0.04444444444444451
CSP+LDA,0.4,2,inicio,44,0.22727272727272727,0.5454545454545454,0.6818181818181818,-0.13636363636363635
CSP+LDA,0.4,2,medio,41,0.17073170731707318,0.6585365853658537,0.6341463414634146,0.024390243902439046
CSP+LDA,0.4,2,fin,35,0.2857142857142857,0.45714285714285713,0.5142857142857142,-0.057142857142857106
CSP+LDA,0.4,3,inicio,38,0.05263157894736842,0.9210526315789473,0.9736842105263158,-0.052631578947368474
CSP+LDA,0.4,3,medio,37,0.08108108108108109,0.8378378378378378,0.8648648648648649,-0.027027027027027084
CSP+LDA,0.4,3,fin,45,0.13333333333333333,0.7555555555555555,0.8888888888888888,-0.1333333333333333
CSP+LDA,0.4,4,inicio,42,0.23809523809523808,0.5476190476190477,0.6428571428571429,-0.09523809523809523
CSP+LDA,0.4,4,medio,34,0.11764705882352941,0.6764705882352942,0.6764705882352942,0.0
CSP+LDA,0.4,4,fin,44,0.2727272727272727,0.6136363636363636,0.6136363636363636,0.0
CSP+LDA,0.4,5,inicio,32,0.15625,0.5625,0.59375,-0.03125
CSP+LDA,0.4,5,medio,42,0.16666666666666666,0.4523809523809524,0.5714285714285714,-0.11904761904761901
CSP+LDA,0.4,5,fin,46,0.06521739130434782,0.6086956521739131,0.6304347826086957,-0.021739130434782594
CSP+LDA,0.4,6,inicio,39,0.1282051282051282,0.6410256410256411,0.717948717948718,-0.07692307692307687
CSP+LDA,0.4,6,medio,38,0.15789473684210525,0.631578947368421,0.631578947368421,0.0
CSP+LDA,0.4,6,fin,43,0.16279069767441862,0.5348837209302325,0.5581395348837209,-0.023255813953488413
CSP+LDA,0.4,7,inicio,42,0.16666666666666666,0.6428571428571429,0.7619047619047619,-0.11904761904761896
CSP+LDA,0.4,7,medio,41,0.12195121951219512,0.6341463414634146,0.7073170731707317,-0.07317073170731703
CSP+LDA,0.4,7,fin,37,0.13513513513513514,0.6756756756756757,0.7027027027027027,-0.027027027027027084
CSP+LDA,0.4,8,inicio,39,0.15384615384615385,0.8461538461538461,0.9487179487179487,-0.10256410256410253
CSP+LDA,0.4,8,medio,39,0.05128205128205128,0.9487179487179487,0.9487179487179487,0.0
CSP+LDA,0.4,8,fin,42,0.07142857142857142,0.9047619047619048,0.9285714285714286,-0.023809523809523836
CSP+LDA,0.4,9,inicio,45,0.1111111111111111,0.8222222222222222,0.9333333333333333,-0.11111111111111116
CSP+LDA,0.4,9,medio,46,0.10869565217391304,0.8913043478260869,0.9565217391304348,-0.0652173913043479
CSP+LDA,0.4,9,fin,29,0.034482758620689655,0.896551724137931,0.8620689655172413,0.034482758620689724
EEGNet,0.1,1,inicio,46,0.08695652173913043,0.8913043478260869,0.8913043478260869,0.0
EEGNet,0.1,1,medio,38,0.02631578947368421,0.8421052631578947,0.868421052631579,-0.026315789473684292
EEGNet,0.1,1,fin,36,0.027777777777777776,0.8611111111111112,0.8888888888888888,-0.02777777777777768
EEGNet,0.1,2,inicio,40,0.15,0.375,0.425,-0.04999999999999999
EEGNet,0.1,2,medio,39,0.15384615384615385,0.4358974358974359,0.48717948717948717,-0.051282051282051266
EEGNet,0.1,2,fin,41,0.04878048780487805,0.5609756097560976,0.5609756097560976,0.0
EEGNet,0.1,3,inicio,39,0.0,0.9487179487179487,0.9487179487179487,0.0
EEGNet,0.1,3,medio,43,0.046511627906976744,0.9534883720930233,0.9534883720930233,0.0
EEGNet,0.1,3,fin,38,0.10526315789473684,0.8947368421052632,0.9473684210526315,-0.05263157894736836
EEGNet,0.1,4,inicio,39,0.07692307692307693,0.6923076923076923,0.717948717948718,-0.02564102564102566
EEGNet,0.1,4,medio,45,0.06666666666666667,0.8,0.8222222222222222,-0.022222222222222143
EEGNet,0.1,4,fin,36,0.0,0.6666666666666666,0.6666666666666666,0.0
EEGNet,0.1,5,inicio,47,0.14893617021276595,0.574468085106383,0.6382978723404256,-0.06382978723404253
EEGNet,0.1,5,medio,38,0.2631578947368421,0.5526315789473685,0.4473684210526316,0.10526315789473689
EEGNet,0.1,5,fin,35,0.17142857142857143,0.6571428571428571,0.6571428571428571,0.0
EEGNet,0.1,6,inicio,41,0.07317073170731707,0.6341463414634146,0.7073170731707317,-0.07317073170731703
EEGNet,0.1,6,medio,34,0.058823529411764705,0.6470588235294118,0.7058823529411765,-0.05882352941176472
EEGNet,0.1,6,fin,45,0.1111111111111111,0.7111111111111111,0.6888888888888889,0.022222222222222254
EEGNet,0.1,7,inicio,35,0.11428571428571428,0.7714285714285715,0.8285714285714286,-0.05714285714285716
EEGNet,0.1,7,medio,40,0.05,0.725,0.725,0.0
EEGNet,0.1,7,fin,45,0.13333333333333333,0.7333333333333333,0.6888888888888889,0.0444444444444444
EEGNet,0.1,8,inicio,41,0.0,0.9024390243902439,0.9024390243902439,0.0
EEGNet,0.1,8,medio,43,0.046511627906976744,0.9302325581395349,0.9767441860465116,-0.046511627906976716
EEGNet,0.1,8,fin,36,0.027777777777777776,0.9444444444444444,0.9722222222222222,-0.02777777777777779
EEGNet,0.1,9,inicio,39,0.05128205128205128,0.9230769230769231,0.9743589743589743,-0.05128205128205121
EEGNet,0.1,9,medio,44,0.045454545454545456,0.9772727272727273,0.9318181818181818,0.045454545454545525
EEGNet,0.1,9,fin,37,0.02702702702702703,0.8378378378378378,0.8648648648648649,-0.027027027027027084
EEGNet,0.25,1,inicio,44,0.11363636363636363,0.8636363636363636,0.9318181818181818,-0.06818181818181812
EEGNet,0.25,1,medio,39,0.1282051282051282,0.8717948717948718,0.8974358974358975,-0.02564102564102566
EEGNet,0.25,1,fin,37,0.16216216216216217,0.8648648648648649,0.8108108108108109,0.05405405405405406
EEGNet,0.25,2,inicio,36,0.2222222222222222,0.4444444444444444,0.5,-0.05555555555555558
EEGNet,0.25,2,medio,43,0.18604651162790697,0.4186046511627907,0.46511627906976744,-0.046511627906976716
EEGNet,0.25,2,fin,41,0.0975609756097561,0.5609756097560976,0.5121951219512195,0.04878048780487809
EEGNet,0.25,3,inicio,42,0.07142857142857142,0.9285714285714286,0.9523809523809523,-0.023809523809523725
EEGNet,0.25,3,medio,37,0.05405405405405406,0.8918918918918919,0.8918918918918919,0.0
EEGNet,0.25,3,fin,41,0.04878048780487805,0.9512195121951219,1.0,-0.04878048780487809
EEGNet,0.25,4,inicio,37,0.10810810810810811,0.7567567567567568,0.8108108108108109,-0.05405405405405406
EEGNet,0.25,4,medio,43,0.13953488372093023,0.7674418604651163,0.7674418604651163,0.0
EEGNet,0.25,4,fin,40,0.075,0.575,0.65,-0.07500000000000007
EEGNet,0.25,5,inicio,33,0.24242424242424243,0.5151515151515151,0.5151515151515151,0.0
EEGNet,0.25,5,medio,42,0.2857142857142857,0.6190476190476191,0.6666666666666666,-0.04761904761904756
EEGNet,0.25,5,fin,45,0.3111111111111111,0.6444444444444445,0.5555555555555556,0.0888888888888889
EEGNet,0.25,6,inicio,42,0.19047619047619047,0.6666666666666666,0.6666666666666666,0.0
EEGNet,0.25,6,medio,31,0.16129032258064516,0.6774193548387096,0.7741935483870968,-0.09677419354838712
EEGNet,0.25,6,fin,47,0.14893617021276595,0.6595744680851063,0.6808510638297872,-0.021276595744680882
EEGNet,0.25,7,inicio,36,0.2777777777777778,0.5277777777777778,0.75,-0.2222222222222222
EEGNet,0.25,7,medio,40,0.1,0.625,0.725,-0.09999999999999998
EEGNet,0.25,7,fin,44,0.36363636363636365,0.6590909090909091,0.75,-0.09090909090909094
EEGNet,0.25,8,inicio,39,0.1282051282051282,0.7948717948717948,0.9230769230769231,-0.1282051282051283
EEGNet,0.25,8,medio,41,0.12195121951219512,0.8780487804878049,0.9512195121951219,-0.07317073170731703
EEGNet,0.25,8,fin,40,0.05,0.925,0.975,-0.04999999999999993
EEGNet,0.25,9,inicio,47,0.14893617021276595,0.8723404255319149,0.9361702127659575,-0.06382978723404253
EEGNet,0.25,9,medio,30,0.1,0.9333333333333333,0.9666666666666667,-0.033333333333333326
EEGNet,0.25,9,fin,43,0.023255813953488372,0.9069767441860465,0.8837209302325582,0.023255813953488302
EEGNet,0.4,1,inicio,42,0.21428571428571427,0.8095238095238095,0.9285714285714286,-0.11904761904761907
EEGNet,0.4,1,medio,33,0.21212121212121213,0.696969696969697,0.7878787878787878,-0.09090909090909083
EEGNet,0.4,1,fin,45,0.13333333333333333,0.8222222222222222,0.9111111111111111,-0.0888888888888889
EEGNet,0.4,2,inicio,44,0.20454545454545456,0.5,0.5227272727272727,-0.022727272727272707
EEGNet,0.4,2,medio,41,0.34146341463414637,0.4146341463414634,0.4634146341463415,-0.04878048780487809
EEGNet,0.4,2,fin,35,0.2857142857142857,0.6,0.4857142857142857,0.11428571428571427
EEGNet,0.4,3,inicio,38,0.13157894736842105,0.8947368421052632,0.9210526315789473,-0.02631578947368418
EEGNet,0.4,3,medio,37,0.13513513513513514,0.8378378378378378,0.972972972972973,-0.1351351351351352
EEGNet,0.4,3,fin,45,0.06666666666666667,0.9333333333333333,0.9555555555555556,-0.022222222222222254
EEGNet,0.4,4,inicio,42,0.16666666666666666,0.7142857142857143,0.7857142857142857,-0.0714285714285714
EEGNet,0.4,4,medio,34,0.23529411764705882,0.6176470588235294,0.7352941176470589,-0.11764705882352944
EEGNet,0.4,4,fin,44,0.22727272727272727,0.6136363636363636,0.7045454545454546,-0.09090909090909094
EEGNet,0.4,5,inicio,32,0.3125,0.625,0.5625,0.0625
EEGNet,0.4,5,medio,42,0.3333333333333333,0.6190476190476191,0.5238095238095238,0.09523809523809523
EEGNet,0.4,5,fin,46,0.43478260869565216,0.4782608695652174,0.6521739130434783,-0.17391304347826086
EEGNet,0.4,6,inicio,39,0.38461538461538464,0.5384615384615384,0.717948717948718,-0.17948717948717952
EEGNet,0.4,6,medio,38,0.23684210526315788,0.5789473684210527,0.7105263157894737,-0.13157894736842102
EEGNet,0.4,6,fin,43,0.2558139534883721,0.6046511627906976,0.6744186046511628,-0.06976744186046513
EEGNet,0.4,7,inicio,42,0.35714285714285715,0.6428571428571429,0.8095238095238095,-0.16666666666666663
EEGNet,0.4,7,medio,41,0.21951219512195122,0.7804878048780488,0.8048780487804879,-0.024390243902439046
EEGNet,0.4,7,fin,37,0.4864864864864865,0.6486486486486487,0.5945945945945946,0.05405405405405406
EEGNet,0.4,8,inicio,39,0.1794871794871795,0.7948717948717948,0.9743589743589743,-0.17948717948717952
EEGNet,0.4,8,medio,39,0.1282051282051282,0.8717948717948718,0.9487179487179487,-0.07692307692307687
EEGNet,0.4,8,fin,42,0.09523809523809523,0.8809523809523809,0.9285714285714286,-0.04761904761904767
EEGNet,0.4,9,inicio,45,0.3333333333333333,0.7111111111111111,0.9555555555555556,-0.24444444444444446
EEGNet,0.4,9,medio,46,0.32608695652173914,0.7391304347826086,0.8913043478260869,-0.15217391304347827
EEGNet,0.4,9,fin,29,0.034482758620689655,0.9655172413793104,0.9310344827586207,0.034482758620689724
