W,rule,op,n_cond_silent_med_gt0,max_silent_med,n_cond_silent_pool_gt0,max_silent_pool,peor_cond,silent_pool_18,n_exec_silent_gt0_18,silent_ref_med,silent_ref_pool,n_exec_silent_ref,loud_med_max,loud_pool_18
4,min,base,0,0.0,10,0.022737608003638016,disconnect_trial-2,0.004327363808946346,40,0.0,0.0,0,0.21114369501466276,0.02798530356511257
4,min,estricto,0,0.0,8,0.019229519911648153,disconnect_trial-2,0.0036235807040718364,38,0.0,0.0,0,1.0,0.40846488663678293
4,min-0.05,base,0,0.0,10,0.022737608003638016,disconnect_trial-2,0.004327363808946346,40,0.0,0.0,0,0.21114369501466276,0.02798530356511257
4,min-0.05,estricto,0,0.0,8,0.019229519911648153,disconnect_trial-2,0.0036235807040718364,38,0.0,0.0,0,1.0,0.40846488663678293
4,p5,base,4,0.04105571847507331,18,0.09803157279282791,disconnect_trial-2,0.04259511899348189,337,0.0,0.02871435067888001,15,0.20057306590257878,0.02592087312414734
4,p5,estricto,4,0.03519061583577713,13,0.0828948223218346,disconnect_trial-2,0.03000642427654706,258,0.0,0.02871435067888001,15,1.0,0.3945155445837574
6,min,base,0,0.0,10,0.05784704603117071,disconnect_trial-2,0.011517860738592888,54,0.0,0.0,0,0.20863309352517986,0.02691393822238331
6,min,estricto,0,0.0,8,0.04893077201884741,disconnect_trial-2,0.009721718819217913,51,0.0,0.0,0,1.0,0.4060327816036406
6,min-0.05,base,0,0.0,10,0.046683581007611455,disconnect_trial-2,0.010434537473319641,47,0.0,0.0,0,0.20863309352517986,0.027075027183762233
6,min-0.05,estricto,0,0.0,8,0.03943457774555999,disconnect_trial-2,0.008904192340219887,44,0.0,0.0,0,1.0,0.40645966735129474
6,p5,base,4,0.0694006309148265,18,0.13642624139180862,disconnect_trial-2,0.05785510047923966,305,0.0,0.0414642986589344,14,0.19242902208201892,0.024759373363940237
6,p5,estricto,4,0.05993690851735016,13,0.11525915186661834,disconnect_trial-2,0.04141194474648625,239,0.0,0.0414642986589344,14,1.0,0.3892312029318191
8,min,base,0,0.0,10,0.0744313725490196,disconnect_trial-2,0.012583877995642702,57,0.0,0.0,0,0.2062937062937063,0.02627450980392157
8,min,estricto,0,0.0,8,0.06282352941176471,disconnect_trial-2,0.010553376906318083,55,0.0,0.0,0,1.0,0.4050631808278867
8,min-0.05,base,0,0.0,10,0.04964705882352941,disconnect_trial-2,0.007790849673202614,44,0.0,0.0,0,0.2062937062937063,0.026832244008714597
8,min-0.05,estricto,0,0.0,8,0.04188235294117647,disconnect_trial-2,0.006383442265795207,42,0.0,0.0,0,1.0,0.4062440087145969
8,p5,base,4,0.12937062937062938,18,0.1807843137254902,disconnect_trial-2,0.0694074074074074,300,0.0,0.04423529411764706,13,0.16783216783216784,0.023420479302832243
8,p5,estricto,4,0.10839160839160839,13,0.15294117647058825,disconnect_trial-2,0.049241830065359475,236,0.0,0.04423529411764706,13,1.0,0.38407407407407407
12,min,base,1,0.14285714285714285,11,0.18812520167796062,disconnect_trial-2,0.038566801716204746,96,0.0,0.0,0,0.1693121693121693,0.02420135527589545
12,min,estricto,1,0.12244897959183673,9,0.15929869850489406,disconnect_trial-2,0.03212505826252196,92,0.0,0.0,0,1.0,0.3985395527828571
12,min-0.05,base,1,0.021834061135371178,10,0.13219318059589114,disconnect_trial-2,0.02192463518697788,72,0.0,0.0,0,0.2052401746724891,0.025844657177345142
12,min-0.05,estricto,1,0.017467248908296942,8,0.11186404216413896,disconnect_trial-2,0.01856632366474251,69,0.0,0.0,0,1.0,0.4032662866157542
12,p5,base,4,0.21164021164021163,18,0.27750887383026784,disconnect_trial-2,0.07960154410622304,247,0.0,0.028718941594062602,9,0.15873015873015872,0.0218230492512519
12,p5,estricto,4,0.17989417989417988,13,0.23469936538668387,disconnect_trial-2,0.060091068803556705,200,0.0,0.028718941594062602,9,1.0,0.38309251490922996
