metric,kind,severity,n,median_ref,median_cond,diff,friedman_chi2,friedman_p,wilcoxon_p,p_holm,r,rank_biserial
recv_ratio,hold_trial,0.1,9,0.9998449612403101,0.9998449612403101,0.0,,,,1.0,,
recv_ratio,hold_trial,0.25,9,0.9998449612403101,0.9998449612403101,0.0,,,,1.0,,
recv_ratio,hold_trial,0.4,9,0.9998449612403101,0.9998449612403101,0.0,,,,1.0,,
n_gaps,hold_trial,0.1,9,0.0,0.0,0.0,,,,1.0,,
n_gaps,hold_trial,0.25,9,0.0,0.0,0.0,,,,1.0,,
n_gaps,hold_trial,0.4,9,0.0,0.0,0.0,,,,1.0,,
gap_s,hold_trial,0.1,9,0.0,0.0,0.0,,,,1.0,,
gap_s,hold_trial,0.25,9,0.0,0.0,0.0,,,,1.0,,
gap_s,hold_trial,0.4,9,0.0,0.0,0.0,,,,1.0,,
lat_mean_ms,hold_trial,0.1,9,2.6749612403100773,2.6997674418604656,0.02509043927648591,16.73333333333332,0.000801830385579671,0.00390625,0.01171875,0.9618783041422524,1.0
lat_mean_ms,hold_trial,0.25,9,2.6749612403100773,2.698630490956072,0.023436692506459966,16.73333333333332,0.000801830385579671,0.00390625,0.01171875,0.9618783041422524,1.0
lat_mean_ms,hold_trial,0.4,9,2.6749612403100773,2.693385012919897,0.015839793281654302,16.73333333333332,0.000801830385579671,0.00390625,0.01171875,0.9618783041422524,1.0
lat_max_ms,hold_trial,0.1,9,20.119999999999997,16.150000000000002,4.010000000000002,3.3370786516854047,0.34251523845042947,1.0,1.0,0.0,0.022222222222222223
lat_max_ms,hold_trial,0.25,9,20.119999999999997,20.150000000000002,-1.96,3.3370786516854047,0.34251523845042947,0.8203125,1.0,0.07571435416757177,-0.1111111111111111
lat_max_ms,hold_trial,0.4,9,20.119999999999997,24.14,4.0,3.3370786516854047,0.34251523845042947,0.1953125,0.5859375,0.43167413556860484,0.5555555555555556
ia_std_ms,hold_trial,0.1,9,1.8891731266149872,1.888062015503876,-0.003359173126615156,2.8666666666666742,0.41264264963933783,0.91015625,1.0,0.03761381912257139,0.06666666666666667
ia_std_ms,hold_trial,0.25,9,1.8891731266149872,1.8828423772609821,-0.0016537467700261654,2.8666666666666742,0.41264264963933783,0.49609375,1.0,0.22688292837588217,-0.28888888888888886
ia_std_ms,hold_trial,0.4,9,1.8891731266149872,1.8891989664082691,-0.004263565891473142,2.8666666666666742,0.41264264963933783,0.8203125,1.0,0.07571435416757177,-0.1111111111111111
ia_max_ms,hold_trial,0.1,9,42.84,42.52,-0.3200000000000003,8.599999999999994,0.03511011567598109,0.01953125,0.05859375,0.778411013356271,-0.8666666666666667
ia_max_ms,hold_trial,0.25,9,42.84,42.65,-0.10000000000000142,8.599999999999994,0.03511011567598109,0.65234375,0.65234375,0.15016953542739275,-0.2
ia_max_ms,hold_trial,0.4,9,42.84,42.66,-0.21000000000000085,8.599999999999994,0.03511011567598109,0.1640625,0.328125,0.4638458293319667,-0.5555555555555556
secs_no_data,hold_trial,0.1,9,0.0,0.0,0.0,,,,1.0,,
secs_no_data,hold_trial,0.25,9,0.0,0.0,0.0,,,,1.0,,
secs_no_data,hold_trial,0.4,9,0.0,0.0,0.0,,,,1.0,,
