label,media_dif_ms,mediana_dif_ms,min_dif_ms,max_dif_ms,sujetos_mayor_que_ref
disconnect-n10-1,0.0026257740467949078,0.00836336701976581,-0.025516694134163576,0.011826550387596946,7.0
disconnect-n2-1,0.003140176700686127,0.00744910903050533,-0.015829818853677402,0.023895850905732097,5.0
disconnect-n20-1,0.0024480276078130535,0.003028135136620591,-0.007939963714332254,0.017729700521645686,6.0
disconnect-n5-1,0.005229640351118577,0.0045060416540172454,-0.00721977247558625,0.017133537083140027,7.0
disconnect-n5-1.25,0.003503983462953849,0.0007847315231952479,-0.020444552673944738,0.02565181216770185,5.0
disconnect-n5-1.75,0.0014664563681196323,4.30436556508873e-05,-0.035526357274553444,0.025357223210816127,5.0
disconnect-n5-2.25,-0.007761838582604745,-0.012833055744041477,-0.031147985935475297,0.02110871219131072,3.0
hold_trial-0.1,0.024120011484352992,0.02509043927648591,0.013229974160207547,0.04028423772609813,9.0
hold_trial-0.25,0.02169968418030467,0.023436692506459966,0.012377260981912386,0.03069767441860538,9.0
hold_trial-0.4,0.018725236864772073,0.015839793281654302,0.0010335917312649379,0.037777777777778354,9.0
