grupo,variable,n_ref,n_grupo,auc,media_ref,media_grupo
"hold, segundos con tramo",recv_ratio,12750,9364,0.5017647058823529,0.9997882352941176,1.0
"hold, segundos con tramo",n_gaps,12750,9364,,0.0,0.0
"hold, segundos con tramo",gap_s,12750,9364,,0.0,0.0
"hold, segundos con tramo",lat_mean,12750,9364,0.553362778601402,0.0026783505882352946,0.0027026292182827853
"hold, segundos con tramo",lat_max,12750,9364,0.5587077040982988,0.005133881568627451,0.005161092481845365
"hold, segundos con tramo",ia_std,12750,9364,0.480899226072317,0.0018964290196078434,0.0018852253310551047
"hold, segundos con tramo",ia_max,12750,9364,0.4728067190994296,0.04093861254901961,0.0408989555745408
"hold, segundos con tramo",exceptions,12750,9364,,0.0,0.0
"hold, todos los segundos",recv_ratio,12750,38250,0.5,0.9997882352941176,0.9997882352941175
"hold, todos los segundos",n_gaps,12750,38250,,0.0,0.0
"hold, todos los segundos",gap_s,12750,38250,,0.0,0.0
"hold, todos los segundos",lat_mean,12750,38250,0.5469643583237217,0.0026783505882352946,0.002699356862745098
"hold, todos los segundos",lat_max,12750,38250,0.5528823211585288,0.005133881568627451,0.005146036862745098
"hold, todos los segundos",ia_std,12750,38250,0.4911081153402538,0.0018964290196078434,0.001893322091503268
"hold, todos los segundos",ia_max,12750,38250,0.4876864231705755,0.04093861254901961,0.0409351568627451
"hold, todos los segundos",exceptions,12750,38250,,0.0,0.0
"burst (anterior), todos los segundos",recv_ratio,12750,38250,0.37725313341022687,0.9997882352941176,0.8771336993464053
"burst (anterior), todos los segundos",n_gaps,12750,38250,0.5615555555555556,0.0,0.12311111111111112
"burst (anterior), todos los segundos",gap_s,12750,38250,0.574156862745098,0.0,0.14828235294117648
"burst (anterior), todos los segundos",lat_mean,12750,38250,0.5634762773292324,0.002662474509803922,0.0029462288794721877
"burst (anterior), todos los segundos",lat_max,12750,38250,0.5462598128924773,0.0051265600000000005,0.007092013892613849
"burst (anterior), todos los segundos",ia_std,12750,38250,0.5526315212097911,0.001888955294117647,0.03471801936383629
"burst (anterior), todos los segundos",ia_max,12750,38250,0.5427332318339101,0.04091399215686274,0.16249545137585153
"burst (anterior), todos los segundos",exceptions,12750,38250,,0.0,0.0
