familia,severity,subject,chg_csp,chg_net
burst,0.1,1,0.041666666666666664,0.05
burst,0.1,2,0.14166666666666666,0.11666666666666667
burst,0.1,3,0.025,0.05
burst,0.1,4,0.05,0.05
burst,0.1,5,0.125,0.19166666666666668
burst,0.1,6,0.041666666666666664,0.08333333333333333
burst,0.1,7,0.041666666666666664,0.1
burst,0.1,8,0.016666666666666666,0.025
burst,0.1,9,0.058333333333333334,0.041666666666666664
burst,0.25,1,0.08333333333333333,0.13333333333333333
burst,0.25,2,0.15833333333333333,0.16666666666666666
burst,0.25,3,0.05,0.058333333333333334
burst,0.25,4,0.10833333333333334,0.10833333333333334
burst,0.25,5,0.14166666666666666,0.2833333333333333
burst,0.25,6,0.06666666666666667,0.16666666666666666
burst,0.25,7,0.08333333333333333,0.25
burst,0.25,8,0.041666666666666664,0.1
burst,0.25,9,0.075,0.09166666666666666
burst,0.4,1,0.125,0.18333333333333332
burst,0.4,2,0.225,0.275
burst,0.4,3,0.09166666666666666,0.10833333333333334
burst,0.4,4,0.21666666666666667,0.20833333333333334
burst,0.4,5,0.125,0.36666666666666664
burst,0.4,6,0.15,0.2916666666666667
burst,0.4,7,0.14166666666666666,0.35
burst,0.4,8,0.09166666666666666,0.13333333333333333
burst,0.4,9,0.09166666666666666,0.25833333333333336
hold,0.1,1,0.03333333333333333,0.058333333333333334
hold,0.1,2,0.08333333333333333,0.19166666666666668
hold,0.1,3,0.03333333333333333,0.025
hold,0.1,4,0.075,0.09166666666666666
hold,0.1,5,0.14166666666666666,0.1
hold,0.1,6,0.05,0.13333333333333333
hold,0.1,7,0.05,0.1
hold,0.1,8,0.025,0.041666666666666664
hold,0.1,9,0.025,0.03333333333333333
hold,0.25,1,0.08333333333333333,0.1
hold,0.25,2,0.125,0.25
hold,0.25,3,0.041666666666666664,0.058333333333333334
hold,0.25,4,0.09166666666666666,0.11666666666666667
hold,0.25,5,0.38333333333333336,0.25
hold,0.25,6,0.1,0.24166666666666667
hold,0.25,7,0.10833333333333334,0.2916666666666667
hold,0.25,8,0.06666666666666667,0.058333333333333334
hold,0.25,9,0.10833333333333334,0.058333333333333334
hold,0.4,1,0.125,0.20833333333333334
hold,0.4,2,0.23333333333333334,0.2916666666666667
hold,0.4,3,0.05,0.1
hold,0.4,4,0.24166666666666667,0.175
hold,0.4,5,0.6,0.35833333333333334
hold,0.4,6,0.125,0.23333333333333334
hold,0.4,7,0.16666666666666666,0.30833333333333335
hold,0.4,8,0.10833333333333334,0.14166666666666666
hold,0.4,9,0.08333333333333333,0.20833333333333334
