exec_id_new,subject,run,kind_new,severity_new,mode_new,label_new,n_pushed_new,n_dropped_new,outages_new,timing_p99_ms_new,n_trials_new,n_valid_new,exceptions_new,recv_ratio_new,n_gaps_new,gap_s_new,lat_mean_ms_new,lat_max_ms_new,ia_std_ms_new,ia_max_ms_new,secs_no_data_new,secs_total_new,reconnections_new,bacc_new,acc_new,conf_new,valid_rate_new,decision_delay_ms_new,exec_id_old,kind_old,severity_old,mode_old,label_old,n_pushed_old,n_dropped_old,outages_old,timing_p99_ms_old,n_trials_old,n_valid_old,exceptions_old,recv_ratio_old,n_gaps_old,gap_s_old,lat_mean_ms_old,lat_max_ms_old,ia_std_ms_old,ia_max_ms_old,secs_no_data_old,secs_total_old,reconnections_old,bacc_old,acc_old,conf_old,valid_rate_old,decision_delay_ms_old
s01-r0-ref,1,0,none,0.0,random,ref,96735,0,0,0.0015682701791774893,24,24,0,0.9998449612403101,0,0.0,2.718811369509044,32.169999999999995,1.922764857881137,43.86000000000001,0,387,0,0.875,0.875,0.9526125,1.0,1031.95,s01-r0-ref,none,0.0,random,ref,96735,0,0,0.001509349954176289,24,24,0,0.9998449612403101,0,0.0,2.6565374677002587,36.14,1.915968992248062,42.07,0,387,0,0.875,0.875,0.9526958333333333,1.0,1032.4499999999998
s01-r1-ref,1,1,none,0.0,random,ref,96735,0,0,0.0015910000001895241,24,24,0,0.9998449612403101,0,0.0,2.6944186046511622,16.1,1.8965891472868217,42.68,0,387,0,0.875,0.875,0.8634583333333333,1.0,1032.15,s01-r1-ref,none,0.0,random,ref,96735,0,0,0.0014399995689018397,24,24,0,0.9998449612403101,0,0.0,2.6701291989664084,28.119999999999997,1.8768475452196383,42.87,0,387,0,0.875,0.875,0.8636333333333331,1.0,1031.75
s01-r2-ref,1,2,none,0.0,random,ref,96735,0,0,0.001431809741916369,24,24,0,0.9998449612403101,0,0.0,2.685193798449612,36.14,1.8985529715762273,42.55,0,387,0,0.8333333333333333,0.8333333333333334,0.8916,1.0,1033.05,s01-r2-ref,none,0.0,random,ref,96735,0,0,0.0013122707969159824,24,24,0,0.9998449612403101,0,0.0,2.6748062015503877,36.1,1.9408785529715764,43.69,0,387,0,0.8333333333333333,0.8333333333333334,0.8917,1.0,1032.4499999999998
s01-r3-ref,1,3,none,0.0,random,ref,96735,0,0,0.0017150000894616824,24,24,0,0.9998449612403101,0,0.0,2.6843410852713174,20.19,1.9010077519379844,46.28,0,387,0,0.875,0.875,0.8768208333333334,1.0,1026.4,s01-r3-ref,none,0.0,random,ref,96735,0,0,0.0015602708299411465,24,24,0,0.9998449612403101,0,0.0,2.6695865633074933,5.32,1.8578811369509047,41.88,0,387,0,0.875,0.875,0.8759041666666668,1.0,1025.8500000000001
s01-r4-ref,1,4,none,0.0,random,ref,96735,0,0,0.0016988110110105494,24,24,0,0.9998449612403101,0,0.0,2.67953488372093,32.160000000000004,1.8884496124031007,42.18,0,387,0,0.75,0.75,0.8401458333333333,1.0,1029.45,s01-r4-ref,none,0.0,random,ref,96735,0,0,0.0013312709779711445,24,24,0,0.9998449612403101,0,0.0,2.6671834625322997,36.13,1.913514211886305,41.910000000000004,0,387,0,0.75,0.75,0.840125,1.0,1030.35
s02-r0-ref,2,0,none,0.0,random,ref,96735,0,0,0.0017172700290757352,24,24,0,0.9998449612403101,0,0.0,2.6992248062015505,32.15,1.9565116279069765,42.56999999999999,0,387,0,0.5833333333333333,0.5833333333333334,0.7298958333333333,1.0,1033.1999999999998,s02-r0-ref,none,0.0,random,ref,96735,0,0,0.001665000013417739,24,24,0,0.9998449612403101,0,0.0,2.6783979328165373,6.25,1.8837467700258397,46.04,0,387,0,0.5833333333333333,0.5833333333333334,0.729925,1.0,1033.45
s02-r1-ref,2,1,none,0.0,random,ref,96735,0,0,0.001845540036811145,24,24,0,0.9998449612403101,0,0.0,2.6583720930232553,5.3,1.8719121447028424,42.5,0,387,0,0.7083333333333334,0.7083333333333334,0.8122625,1.0,1032.85,s02-r1-ref,none,0.0,random,ref,96735,0,0,0.0013655405655299555,24,24,0,0.9998449612403101,0,0.0,2.6677777777777782,8.13,1.8924031007751942,42.97,0,387,0,0.7083333333333334,0.7083333333333334,0.8121791666666667,1.0,1032.8500000000001
s02-r2-ref,2,2,none,0.0,random,ref,96735,0,0,0.0015932698534015803,24,24,0,0.9998449612403101,0,0.0,2.6568992248062013,12.11,1.8773126614987081,44.41,0,387,0,0.5,0.5,0.8103875,1.0,1032.8500000000001,s02-r2-ref,none,0.0,random,ref,96735,0,0,0.0013282714644446973,24,24,0,0.9998449612403101,0,0.0,2.6691989664082687,28.1,1.9126356589147289,42.5,0,387,0,0.5,0.5,0.8100583333333334,1.0,1033.1999999999998
s02-r3-ref,2,3,none,0.0,random,ref,96735,0,0,0.0014765405103389648,24,24,0,0.9998449612403101,0,0.0,2.681421188630491,6.38,1.8729457364341089,44.1,0,387,0,0.625,0.625,0.6768083333333333,1.0,1026.35,s02-r3-ref,none,0.0,random,ref,96735,0,0,0.0013038106772000914,24,24,0,0.9998449612403101,0,0.0,2.6481912144702853,8.120000000000001,1.8789664082687338,42.49,0,387,0,0.625,0.625,0.6762375,1.0,1026.7
s02-r4-ref,2,4,none,0.0,random,ref,96735,0,0,0.0016742678781156432,24,24,0,0.9998449612403101,0,0.0,2.668036175710594,5.32,1.8751937984496125,43.11,0,387,0,0.6666666666666666,0.6666666666666666,0.7419583333333334,1.0,1028.6,s02-r4-ref,none,0.0,random,ref,96735,0,0,0.0015950000306474976,24,24,0,0.9998449612403101,0,0.0,2.67656330749354,20.14,1.9168217054263568,42.64,0,387,0,0.6666666666666666,0.6666666666666666,0.7419416666666666,1.0,1030.2
s03-r0-ref,3,0,none,0.0,random,ref,96735,0,0,0.0014190803312885709,24,24,0,0.9998449612403101,0,0.0,2.65764857881137,5.31,1.8801550387596897,42.84,0,387,0,0.875,0.875,0.9074249999999999,1.0,1030.7499999999998,s03-r0-ref,none,0.0,random,ref,96735,0,0,0.001355809986307578,24,24,0,0.9998449612403101,0,0.0,2.6528423772609817,28.119999999999997,1.9036175710594316,42.55,0,387,0,0.875,0.875,0.9065625,1.0,1031.95
s03-r1-ref,3,1,none,0.0,random,ref,96735,0,0,0.0015948096279316828,24,24,0,0.9998449612403101,0,0.0,2.7070284237726097,36.2,1.930904392764858,42.88,0,387,0,0.9166666666666667,0.9166666666666666,0.9503208333333334,1.0,1032.1,s03-r1-ref,none,0.0,random,ref,96735,0,0,0.001298809784202605,24,24,0,0.9998449612403101,0,0.0,2.665581395348837,28.11,1.890051679586563,42.9,0,387,0,0.9166666666666667,0.9166666666666666,0.9503208333333334,1.0,1031.95
s03-r2-ref,3,2,none,0.0,random,ref,96735,0,0,0.001284810841752916,24,24,0,0.9998449612403101,0,0.0,2.661395348837209,8.9,1.8787855297157623,45.940000000000005,0,387,0,0.9583333333333333,0.9583333333333334,0.9581083333333335,1.0,1033.9499999999998,s03-r2-ref,none,0.0,random,ref,96735,0,0,0.0013810004020342603,24,24,0,0.9998449612403101,0,0.0,2.6643152454780363,24.119999999999997,1.875736434108527,42.48,0,387,0,0.9583333333333333,0.9583333333333334,0.9581833333333334,1.0,1033.25
s03-r3-ref,3,3,none,0.0,random,ref,96735,0,0,0.0016332696759491232,24,24,0,0.9998449612403101,0,0.0,2.6739534883720926,28.139999999999997,1.8875710594315247,42.46,0,387,0,0.875,0.875,0.9399750000000001,1.0,1026.8,s03-r3-ref,none,0.0,random,ref,96735,0,0,0.0014019969967193902,24,24,0,0.9998449612403101,0,0.0,2.6619896640826872,5.2700000000000005,1.8625064599483203,42.37,0,387,0,0.875,0.875,0.9400749999999999,1.0,1027.1
s03-r4-ref,3,4,none,0.0,random,ref,96735,0,0,0.0015992704538803086,24,24,0,0.9998449612403101,0,0.0,2.690749354005168,5.28,1.8782687338501294,42.65,0,387,0,0.9166666666666667,0.9166666666666666,0.9433708333333334,1.0,1030.7,s03-r4-ref,none,0.0,random,ref,96735,0,0,0.0013232710625743498,24,24,0,0.9998449612403101,0,0.0,2.67906976744186,20.119999999999997,1.917777777777778,42.98,0,387,0,0.9166666666666667,0.9166666666666666,0.9431958333333332,1.0,1031.3
s04-r0-ref,4,0,none,0.0,random,ref,96735,0,0,0.0017062698134395764,24,24,0,0.9998449612403101,0,0.0,2.6914470284237724,5.2700000000000005,1.8826614987080104,42.54,0,387,0,0.7916666666666667,0.7916666666666666,0.849125,1.0,1031.0000000000002,s04-r0-ref,none,0.0,random,ref,96735,0,0,0.0014673501709694416,24,24,0,0.9998449612403101,0,0.0,2.675064599483204,5.29,1.8754005167958656,42.18,0,387,0,0.7916666666666667,0.7916666666666666,0.849325,1.0,1031.3
s04-r1-ref,4,1,none,0.0,random,ref,96735,0,0,0.001551809382362991,24,24,0,0.9998449612403101,0,0.0,2.6886563307493545,5.34,1.8772609819121449,42.63,0,387,0,0.5833333333333333,0.5833333333333334,0.8419374999999999,1.0,1031.85,s04-r1-ref,none,0.0,random,ref,96735,0,0,0.0012782693374902014,24,24,0,0.9998449612403101,0,0.0,2.6637726098191212,28.13,1.91374677002584,42.55,0,387,0,0.5833333333333333,0.5833333333333334,0.8419374999999999,1.0,1034.25
s04-r2-ref,4,2,none,0.0,random,ref,96735,0,0,0.0012522700308181815,24,24,0,0.9998449612403101,0,0.0,2.66108527131783,5.24,1.8668217054263565,42.63,0,387,0,0.5833333333333334,0.5833333333333334,0.8067125,1.0,1025.6499999999999,s04-r2-ref,none,0.0,random,ref,96735,0,0,0.001325809043919436,24,24,0,0.9998449612403101,0,0.0,2.6694056847545222,36.12,1.8780361757105943,43.01,0,387,0,0.5833333333333334,0.5833333333333334,0.8061708333333333,1.0,1026.7
s04-r3-ref,4,3,none,0.0,random,ref,96735,0,0,0.0014160000682750251,24,24,0,0.9998449612403101,0,0.0,2.698940568475452,5.2700000000000005,1.882764857881137,44.08,0,387,0,0.625,0.625,0.8393583333333333,1.0,1032.05,s04-r3-ref,none,0.0,random,ref,96735,0,0,0.0013925400708103561,24,24,0,0.9998449612403101,0,0.0,2.6452713178294576,5.26,1.8660723514211888,44.98,0,387,0,0.625,0.625,0.8388708333333333,1.0,1031.1
s04-r4-ref,4,4,none,0.0,random,ref,96735,0,0,0.001647351309657099,24,24,0,0.9998449612403101,0,0.0,2.6840826873385013,20.17,1.8972093023255816,45.85,0,387,0,0.625,0.625,0.9112333333333332,1.0,1024.6,s04-r4-ref,none,0.0,random,ref,96735,0,0,0.0013835406934958891,24,24,0,0.9998449612403101,0,0.0,2.6637726098191212,5.26,1.865219638242894,42.56999999999999,0,387,0,0.625,0.625,0.9113208333333332,1.0,1026.1
s05-r0-ref,5,0,none,0.0,random,ref,96735,0,0,0.0013999997463542968,24,24,0,0.9998449612403101,0,0.0,2.6702067183462534,20.119999999999997,1.9054263565891476,43.16,0,387,0,0.625,0.625,0.6406999999999999,1.0,1032.6499999999999,s05-r0-ref,none,0.0,random,ref,96735,0,0,0.0013050002962700091,24,24,0,0.9998449612403101,0,0.0,2.6563565891472862,32.099999999999994,1.8944702842377261,42.32,0,387,0,0.625,0.625,0.6407041666666666,1.0,1032.1
s05-r1-ref,5,1,none,0.0,random,ref,96735,0,0,0.0015260002328432165,24,24,0,0.9998449612403101,0,0.0,2.675478036175711,16.14,1.9073385012919897,43.3,0,387,0,0.5833333333333334,0.5833333333333334,0.6665500000000001,1.0,1032.4,s05-r1-ref,none,0.0,random,ref,96735,0,0,0.0012620002962648869,24,24,0,0.9998449612403101,0,0.0,2.65374677002584,5.26,1.873824289405685,42.54,0,387,0,0.5833333333333334,0.5833333333333334,0.6665916666666666,1.0,1032.15
s05-r2-ref,5,2,none,0.0,random,ref,96735,0,0,0.001430999873264227,24,24,0,0.9998449612403101,0,0.0,2.679870801033592,5.3,1.862842377260982,42.59,0,387,0,0.625,0.625,0.7121541666666666,1.0,1034.8,s05-r2-ref,none,0.0,random,ref,96735,0,0,0.001329270580754383,24,24,0,0.9998449612403101,0,0.0,2.6755813953488374,32.099999999999994,1.9321447028423775,43.55,0,387,0,0.625,0.625,0.7120541666666668,1.0,1031.7500000000002
s05-r3-ref,5,3,none,0.0,random,ref,96735,0,0,0.0013970002328278497,24,24,0,0.9998449612403101,0,0.0,2.694392764857881,36.14,1.9071059431524546,43.07,0,387,0,0.625,0.625,0.6911999999999999,1.0,1026.2,s05-r3-ref,none,0.0,random,ref,96735,0,0,0.0012700002116616815,24,24,0,0.9998449612403101,0,0.0,2.648268733850129,5.22,1.8596640826873385,42.38,0,387,0,0.625,0.625,0.6912083333333333,1.0,1026.8500000000001
s05-r4-ref,5,4,none,0.0,random,ref,96735,0,0,0.0015335385432990742,24,24,0,0.9998449612403101,0,0.0,2.686976744186046,28.139999999999997,1.8930232558139535,42.82,0,387,0,0.5416666666666666,0.5416666666666666,0.6788583333333333,1.0,1030.2,s05-r4-ref,none,0.0,random,ref,96735,0,0,0.0012948103176313465,24,24,0,0.9998449612403101,0,0.0,2.6622997416020673,5.22,1.8714211886304908,43.05,0,387,0,0.5416666666666666,0.5416666666666666,0.6787916666666666,1.0,1030.95
s06-r0-ref,6,0,none,0.0,random,ref,96735,0,0,0.001239810076185678,24,24,0,0.9998449612403101,0,0.0,2.6667700258397935,20.11,1.897157622739018,47.870000000000005,0,387,0,0.6666666666666666,0.6666666666666666,0.8327874999999999,1.0,1033.6499999999999,s06-r0-ref,none,0.0,random,ref,96735,0,0,0.0012357002424323625,24,24,0,0.9998449612403101,0,0.0,2.648320413436693,36.16,1.9008010335917314,42.67,0,387,0,0.6666666666666666,0.6666666666666666,0.8328541666666668,1.0,1034.0
s06-r1-ref,6,1,none,0.0,random,ref,96735,0,0,0.001881539656096721,24,24,0,0.9998449612403101,0,0.0,2.6648062015503875,20.16,1.9229974160206718,42.13,0,387,0,0.5833333333333333,0.5833333333333334,0.7805916666666667,1.0,1032.65,s06-r1-ref,none,0.0,random,ref,96735,0,0,0.0013749995559919626,24,24,0,0.9998449612403101,0,0.0,2.66374677002584,5.26,1.86374677002584,42.65,0,387,0,0.5833333333333333,0.5833333333333334,0.7806375,1.0,1031.35
s06-r2-ref,6,2,none,0.0,random,ref,96735,0,0,0.001916539986268618,24,24,0,0.9998449612403101,0,0.0,2.694186046511627,36.14,1.9006201550387598,43.14,0,387,0,0.7083333333333334,0.7083333333333334,0.8221166666666667,1.0,1032.9,s06-r2-ref,none,0.0,random,ref,96735,0,0,0.001279538500966738,24,24,0,0.9998449612403101,0,0.0,2.647364341085271,16.14,1.8815503875968993,45.97,0,387,0,0.7083333333333334,0.7083333333333334,0.8216166666666668,1.0,1032.05
s06-r3-ref,6,3,none,0.0,random,ref,96735,0,0,0.0014512706911773425,24,24,0,0.9998449612403101,0,0.0,2.67968992248062,24.11,1.8763307493540051,43.15,0,387,0,0.7083333333333334,0.7083333333333334,0.7922875,1.0,1026.5,s06-r3-ref,none,0.0,random,ref,96735,0,0,0.001463081316614991,24,24,0,0.9998449612403101,0,0.0,2.675348837209302,5.26,1.8622997416020672,42.42,0,387,0,0.7083333333333334,0.7083333333333334,0.792175,1.0,1026.5
s06-r4-ref,6,4,none,0.0,random,ref,96735,0,0,0.0014442689098359556,24,24,0,0.9998449612403101,0,0.0,2.6804909560723513,16.119999999999997,1.913824289405685,45.900000000000006,0,387,0,0.5,0.5,0.8254791666666668,1.0,1029.8500000000001,s06-r4-ref,none,0.0,random,ref,96735,0,0,0.0014642691894550812,24,24,0,0.9998449612403101,0,0.0,2.6661240310077523,9.36,1.8797674418604648,45.86,0,387,0,0.5,0.5,0.8251500000000002,1.0,1029.6
s07-r0-ref,7,0,none,0.0,random,ref,96735,0,0,0.0012628098329514627,24,24,0,0.9998449612403101,0,0.0,2.653953488372093,12.120000000000001,1.877545219638243,42.72,0,387,0,0.8333333333333333,0.8333333333333334,0.8554083333333334,1.0,1031.25,s07-r0-ref,none,0.0,random,ref,96735,0,0,0.0012919996470373007,24,24,0,0.9998449612403101,0,0.0,2.6691214470284237,28.119999999999997,1.8930232558139535,43.04,0,387,0,0.8333333333333333,0.8333333333333334,0.8550916666666667,1.0,1032.1
s07-r1-ref,7,1,none,0.0,random,ref,96735,0,0,0.001413999843862257,24,24,0,0.9998449612403101,0,0.0,2.6555555555555554,5.36,1.8716537467700263,42.45,0,387,0,0.7916666666666667,0.7916666666666666,0.8310624999999999,1.0,1033.55,s07-r1-ref,none,0.0,random,ref,96735,0,0,0.001301809788856191,24,24,0,0.9998449612403101,0,0.0,2.659922480620155,28.11,1.8917054263565891,43.46,0,387,0,0.7916666666666667,0.7916666666666666,0.8310875000000001,1.0,1030.8500000000001
s07-r2-ref,7,2,none,0.0,random,ref,96735,0,0,0.001815999476093566,24,24,0,0.9998449612403101,0,0.0,2.6864857881136945,20.14,1.899431524547804,42.87,0,387,0,0.625,0.625,0.9082666666666667,1.0,1033.5,s07-r2-ref,none,0.0,random,ref,96735,0,0,0.001189268914458808,24,24,0,0.9998449612403101,0,0.0,2.661188630490956,5.31,1.8608785529715766,42.59,0,387,0,0.625,0.625,0.9082666666666667,1.0,1034.45
s07-r3-ref,7,3,none,0.0,random,ref,96735,0,0,0.0013228113493823925,24,24,0,0.9998449612403101,0,0.0,2.6637984496124028,36.11000000000001,1.8965633074935402,42.43,0,387,0,0.7083333333333334,0.7083333333333334,0.8908208333333333,1.0,1025.9,s07-r3-ref,none,0.0,random,ref,96735,0,0,0.0014252674009185289,24,24,0,0.9998449612403101,0,0.0,2.6743410852713176,28.11,1.9010852713178297,42.71,0,387,0,0.7083333333333334,0.7083333333333334,0.8904416666666667,1.0,1026.0
s07-r4-ref,7,4,none,0.0,random,ref,96735,0,0,0.0017793504048313502,24,24,0,0.9998449612403101,0,0.0,2.7033333333333336,32.129999999999995,1.9076744186046515,47.129999999999995,0,387,0,0.6666666666666666,0.6666666666666666,0.8520041666666667,1.0,1030.6,s07-r4-ref,none,0.0,random,ref,96735,0,0,0.001391273144690786,24,24,0,0.9998449612403101,0,0.0,2.6624547803617573,20.11,1.8791472868217056,42.69,0,387,0,0.6666666666666666,0.6666666666666666,0.8518458333333333,1.0,1031.75
s08-r0-ref,8,0,none,0.0,random,ref,96735,0,0,0.0014153497068036835,24,24,0,0.9998449612403101,0,0.0,2.66968992248062,36.11000000000001,1.9042118863049098,42.07,0,387,0,0.9583333333333333,0.9583333333333334,0.9897416666666666,1.0,1031.6499999999999,s08-r0-ref,none,0.0,random,ref,96735,0,0,0.0012065399732819069,24,24,0,0.9998449612403101,0,0.0,2.6544961240310077,24.119999999999997,1.8885012919896642,43.93,0,387,0,0.9583333333333333,0.9583333333333334,0.9897416666666666,1.0,1031.3
s08-r1-ref,8,1,none,0.0,random,ref,96735,0,0,0.0016112705725390701,24,24,0,0.9998449612403101,0,0.0,2.669354005167959,5.29,1.8762790697674419,42.89,0,387,0,0.9166666666666666,0.9166666666666666,0.9896250000000001,1.0,1031.75,s08-r1-ref,none,0.0,random,ref,96735,0,0,0.0014478123011940638,24,24,0,0.9998449612403101,0,0.0,2.658268733850129,36.11000000000001,1.9321963824289405,42.13,0,387,0,0.9166666666666666,0.9166666666666666,0.9896333333333334,1.0,1032.7
s08-r2-ref,8,2,none,0.0,random,ref,96735,0,0,0.001744539986248129,24,24,0,0.9998449612403101,0,0.0,2.6999224806201547,5.3,1.8775710594315245,42.23,0,387,0,0.9583333333333333,0.9583333333333334,0.9764708333333334,1.0,1033.15,s08-r2-ref,none,0.0,random,ref,96735,0,0,0.0013352696078072772,24,24,0,0.9998449612403101,0,0.0,2.65671834625323,24.119999999999997,1.8816795865633076,43.04,0,387,0,0.9583333333333333,0.9583333333333334,0.9764708333333334,1.0,1034.5
s08-r3-ref,8,3,none,0.0,random,ref,96735,0,0,0.0016705393682059375,24,24,0,0.9998449612403101,0,0.0,2.6749612403100773,28.11,1.880697674418605,41.95,0,387,0,0.9583333333333333,0.9583333333333334,0.9910541666666667,1.0,1027.55,s08-r3-ref,none,0.0,random,ref,96735,0,0,0.0012790806067641842,24,24,0,0.9998449612403101,0,0.0,2.6786304909560728,12.17,1.8934108527131783,42.5,0,387,0,0.9583333333333333,0.9583333333333334,0.99105,1.0,1026.8999999999999
s08-r4-ref,8,4,none,0.0,random,ref,96735,0,0,0.0016338094246748382,24,24,0,0.9998449612403101,0,0.0,2.678578811369509,12.14,1.8946770025839796,46.1,0,387,0,0.9166666666666667,0.9166666666666666,0.9445083333333333,1.0,1032.3500000000001,s08-r4-ref,none,0.0,random,ref,96735,0,0,0.0013172730177757335,24,24,0,0.9998449612403101,0,0.0,2.6478294573643404,5.25,1.8831007751937985,43.5,0,387,0,0.9166666666666667,0.9166666666666666,0.9433625000000001,1.0,1030.7499999999998
s09-r0-ref,9,0,none,0.0,random,ref,96735,0,0,0.0013652701136379623,24,24,0,0.9998449612403101,0,0.0,2.6737209302325575,28.139999999999997,1.890490956072351,43.39,0,387,0,0.9166666666666666,0.9166666666666666,0.8835791666666667,1.0,1033.4500000000003,s09-r0-ref,none,0.0,random,ref,96735,0,0,0.0013409992516244529,24,24,0,0.9998449612403101,0,0.0,2.6669509043927646,5.28,1.8605167958656335,41.88,0,387,0,0.9166666666666666,0.9166666666666666,0.8835416666666666,1.0,1033.6000000000001
s09-r1-ref,9,1,none,0.0,random,ref,96735,0,0,0.0016272699849650967,24,24,0,0.9998449612403101,0,0.0,2.665142118863049,36.13,1.9036692506459951,42.18,0,387,0,1.0,1.0,0.9033375,1.0,1030.7499999999998,s09-r1-ref,none,0.0,random,ref,96735,0,0,0.0013660010154126212,24,24,0,0.9998449612403101,0,0.0,2.653875968992248,5.29,1.8690697674418606,42.47,0,387,0,1.0,1.0,0.9029375000000001,1.0,1030.3
s09-r2-ref,9,2,none,0.0,random,ref,96735,0,0,0.0015045402142277462,24,24,0,0.9998449612403101,0,0.0,2.6982687338501283,24.13,1.8891731266149872,42.38,0,387,0,0.9166666666666666,0.9166666666666666,0.7949,1.0,1032.3,s09-r2-ref,none,0.0,random,ref,96735,0,0,0.0012485069601098132,24,24,0,0.9998449612403101,0,0.0,2.671472868217054,12.13,1.8774418604651162,42.71,0,387,0,0.9166666666666666,0.9166666666666666,0.7949708333333335,1.0,1032.8500000000001
s09-r3-ref,9,3,none,0.0,random,ref,96735,0,0,0.0012539990530058276,24,24,0,0.9998449612403101,0,0.0,2.645529715762273,28.119999999999997,1.8805943152454778,43.43000000000001,0,387,0,0.875,0.875,0.8808416666666666,1.0,1026.0,s09-r3-ref,none,0.0,random,ref,96735,0,0,0.001335000961262267,24,24,0,0.9998449612403101,0,0.0,2.6563049095607236,8.11,1.8781395348837207,42.11,0,387,0,0.875,0.875,0.8807666666666666,1.0,1026.45
s09-r4-ref,9,4,none,0.0,random,ref,96735,0,0,0.0015670011634938419,24,24,0,0.9998449612403101,0,0.0,2.676666666666667,5.2700000000000005,1.8788113695090443,43.0,0,387,0,0.9166666666666667,0.9166666666666666,0.8012916666666667,1.0,1029.6,s09-r4-ref,none,0.0,random,ref,96735,0,0,0.0011942693163291556,24,24,0,0.9998449612403101,0,0.0,2.669612403100775,32.14,1.8815245478036173,45.89,0,387,0,0.9166666666666667,0.9166666666666666,0.801,1.0,1031.2
