familia,decoder,severidad,n_subj,bacc_ref_med,bacc_cond_med,dBA_med,dBA_mean,dBA_min,dBA_max,n_peor,n_igual,n_mejor,wilcoxon_p,p_holm,r,friedman_p
retención (hold),CSP+LDA,0.1,9,0.7083333333333334,0.75,0.0,-0.027777777777777776,-0.08333333333333337,0.04166666666666663,4,4,1,0.1875,0.1875,0.43933696576784564,0.06316011825243349
retención (hold),CSP+LDA,0.25,9,0.7083333333333334,0.7083333333333334,-0.04166666666666674,-0.05555555555555555,-0.125,0.04166666666666663,6,2,1,0.046875,0.140625,0.6624759619766319,0.06316011825243349
retención (hold),CSP+LDA,0.4,9,0.7083333333333334,0.75,-0.08333333333333326,-0.041666666666666644,-0.125,0.04166666666666674,5,1,3,0.0859375,0.171875,0.5724093725019137,0.06316011825243349
retención (hold),EEGNet,0.1,9,0.75,0.75,0.0,0.00462962962962965,-0.04166666666666674,0.04166666666666674,2,4,3,0.625,0.625,0.1629254703715565,0.009813742291056046
retención (hold),EEGNet,0.25,9,0.75,0.6666666666666667,-0.04166666666666663,-0.050925925925925854,-0.125,1.1102230246251565e-16,8,0,1,0.0078125,0.0234375,0.8866891562058198,0.009813742291056046
retención (hold),EEGNet,0.4,9,0.75,0.75,-0.08333333333333326,-0.06481481481481476,-0.16666666666666663,0.04166666666666674,7,0,2,0.05078125,0.1015625,0.6511079025817981,0.009813742291056046
borrado (burst),CSP+LDA,0.1,9,0.7083333333333334,0.7083333333333334,0.0,-0.013888888888888876,-0.04166666666666663,0.04166666666666663,4,4,1,0.375,0.375,0.29571551967295867,0.002782425015758805
borrado (burst),CSP+LDA,0.25,9,0.7083333333333334,0.75,-0.04166666666666663,-0.032407407407407406,-0.125,0.04166666666666663,5,3,1,0.125,0.25,0.5113735147841821,0.002782425015758805
borrado (burst),CSP+LDA,0.4,9,0.7083333333333334,0.6666666666666666,-0.04166666666666674,-0.06481481481481483,-0.125,-0.04166666666666663,9,0,0,0.00390625,0.01171875,0.9618783041422524,0.002782425015758805
borrado (burst),EEGNet,0.1,9,0.75,0.75,0.0,-0.013888888888888827,-0.04166666666666663,0.04166666666666674,4,3,2,0.5625,0.59375,0.19304405408518532,0.007120943630328616
borrado (burst),EEGNet,0.25,9,0.75,0.75,-0.04166666666666663,-0.03703703703703699,-0.16666666666666663,0.04166666666666674,6,1,2,0.296875,0.59375,0.34771942110615117,0.007120943630328616
borrado (burst),EEGNet,0.4,9,0.75,0.7083333333333334,-0.08333333333333326,-0.07870370370370366,-0.16666666666666663,1.1102230246251565e-16,8,0,1,0.0078125,0.0234375,0.8866891562058198,0.007120943630328616
