label,n_exec,n_subj,p_silenciosa_med_subj,p_silenciosa_q1,p_silenciosa_q3,p_silenciosa_max_subj,p_degradado_med_subj,p_operativo_med_subj,secs_eval_total,secs_degradados_total,secs_silenciosos_total,frac_degradado_que_es_silencioso,p_silenciosa_glob,ejec_con_silenciosa,subj_con_silenciosa,subj_con_silenciosa_lista,secs_sin_muestras_total,secs_con_excepcion_total,campania
ref,45,9,0.0,0.0,0.0,0.0,0.0,1.0,12750,0,0,,0.0,0,0,[],0,0,nueva
disconnect-n10-1,45,9,0.0,0.0,0.0,0.0,0.0,0.986013986013986,12750,27,26,0.9629629629629629,0.00203921568627451,2,2,"[3, 7]",246,0,nueva
disconnect-n2-1,45,9,0.0,0.0,0.0,0.0,0.0,0.9965034965034965,12750,0,0,,0.0,0,0,[],56,0,nueva
disconnect-n20-1,45,9,0.0,0.0,0.0,0.0,0.0,0.9685314685314685,12750,0,0,,0.0,0,0,[],501,0,nueva
disconnect-n5-1,45,9,0.0,0.0,0.0,0.0,0.0,0.9921259842519685,12750,0,0,,0.0,0,0,[],132,0,nueva
disconnect-n5-1.25,9,9,0.0,0.0,0.0,0.0,0.0,0.986013986013986,2822,0,0,,0.0,0,0,[],48,0,nueva
disconnect-n5-1.75,9,9,0.0,0.0,0.0,0.050473186119873815,0.0,0.9747634069400631,2822,16,16,1.0,0.005669737774627924,1,1,[5],72,0,nueva
disconnect-n5-2.25,9,9,0.0,0.0,0.0,0.0,0.0,0.9747634069400631,2822,0,0,,0.0,0,0,[],91,0,nueva
hold_trial-0.1,45,9,0.0,0.0,0.0,0.0,0.0,1.0,12750,40,40,1.0,0.003137254901960784,2,1,[5],0,0,nueva
hold_trial-0.25,45,9,0.0,0.0,0.0,0.09352517985611511,0.0,1.0,12750,416,416,1.0,0.03262745098039216,8,4,"[4, 5, 7, 9]",0,0,nueva
hold_trial-0.4,45,9,0.0,0.0,0.0,0.0,0.0,1.0,12750,341,341,1.0,0.026745098039215685,5,5,"[1, 5, 7, 8, 9]",0,0,nueva
ref,45,9,0.0,0.0,0.0,0.0,0.0,1.0,12750,0,0,,0.0,0,0,[],0,0,anterior
burst_trial-0.1,45,9,0.0,0.0,0.0,0.0,0.0,1.0,12750,124,124,1.0,0.009725490196078431,4,3,"[5, 6, 7]",0,0,anterior
burst_trial-0.25,45,9,0.0,0.0,0.0,0.08391608391608392,0.0,1.0,12750,370,369,0.9972972972972973,0.028941176470588234,10,6,"[1, 3, 4, 5, 7, 9]",13,0,anterior
burst_trial-0.4,45,9,0.0,0.0,0.0,0.0,0.0,0.9244604316546763,12750,465,436,0.9376344086021505,0.03419607843137255,8,6,"[3, 4, 5, 6, 7, 9]",1308,0,anterior
