subject,kind,severity,label,bacc,bacc_net,p_touched,lost_frac
1,none,0.0,ref,0.875,0.875,0.0,0.0
1,sweep,2.0,disconnect-n2-1,0.875,0.875,0.0,0.0
1,sweep,5.0,disconnect-n5-1,0.875,0.875,0.08333333333333333,0.025083333333333332
1,sweep,10.0,disconnect-n10-1,0.875,0.875,0.125,0.041166666666666664
1,sweep,20.0,disconnect-n20-1,0.875,0.9166666666666667,0.2916666666666667,0.076875
2,none,0.0,ref,0.625,0.5416666666666666,0.0,0.0
2,sweep,2.0,disconnect-n2-1,0.625,0.5416666666666666,0.041666666666666664,0.0010416666666666675
2,sweep,5.0,disconnect-n5-1,0.5833333333333333,0.5833333333333333,0.08333333333333333,0.029166666666666664
2,sweep,10.0,disconnect-n10-1,0.625,0.5416666666666666,0.125,0.034374999999999996
2,sweep,20.0,disconnect-n20-1,0.625,0.5,0.2916666666666667,0.076
3,none,0.0,ref,0.9166666666666667,0.9583333333333333,0.0,0.0
3,sweep,2.0,disconnect-n2-1,0.9166666666666667,0.9583333333333333,0.0,0.0
3,sweep,5.0,disconnect-n5-1,0.9166666666666667,0.9583333333333333,0.08333333333333333,0.02395833333333333
3,sweep,10.0,disconnect-n10-1,0.9166666666666667,0.9583333333333333,0.125,0.03283333333333333
3,sweep,20.0,disconnect-n20-1,0.9166666666666667,1.0,0.20833333333333334,0.051416666666666666
4,none,0.0,ref,0.625,0.7083333333333333,0.0,0.0
4,sweep,2.0,disconnect-n2-1,0.625,0.7083333333333333,0.0,0.0
4,sweep,5.0,disconnect-n5-1,0.625,0.7083333333333333,0.08333333333333333,0.021291666666666667
4,sweep,10.0,disconnect-n10-1,0.625,0.7083333333333334,0.16666666666666666,0.04916666666666667
4,sweep,20.0,disconnect-n20-1,0.625,0.75,0.2916666666666667,0.08004166666666666
5,none,0.0,ref,0.625,0.5833333333333333,0.0,0.0
5,sweep,2.0,disconnect-n2-1,0.625,0.5833333333333333,0.041666666666666664,0.007000000000000002
5,sweep,5.0,disconnect-n5-1,0.625,0.5833333333333334,0.041666666666666664,0.0002916666666666669
5,sweep,10.0,disconnect-n10-1,0.625,0.5833333333333334,0.16666666666666666,0.04854166666666667
5,sweep,20.0,disconnect-n20-1,0.5416666666666667,0.5833333333333334,0.25,0.09095833333333332
6,none,0.0,ref,0.6666666666666666,0.7083333333333334,0.0,0.0
6,sweep,2.0,disconnect-n2-1,0.6666666666666666,0.7083333333333334,0.041666666666666664,0.009916666666666666
6,sweep,5.0,disconnect-n5-1,0.6666666666666666,0.7083333333333334,0.041666666666666664,0.0061666666666666675
6,sweep,10.0,disconnect-n10-1,0.6666666666666666,0.7083333333333334,0.125,0.03383333333333333
6,sweep,20.0,disconnect-n20-1,0.625,0.625,0.2916666666666667,0.08604166666666667
7,none,0.0,ref,0.7083333333333334,0.75,0.0,0.0
7,sweep,2.0,disconnect-n2-1,0.7083333333333334,0.75,0.041666666666666664,0.010833333333333334
7,sweep,5.0,disconnect-n5-1,0.7083333333333334,0.75,0.08333333333333333,0.016541666666666666
7,sweep,10.0,disconnect-n10-1,0.7083333333333334,0.7083333333333333,0.125,0.03370833333333333
7,sweep,20.0,disconnect-n20-1,0.7083333333333334,0.7083333333333334,0.20833333333333334,0.057791666666666665
8,none,0.0,ref,0.9583333333333333,0.9583333333333333,0.0,0.0
8,sweep,2.0,disconnect-n2-1,0.9583333333333333,0.9583333333333333,0.0,0.0
8,sweep,5.0,disconnect-n5-1,0.9583333333333333,0.9583333333333333,0.08333333333333333,0.023333333333333334
8,sweep,10.0,disconnect-n10-1,0.9166666666666667,0.9166666666666667,0.125,0.030208333333333334
8,sweep,20.0,disconnect-n20-1,0.9583333333333333,0.9166666666666667,0.3333333333333333,0.07204166666666667
9,none,0.0,ref,0.9166666666666666,0.9583333333333333,0.0,0.0
9,sweep,2.0,disconnect-n2-1,0.9166666666666666,0.9583333333333333,0.041666666666666664,0.005958333333333334
9,sweep,5.0,disconnect-n5-1,0.9166666666666666,0.9583333333333333,0.08333333333333333,0.011291666666666663
9,sweep,10.0,disconnect-n10-1,0.9166666666666666,0.875,0.16666666666666666,0.05095833333333333
9,sweep,20.0,disconnect-n20-1,0.9166666666666666,0.9166666666666666,0.25,0.07379166666666667
