grupo,n_seg,tasa_alarma,n_alarmas,n_degradados,alarmas_en_degradados,recall_degradados,n_silenciosos,alarmas_en_silenciosos
ref nueva (LOSO),12750,0.02666666666666667,340,0,0,,0,0
hold_trial-0.1 (todos los segundos),12750,0.02431372549019608,310,40,1,0.025,40,1
hold_trial-0.1 (segundos que contienen el tramo retenido),2206,0.016319129646418858,36,9,1,0.1111111111111111,9,1
hold_trial-0.1 (segundos sin tramo),10544,0.025986342943854324,274,31,0,0.0,31,0
hold_trial-0.25 (todos los segundos),12750,0.027607843137254902,352,416,11,0.026442307692307692,416,11
hold_trial-0.25 (segundos que contienen el tramo retenido),3124,0.02240717029449424,70,102,6,0.058823529411764705,102,6
hold_trial-0.25 (segundos sin tramo),9626,0.029295657594016207,282,314,5,0.01592356687898089,314,5
hold_trial-0.4 (todos los segundos),12750,0.027607843137254902,352,341,9,0.026392961876832845,341,9
hold_trial-0.4 (segundos que contienen el tramo retenido),4034,0.022062469013386217,89,109,2,0.01834862385321101,109,2
hold_trial-0.4 (segundos sin tramo),8716,0.030174391922900414,263,232,7,0.03017241379310345,232,7
"hold (3 severidades, todos los segundos)",38250,0.02650980392156863,1014,797,21,0.026348808030112924,797,21
hold (segundos con tramo),9364,0.020824434002563008,195,220,9,0.04090909090909091,220,9
ref anterior (LOSO),12750,0.02619607843137255,334,0,0,,0,0
burst_trial-0.1 (todos los segundos),12750,0.19333333333333333,2465,124,20,0.16129032258064516,124,20
burst_trial-0.25 (todos los segundos),12750,0.2647058823529412,3375,370,98,0.2648648648648649,369,97
burst_trial-0.4 (todos los segundos),12750,0.33498039215686276,4271,465,147,0.3161290322580645,436,118
"burst (3 severidades, todos los segundos)",38250,0.26433986928104575,10111,959,265,0.27632950990615224,929,235
