exec_id,subject,run,kind,severity,mode,label,n_pushed,n_dropped,outages,timing_p99_ms,n_trials,n_valid,exceptions,recv_ratio,n_gaps,gap_s,lat_mean_ms,lat_max_ms,ia_std_ms,ia_max_ms,secs_no_data,secs_total,reconnections,bacc,acc,conf,valid_rate,decision_delay_ms,bacc_net,K,n_outages_log,p_touched,p_lt500,lost_frac,k_touched,k_invalid
s01-r0-disconnect-n10-1,1,0,disconnect,1.0,n10,disconnect-n10-1,94235,2500,10,0.0015528899484706957,24,24,0,0.9605684754521964,10,18.200000000000003,2.684635416666666,28.139999999999997,13.760496083550914,1561.6699999999998,4,387,10,0.875,0.875,0.9630375,1.0,1034.05,0.9166666666666667,10,10,0.20833333333333334,0.0,0.0665,5,0
s01-r0-disconnect-n2-1,1,0,disconnect,1.0,n2,disconnect-n2-1,96235,500,2,0.0015321298360504525,24,24,0,0.9919896640826873,2,4.04,2.703056994818653,28.17,4.666658031088083,1560.29,1,387,2,0.875,0.875,0.9539125,1.0,1033.15,0.875,2,2,0.041666666666666664,0.0,0.004083333333333332,1,0
s01-r0-disconnect-n20-1,1,0,disconnect,1.0,n20,disconnect-n20-1,91735,5000,20,0.0018422698440190293,24,24,0,0.9212919896640827,20,40.400000000000006,2.7066578249336875,12.14,24.62845744680851,1564.23,11,387,20,0.9166666666666667,0.9166666666666666,0.9425583333333334,1.0,1035.7500000000002,0.9166666666666667,20,20,0.2916666666666667,0.0,0.076875,7,0
s01-r0-disconnect-n5-1,1,0,disconnect,1.0,n5,disconnect-n5-1,95485,1250,5,0.001582810086802057,24,24,0,0.9802067183462533,5,9.600000000000001,2.6725714285714286,20.13,8.722415584415582,1560.76,2,387,5,0.875,0.875,0.9581958333333332,1.0,1031.5500000000002,0.875,5,5,0.08333333333333333,0.0,0.022458333333333334,2,0
s01-r0-ref,1,0,none,0.0,random,ref,96735,0,0,0.0015682701791774893,24,24,0,0.9998449612403101,0,0.0,2.718811369509044,32.169999999999995,1.922764857881137,43.86000000000001,0,387,0,0.875,0.875,0.9526125,1.0,1031.95,0.875,0,0,0.0,0.0,0.0,0,0
s01-r1-disconnect-n10-1,1,1,disconnect,1.0,n10,disconnect-n10-1,94235,2500,10,0.001702269819361391,24,24,0,0.9605684754521964,10,19.200000000000003,2.6886422976501305,36.12,11.363507853403142,1560.9299999999998,5,387,10,0.875,0.875,0.8654208333333333,1.0,1032.75,0.9166666666666667,10,10,0.125,0.0,0.035541666666666666,3,0
s01-r1-disconnect-n2-1,1,1,disconnect,1.0,n2,disconnect-n2-1,96235,500,2,0.0019972701284132204,24,24,0,0.9919896640826873,2,4.04,2.67279792746114,5.33,3.6228571428571428,1559.99,2,387,2,0.875,0.875,0.8636083333333332,1.0,1031.0,0.9166666666666667,2,2,0.041666666666666664,0.0,0.003124999999999998,1,0
s01-r1-disconnect-n20-1,1,1,disconnect,1.0,n20,disconnect-n20-1,91735,5000,20,0.0016709993997210404,24,24,0,0.9212919896640827,20,42.400000000000006,2.67768,5.2700000000000005,23.27605333333333,1560.78,12,387,20,0.875,0.875,0.8901583333333334,1.0,1031.5,0.9166666666666667,20,20,0.16666666666666666,0.0,0.04058333333333333,4,0
s01-r1-disconnect-n5-1,1,1,disconnect,1.0,n5,disconnect-n5-1,95485,1250,5,0.001759270162438043,24,24,0,0.9802067183462533,5,11.600000000000001,2.6879373368146213,5.31,6.904595300261096,1560.8500000000001,4,387,5,0.875,0.875,0.8711208333333333,1.0,1033.1999999999998,0.9166666666666667,5,5,0.125,0.0,0.04733333333333334,3,0
s01-r1-ref,1,1,none,0.0,random,ref,96735,0,0,0.0015910000001895241,24,24,0,0.9998449612403101,0,0.0,2.6944186046511622,16.1,1.8965891472868217,42.68,0,387,0,0.875,0.875,0.8634583333333333,1.0,1032.15,0.9166666666666667,0,0,0.0,0.0,0.0,0,0
s01-r2-disconnect-n10-1,1,2,disconnect,1.0,n10,disconnect-n10-1,94235,2500,10,0.0014045396983419786,24,24,0,0.9605684754521964,10,21.200000000000003,2.684593175853019,28.13,11.663385826771654,1564.2,6,387,10,0.8333333333333333,0.8333333333333334,0.8917083333333333,1.0,1033.8500000000001,0.875,10,10,0.16666666666666666,0.0,0.045000000000000005,4,0
s01-r2-disconnect-n2-1,1,2,disconnect,1.0,n2,disconnect-n2-1,96235,500,2,0.0013725400367548,24,24,0,0.9919896640826873,2,5.04,2.665428571428571,20.11,3.7071428571428564,1560.46,2,387,2,0.8333333333333333,0.8333333333333334,0.89175,1.0,1034.8500000000001,0.875,2,2,0.0,0.0,0.0,0,0
s01-r2-disconnect-n20-1,1,2,disconnect,1.0,n20,disconnect-n20-1,91735,5000,20,0.0016815399521874505,24,24,0,0.9212919896640827,20,43.400000000000006,2.6909090909090905,20.14,22.76868632707774,1560.83,14,387,20,0.875,0.875,0.8770041666666666,1.0,1036.5500000000002,0.9583333333333333,20,20,0.375,0.0,0.11170833333333334,9,0
s01-r2-disconnect-n5-1,1,2,disconnect,1.0,n5,disconnect-n5-1,95485,1250,5,0.001278270665352466,24,24,0,0.9802067183462533,5,11.600000000000001,2.6734986945169714,28.11,7.724569190600522,1563.96,4,387,5,0.8333333333333333,0.8333333333333334,0.8915458333333333,1.0,1032.85,0.875,5,5,0.041666666666666664,0.0,0.0005833333333333338,1,0
s01-r2-ref,1,2,none,0.0,random,ref,96735,0,0,0.001431809741916369,24,24,0,0.9998449612403101,0,0.0,2.685193798449612,36.14,1.8985529715762273,42.55,0,387,0,0.8333333333333333,0.8333333333333334,0.8916,1.0,1033.05,0.875,0,0,0.0,0.0,0.0,0,0
s01-r3-disconnect-n10-1,1,3,disconnect,1.0,n10,disconnect-n10-1,94235,2500,10,0.001754540789988824,24,24,0,0.9605684754521964,10,21.200000000000003,2.707874015748031,36.18,11.608162729658792,1560.92,6,387,10,0.9166666666666667,0.9166666666666666,0.8752624999999999,1.0,1026.55,0.875,10,10,0.125,0.0,0.041166666666666664,3,0
s01-r3-disconnect-n2-1,1,3,disconnect,1.0,n2,disconnect-n2-1,96235,500,2,0.0017095403200073642,24,24,0,0.9919896640826873,2,4.04,2.69699481865285,5.2700000000000005,2.667331606217617,1560.22,1,387,2,0.875,0.875,0.8768208333333334,1.0,1026.65,0.9166666666666667,2,2,0.0,0.0,0.0,0,0
s01-r3-disconnect-n20-1,1,3,disconnect,1.0,n20,disconnect-n20-1,91735,5000,20,0.0018555410133558334,24,24,0,0.9212919896640827,20,39.400000000000006,2.69515873015873,28.13,26.038068783068788,1564.3400000000001,9,387,20,0.7916666666666667,0.7916666666666666,0.8538416666666667,1.0,1029.65,0.875,20,20,0.3333333333333333,0.0,0.10816666666666667,8,0
s01-r3-disconnect-n5-1,1,3,disconnect,1.0,n5,disconnect-n5-1,95485,1250,5,0.0016582698663114574,24,24,0,0.9802067183462533,5,8.600000000000001,2.6824870466321244,5.2700000000000005,7.93476683937824,1560.59,1,387,5,0.875,0.875,0.8769041666666668,1.0,1026.55,0.9166666666666667,5,5,0.08333333333333333,0.0,0.025083333333333332,2,0
s01-r3-ref,1,3,none,0.0,random,ref,96735,0,0,0.0017150000894616824,24,24,0,0.9998449612403101,0,0.0,2.6843410852713174,20.19,1.9010077519379844,46.28,0,387,0,0.875,0.875,0.8768208333333334,1.0,1026.4,0.9166666666666667,0,0,0.0,0.0,0.0,0,0
s01-r4-disconnect-n10-1,1,4,disconnect,1.0,n10,disconnect-n10-1,94235,2500,10,0.0016255393893516165,24,24,0,0.9605684754521964,10,19.200000000000003,2.6874673629242825,5.33,14.750313315926894,1562.06,4,387,10,0.7916666666666667,0.7916666666666666,0.8256249999999999,1.0,1032.4,0.8333333333333333,10,10,0.125,0.0,0.030916666666666665,3,0
s01-r4-disconnect-n2-1,1,4,disconnect,1.0,n2,disconnect-n2-1,96235,500,2,0.0015088102918525705,24,24,0,0.9919896640826873,2,3.04,2.6707751937984496,28.19,5.191007751937986,1559.5900000000001,0,387,2,0.75,0.75,0.8400958333333334,1.0,1030.35,0.8333333333333333,2,2,0.0,0.0,0.0,0,0
s01-r4-disconnect-n20-1,1,4,disconnect,1.0,n20,disconnect-n20-1,91735,5000,20,0.0018395398546999795,24,24,0,0.9212919896640827,20,39.400000000000006,2.6835978835978835,36.13,23.73857142857143,1564.38,9,387,20,0.75,0.75,0.8496791666666667,1.0,1032.4,0.8333333333333333,20,20,0.25,0.0,0.0635,6,0
s01-r4-disconnect-n5-1,1,4,disconnect,1.0,n5,disconnect-n5-1,95485,1250,5,0.001986349579965465,24,24,0,0.9802067183462533,5,9.600000000000001,2.677974025974026,36.13,7.932857142857142,1560.47,2,387,5,0.75,0.75,0.8420624999999999,1.0,1028.95,0.8333333333333333,5,5,0.08333333333333333,0.0,0.03166666666666667,2,0
s01-r4-ref,1,4,none,0.0,random,ref,96735,0,0,0.0016988110110105494,24,24,0,0.9998449612403101,0,0.0,2.67953488372093,32.160000000000004,1.8884496124031007,42.18,0,387,0,0.75,0.75,0.8401458333333333,1.0,1029.45,0.8333333333333333,0,0,0.0,0.0,0.0,0,0
s02-r0-disconnect-n10-1,2,0,disconnect,1.0,n10,disconnect-n10-1,94235,2500,10,0.0018166998870583527,24,24,0,0.9605684754521964,10,17.200000000000003,2.7019480519480523,32.14,15.754583333333333,1564.8200000000002,3,387,10,0.5,0.5,0.7395208333333333,1.0,1032.4499999999998,0.625,10,10,0.16666666666666666,0.0,0.05754166666666666,4,0
s02-r0-disconnect-n2-1,2,0,disconnect,1.0,n2,disconnect-n2-1,96235,500,2,0.0015765398211442525,24,24,0,0.9919896640826873,2,5.04,2.6947792207792207,36.13,3.5767532467532464,1560.36,2,387,2,0.5833333333333333,0.5833333333333334,0.7315083333333332,1.0,1031.95,0.5416666666666667,2,2,0.041666666666666664,0.0,0.0155,1,0
s02-r0-disconnect-n20-1,2,0,disconnect,1.0,n20,disconnect-n20-1,91735,5000,20,0.007627250110999859,24,24,0,0.9212919896640827,20,43.400000000000006,2.7102941176470585,28.13,21.772058823529413,1561.32,13,387,20,0.625,0.625,0.7169083333333331,1.0,1034.55,0.5416666666666667,20,20,0.20833333333333334,0.0,0.06533333333333334,5,0
s02-r0-disconnect-n5-1,2,0,disconnect,1.0,n5,disconnect-n5-1,95485,1250,5,0.001448269856609841,24,24,0,0.9801033591731266,5,8.64,2.6873834196891186,28.13,8.745621761658033,1595.45,1,387,5,0.5833333333333333,0.5833333333333334,0.7301916666666667,1.0,1034.1499999999999,0.5833333333333333,5,5,0.08333333333333333,0.0,0.012749999999999997,2,0
s02-r0-ref,2,0,none,0.0,random,ref,96735,0,0,0.0017172700290757352,24,24,0,0.9998449612403101,0,0.0,2.6992248062015505,32.15,1.9565116279069765,42.56999999999999,0,387,0,0.5833333333333333,0.5833333333333334,0.7298958333333333,1.0,1033.1999999999998,0.5416666666666667,0,0,0.0,0.0,0.0,0,0
s02-r1-disconnect-n10-1,2,1,disconnect,1.0,n10,disconnect-n10-1,94235,2500,10,0.0015882703610259345,24,24,0,0.9605684754521964,10,19.200000000000003,2.6767362924281985,28.19,14.121596858638746,1562.6599999999999,5,387,10,0.7083333333333334,0.7083333333333334,0.8127999999999999,1.0,1032.95,0.5416666666666667,10,10,0.16666666666666666,0.0,0.035083333333333334,4,0
s02-r1-disconnect-n2-1,2,1,disconnect,1.0,n2,disconnect-n2-1,96235,500,2,0.0015300001905416138,24,24,0,0.9919896640826873,2,5.04,2.6855324675324677,5.3,3.660883116883117,1559.72,2,387,2,0.7083333333333334,0.7083333333333334,0.8122625,1.0,1031.6999999999998,0.5416666666666667,2,2,0.0,0.0,0.0,0,0
s02-r1-disconnect-n20-1,2,1,disconnect,1.0,n20,disconnect-n20-1,91735,5000,20,0.0014682700566481803,24,24,0,0.9212919896640827,20,39.400000000000006,2.690132275132275,32.14,26.09312169312169,1560.6299999999999,9,387,20,0.7083333333333334,0.7083333333333334,0.8216583333333333,1.0,1031.8,0.625,20,20,0.2916666666666667,0.0,0.076,7,0
s02-r1-disconnect-n5-1,2,1,disconnect,1.0,n5,disconnect-n5-1,95485,1250,5,0.0017648096491029732,24,24,0,0.9802067183462533,5,11.600000000000001,2.6822454308093993,36.11000000000001,6.68467362924282,1561.21,4,387,5,0.7083333333333334,0.7083333333333334,0.8131208333333332,1.0,1030.9499999999998,0.5833333333333334,5,5,0.041666666666666664,0.0,0.0057083333333333335,1,0
s02-r1-ref,2,1,none,0.0,random,ref,96735,0,0,0.001845540036811145,24,24,0,0.9998449612403101,0,0.0,2.6583720930232553,5.3,1.8719121447028424,42.5,0,387,0,0.7083333333333334,0.7083333333333334,0.8122625,1.0,1032.85,0.5416666666666667,0,0,0.0,0.0,0.0,0,0
s02-r2-disconnect-n10-1,2,2,disconnect,1.0,n10,disconnect-n10-1,94235,2500,10,0.0012789996617357247,24,24,0,0.9605684754521964,10,22.200000000000003,2.663684210526316,5.25,12.789684210526316,1560.86,7,387,10,0.5416666666666666,0.5416666666666666,0.8169458333333334,1.0,1031.4,0.45833333333333337,10,10,0.125,0.0,0.021333333333333333,3,0
s02-r2-disconnect-n2-1,2,2,disconnect,1.0,n2,disconnect-n2-1,96235,500,2,0.0013410797055257734,24,24,0,0.9919896640826873,2,4.04,2.664766839378238,5.29,4.239507772020725,1559.79,1,387,2,0.5,0.5,0.8105041666666667,1.0,1034.25,0.41666666666666663,2,2,0.041666666666666664,0.0,0.010375,1,0
s02-r2-disconnect-n20-1,2,2,disconnect,1.0,n20,disconnect-n20-1,91735,5000,20,0.0014046194883121671,24,24,0,0.9212919896640827,20,44.400000000000006,2.662144772117963,24.119999999999997,22.038198924731176,1564.08,15,387,20,0.5416666666666667,0.5416666666666666,0.81235,1.0,1033.8,0.41666666666666663,20,20,0.2916666666666667,0.0,0.08091666666666668,7,0
s02-r2-disconnect-n5-1,2,2,disconnect,1.0,n5,disconnect-n5-1,95485,1250,5,0.0013483499606081772,24,24,0,0.9802067183462533,5,9.600000000000001,2.6636363636363636,7.26,8.397246753246753,1563.42,2,387,5,0.5,0.5,0.814275,1.0,1033.5,0.45833333333333337,5,5,0.08333333333333333,0.0,0.03166666666666667,2,0
s02-r2-ref,2,2,none,0.0,random,ref,96735,0,0,0.0015932698534015803,24,24,0,0.9998449612403101,0,0.0,2.6568992248062013,12.11,1.8773126614987081,44.41,0,387,0,0.5,0.5,0.8103875,1.0,1032.8500000000001,0.41666666666666663,0,0,0.0,0.0,0.0,0,0
s02-r3-disconnect-n10-1,2,3,disconnect,1.0,n10,disconnect-n10-1,94235,2500,10,0.0017502688933745962,24,24,0,0.9605684754521964,10,21.200000000000003,2.679685039370079,36.13,10.681627296587926,1561.52,6,387,10,0.625,0.625,0.6763499999999999,1.0,1026.1499999999999,0.41666666666666663,10,10,0.125,0.0,0.034374999999999996,3,0
s02-r3-disconnect-n2-1,2,3,disconnect,1.0,n2,disconnect-n2-1,96235,500,2,0.0015852701835683551,24,24,0,0.9919896640826873,2,3.04,2.697751937984496,5.28,3.0938759689922484,1560.5500000000002,0,387,2,0.625,0.625,0.6768083333333333,1.0,1026.35,0.41666666666666663,2,2,0.0,0.0,0.0,0,0
s02-r3-disconnect-n20-1,2,3,disconnect,1.0,n20,disconnect-n20-1,91735,5000,20,0.001835290477174579,24,24,0,0.9212919896640827,20,43.400000000000006,2.6502673796791445,5.2700000000000005,24.919331550802138,1561.42,13,387,20,0.5833333333333333,0.5833333333333334,0.7108916666666666,1.0,1027.6499999999999,0.33333333333333337,20,20,0.375,0.0,0.116375,9,0
s02-r3-disconnect-n5-1,2,3,disconnect,1.0,n5,disconnect-n5-1,95485,1250,5,0.001732540113152937,24,24,0,0.9802067183462533,5,10.600000000000001,2.7065364583333333,16.16,7.316458333333333,1560.02,3,387,5,0.5833333333333333,0.5833333333333334,0.6795291666666667,1.0,1026.55,0.41666666666666663,5,5,0.08333333333333333,0.0,0.03166666666666667,2,0
s02-r3-ref,2,3,none,0.0,random,ref,96735,0,0,0.0014765405103389648,24,24,0,0.9998449612403101,0,0.0,2.681421188630491,6.38,1.8729457364341089,44.1,0,387,0,0.625,0.625,0.6768083333333333,1.0,1026.35,0.41666666666666663,0,0,0.0,0.0,0.0,0,0
s02-r4-disconnect-n10-1,2,4,disconnect,1.0,n10,disconnect-n10-1,94235,2500,10,0.0017029997252393514,24,24,0,0.9605684754521964,10,20.200000000000003,2.7068062827225132,5.36,11.80130890052356,1564.1000000000001,5,387,10,0.6666666666666666,0.6666666666666666,0.7452,1.0,1030.2,0.5416666666666666,10,10,0.08333333333333333,0.0,0.016666666666666666,2,0
s02-r4-disconnect-n2-1,2,4,disconnect,1.0,n2,disconnect-n2-1,96235,500,2,0.0016865410179889304,24,24,0,0.9919896640826873,2,4.04,2.6839119170984453,5.28,4.678756476683938,1564.67,1,387,2,0.6666666666666666,0.6666666666666666,0.7423333333333333,1.0,1032.1,0.5416666666666666,2,2,0.041666666666666664,0.0,0.0010416666666666675,1,0
s02-r4-disconnect-n20-1,2,4,disconnect,1.0,n20,disconnect-n20-1,91735,5000,20,0.0015668105879740337,24,24,0,0.9212919896640827,20,41.400000000000006,2.6680585106382977,5.28,25.032079999999997,1561.08,12,387,20,0.6666666666666667,0.6666666666666666,0.7462666666666667,1.0,1032.95,0.5,20,20,0.25,0.0,0.06083333333333333,6,0
s02-r4-disconnect-n5-1,2,4,disconnect,1.0,n5,disconnect-n5-1,95485,1250,5,0.001580890893819745,24,24,0,0.9802067183462533,5,11.600000000000001,2.685169712793734,5.36,7.220130548302871,1560.12,4,387,5,0.7083333333333333,0.7083333333333334,0.7442208333333333,1.0,1030.95,0.5833333333333333,5,5,0.08333333333333333,0.0,0.029166666666666664,2,0
s02-r4-ref,2,4,none,0.0,random,ref,96735,0,0,0.0016742678781156432,24,24,0,0.9998449612403101,0,0.0,2.668036175710594,5.32,1.8751937984496125,43.11,0,387,0,0.6666666666666666,0.6666666666666666,0.7419583333333334,1.0,1028.6,0.5416666666666666,0,0,0.0,0.0,0.0,0,0
s03-r0-disconnect-n10-1,3,0,disconnect,1.0,n10,disconnect-n10-1,94235,2500,10,0.0016188101608349838,24,24,0,0.9605684754521964,10,18.200000000000003,2.685,5.31,13.550104166666667,1563.55,3,387,10,0.9583333333333333,0.9583333333333334,0.9254999999999999,1.0,1035.1,0.9583333333333333,10,10,0.08333333333333333,0.0,0.02008333333333333,2,0
s03-r0-disconnect-n2-1,3,0,disconnect,1.0,n2,disconnect-n2-1,96235,500,2,0.0017765401889846552,24,24,0,0.9919896640826873,2,4.04,2.698031088082902,12.14,3.9782124352331603,1560.9599999999998,1,387,2,0.875,0.875,0.9074249999999999,1.0,1032.5,0.9583333333333333,2,2,0.0,0.0,0.0,0,0
s03-r0-disconnect-n20-1,3,0,disconnect,1.0,n20,disconnect-n20-1,91735,5000,20,0.0019079998310189694,24,24,0,0.9212919896640827,20,40.400000000000006,2.684058355437666,36.14,22.842095490716183,1561.25,10,387,20,0.875,0.875,0.9074666666666666,1.0,1031.8,1.0,20,20,0.20833333333333334,0.0,0.051416666666666666,5,0
s03-r0-disconnect-n5-1,3,0,disconnect,1.0,n5,disconnect-n5-1,95485,1250,5,0.0018992699233422177,24,24,0,0.9802067183462533,5,10.600000000000001,2.6903125,12.13,6.419190600522192,1561.01,4,387,5,0.875,0.875,0.9019625000000001,1.0,1033.35,0.9583333333333333,5,5,0.08333333333333333,0.0,0.013666666666666666,2,0
s03-r0-ref,3,0,none,0.0,random,ref,96735,0,0,0.0014190803312885709,24,24,0,0.9998449612403101,0,0.0,2.65764857881137,5.31,1.8801550387596897,42.84,0,387,0,0.875,0.875,0.9074249999999999,1.0,1030.7499999999998,0.9583333333333333,0,0,0.0,0.0,0.0,0,0
s03-r1-disconnect-n10-1,3,1,disconnect,1.0,n10,disconnect-n10-1,94235,2500,10,0.001726270056678914,24,24,0,0.9605684754521964,10,20.200000000000003,2.6996858638743455,20.150000000000002,12.131623036649216,1560.4499999999998,5,387,10,0.9166666666666667,0.9166666666666666,0.9503375000000002,1.0,1031.2,1.0,10,10,0.08333333333333333,0.0,0.023625000000000004,2,0
s03-r1-disconnect-n2-1,3,1,disconnect,1.0,n2,disconnect-n2-1,96235,500,2,0.0015910000001895241,24,24,0,0.9919896640826873,2,3.04,2.6821447028423773,5.31,4.566330749354004,1560.8500000000001,0,387,2,0.9166666666666667,0.9166666666666666,0.9503166666666667,1.0,1032.25,1.0,2,2,0.041666666666666664,0.0,0.015833333333333335,1,0
s03-r1-disconnect-n20-1,3,1,disconnect,1.0,n20,disconnect-n20-1,91735,5000,20,0.0016463502015540167,24,24,0,0.9212919896640827,20,41.400000000000006,2.702074468085106,5.34,23.610292553191492,1564.33,11,387,20,0.9583333333333333,0.9583333333333334,0.9401333333333333,1.0,1032.5500000000002,1.0,20,20,0.2916666666666667,0.0,0.09483333333333334,7,0
s03-r1-disconnect-n5-1,3,1,disconnect,1.0,n5,disconnect-n5-1,95485,1250,5,0.001769079481164228,24,24,0,0.9802067183462533,5,11.600000000000001,2.673185378590078,5.26,7.336736292428198,1560.14,4,387,5,0.9166666666666667,0.9166666666666666,0.9559875,1.0,1031.6000000000001,1.0,5,5,0.125,0.0,0.035916666666666666,3,0
s03-r1-ref,3,1,none,0.0,random,ref,96735,0,0,0.0015948096279316828,24,24,0,0.9998449612403101,0,0.0,2.7070284237726097,36.2,1.930904392764858,42.88,0,387,0,0.9166666666666667,0.9166666666666666,0.9503208333333334,1.0,1032.1,1.0,0,0,0.0,0.0,0.0,0,0
s03-r2-disconnect-n10-1,3,2,disconnect,1.0,n10,disconnect-n10-1,94235,2500,10,0.0012635398252314198,24,24,0,0.9604651162790697,10,20.240000000000002,2.6589528795811517,28.11,13.867900262467193,1600.1399999999999,6,387,10,0.9166666666666667,0.9166666666666666,0.9540208333333333,1.0,1034.25,1.0,10,10,0.20833333333333334,0.0,0.04995833333333333,5,0
s03-r2-disconnect-n2-1,3,2,disconnect,1.0,n2,disconnect-n2-1,96235,500,2,0.0013428102283796774,24,24,0,0.9919896640826873,2,4.04,2.6585233160621757,36.12,3.997746113989636,1560.0400000000002,1,387,2,0.9583333333333333,0.9583333333333334,0.9583500000000001,1.0,1033.3000000000002,1.0,2,2,0.041666666666666664,0.0,0.015833333333333335,1,0
s03-r2-disconnect-n20-1,3,2,disconnect,1.0,n20,disconnect-n20-1,91735,5000,20,0.0016072699509095405,24,24,0,0.9212919896640827,20,42.400000000000006,2.6816266666666673,20.119999999999997,24.39493333333333,1560.3100000000002,12,387,20,0.9583333333333333,0.9583333333333334,0.9580500000000001,1.0,1031.25,1.0,20,20,0.16666666666666666,0.0,0.03729166666666667,4,0
s03-r2-disconnect-n5-1,3,2,disconnect,1.0,n5,disconnect-n5-1,95485,1250,5,0.001252270276381751,24,24,0,0.9802067183462533,5,7.6000000000000005,2.6332816537467703,24.13,8.211757105943153,1561.06,0,387,5,0.9583333333333333,0.9583333333333334,0.9609333333333333,1.0,1033.7,1.0,5,5,0.125,0.0,0.021291666666666667,3,0
s03-r2-ref,3,2,none,0.0,random,ref,96735,0,0,0.001284810841752916,24,24,0,0.9998449612403101,0,0.0,2.661395348837209,8.9,1.8787855297157623,45.940000000000005,0,387,0,0.9583333333333333,0.9583333333333334,0.9581083333333335,1.0,1033.9499999999998,1.0,0,0,0.0,0.0,0.0,0,0
s03-r3-disconnect-n10-1,3,3,disconnect,1.0,n10,disconnect-n10-1,94235,2500,10,0.0015579989849356934,24,24,0,0.9605684754521964,10,22.200000000000003,2.675763157894737,28.13,11.686342105263158,1561.65,7,387,10,0.875,0.875,0.9445458333333333,1.0,1028.7,0.9166666666666666,10,10,0.125,0.0,0.03283333333333333,3,0
s03-r3-disconnect-n2-1,3,3,disconnect,1.0,n2,disconnect-n2-1,96235,500,2,0.0015662690202589151,24,24,0,0.9919896640826873,2,5.04,2.681402597402598,20.150000000000002,3.509142857142857,1564.72,2,387,2,0.875,0.875,0.9399750000000001,1.0,1025.3999999999999,0.9166666666666666,2,2,0.0,0.0,0.0,0,0
s03-r3-disconnect-n20-1,3,3,disconnect,1.0,n20,disconnect-n20-1,91735,5000,20,0.001651810143812328,24,24,0,0.9212919896640827,20,40.400000000000006,2.686419098143236,36.11000000000001,23.495824468085104,1561.32,11,387,20,0.875,0.875,0.9376708333333332,1.0,1026.45,0.9583333333333333,20,20,0.3333333333333333,0.0,0.1055,8,0
s03-r3-disconnect-n5-1,3,3,disconnect,1.0,n5,disconnect-n5-1,95485,1250,5,0.0013882699931855318,24,24,0,0.9802067183462533,5,11.600000000000001,2.67845953002611,28.119999999999997,6.563638743455497,1560.75,5,387,5,0.875,0.875,0.9461375000000002,1.0,1027.2,0.9166666666666666,5,5,0.08333333333333333,0.0,0.02395833333333333,2,0
s03-r3-ref,3,3,none,0.0,random,ref,96735,0,0,0.0016332696759491232,24,24,0,0.9998449612403101,0,0.0,2.6739534883720926,28.139999999999997,1.8875710594315247,42.46,0,387,0,0.875,0.875,0.9399750000000001,1.0,1026.8,0.9166666666666666,0,0,0.0,0.0,0.0,0,0
s03-r4-disconnect-n10-1,3,4,disconnect,1.0,n10,disconnect-n10-1,94235,2500,10,0.0014290794388216472,24,24,0,0.9605684754521964,10,18.200000000000003,2.683567708333334,32.14,13.095625,1561.11,3,387,10,0.875,0.875,0.9415666666666667,1.0,1030.95,0.75,10,10,0.16666666666666666,0.0,0.059458333333333335,4,0
s03-r4-disconnect-n2-1,3,4,disconnect,1.0,n2,disconnect-n2-1,96235,500,2,0.0013879998732591048,24,24,0,0.9919896640826873,2,5.04,2.671818181818182,20.14,3.488623376623376,1560.44,2,387,2,0.9166666666666667,0.9166666666666666,0.9433708333333334,1.0,1029.45,0.875,2,2,0.0,0.0,0.0,0,0
s03-r4-disconnect-n20-1,3,4,disconnect,1.0,n20,disconnect-n20-1,91735,5000,20,0.0014999991799413692,24,24,0,0.9212919896640827,20,39.400000000000006,2.684867724867725,5.36,24.533306878306878,1561.42,9,387,20,0.9166666666666667,0.9166666666666666,0.9433208333333334,1.0,1031.5500000000002,0.8333333333333334,20,20,0.08333333333333333,0.0,0.017666666666666667,2,0
s03-r4-disconnect-n5-1,3,4,disconnect,1.0,n5,disconnect-n5-1,95485,1250,5,0.0015372688721981835,24,24,0,0.9802067183462533,5,9.600000000000001,2.6844675324675324,36.14,7.944051948051948,1560.3100000000002,2,387,5,0.9166666666666667,0.9166666666666666,0.9433625000000001,1.0,1032.6499999999999,0.875,5,5,0.08333333333333333,0.0,0.028999999999999998,2,0
s03-r4-ref,3,4,none,0.0,random,ref,96735,0,0,0.0015992704538803086,24,24,0,0.9998449612403101,0,0.0,2.690749354005168,5.28,1.8782687338501294,42.65,0,387,0,0.9166666666666667,0.9166666666666666,0.9433708333333334,1.0,1030.7,0.875,0,0,0.0,0.0,0.0,0,0
s04-r0-disconnect-n10-1,4,0,disconnect,1.0,n10,disconnect-n10-1,94235,2500,10,0.001541270403322415,24,24,0,0.9605684754521964,10,22.200000000000003,2.681236842105263,5.28,11.424763157894736,1560.9599999999998,7,387,10,0.7916666666666667,0.7916666666666666,0.8443958333333333,1.0,1035.5500000000002,0.7083333333333334,10,10,0.16666666666666666,0.0,0.035458333333333335,4,0
s04-r0-disconnect-n2-1,4,0,disconnect,1.0,n2,disconnect-n2-1,96235,500,2,0.0015512699656028421,24,24,0,0.9919896640826873,2,5.04,2.683636363636363,12.14,4.062181818181817,1559.49,2,387,2,0.7916666666666667,0.7916666666666666,0.8495541666666666,1.0,1032.7,0.6666666666666667,2,2,0.0,0.0,0.0,0,0
s04-r0-disconnect-n20-1,4,0,disconnect,1.0,n20,disconnect-n20-1,91735,5000,20,0.0017779998415790033,24,24,0,0.9212919896640827,20,42.400000000000006,2.6857333333333333,28.119999999999997,22.87981283422459,1560.9299999999998,13,387,20,0.7916666666666667,0.7916666666666666,0.8578166666666668,1.0,1032.75,0.6666666666666667,20,20,0.4166666666666667,0.0,0.09895833333333333,10,0
s04-r0-disconnect-n5-1,4,0,disconnect,1.0,n5,disconnect-n5-1,95485,1250,5,0.0015658102665838682,24,24,0,0.9802067183462533,5,10.600000000000001,2.701171875,28.150000000000002,7.634713541666668,1560.53,3,387,5,0.7916666666666667,0.7916666666666666,0.8491791666666666,1.0,1035.05,0.625,5,5,0.041666666666666664,0.0,0.0050416666666666665,1,0
s04-r0-ref,4,0,none,0.0,random,ref,96735,0,0,0.0017062698134395764,24,24,0,0.9998449612403101,0,0.0,2.6914470284237724,5.2700000000000005,1.8826614987080104,42.54,0,387,0,0.7916666666666667,0.7916666666666666,0.849125,1.0,1031.0000000000002,0.6666666666666667,0,0,0.0,0.0,0.0,0,0
s04-r1-disconnect-n10-1,4,1,disconnect,1.0,n10,disconnect-n10-1,94235,2500,10,0.001594000423210673,24,24,0,0.9605684754521964,10,21.200000000000003,2.6982677165354327,28.139999999999997,13.082834645669292,1564.81,6,387,10,0.5416666666666667,0.5416666666666666,0.8346,1.0,1034.8500000000001,0.7083333333333333,10,10,0.16666666666666666,0.0,0.04804166666666667,4,0
s04-r1-disconnect-n2-1,4,1,disconnect,1.0,n2,disconnect-n2-1,96235,500,2,0.0017068100169126423,24,24,0,0.9919896640826873,2,3.04,2.6833333333333336,36.19,3.006666666666667,1560.21,0,387,2,0.5833333333333333,0.5833333333333334,0.8325875000000001,1.0,1031.6999999999998,0.6666666666666667,2,2,0.041666666666666664,0.0,0.0021666666666666687,1,0
s04-r1-disconnect-n20-1,4,1,disconnect,1.0,n20,disconnect-n20-1,91735,5000,20,0.0018377805736236102,24,24,0,0.9212919896640827,20,41.400000000000006,2.6815159574468086,24.16,25.44490616621984,1560.88,14,387,20,0.5833333333333333,0.5833333333333334,0.8318249999999999,1.0,1033.6499999999999,0.7083333333333334,20,20,0.3333333333333333,0.0,0.08004166666666666,8,0
s04-r1-disconnect-n5-1,4,1,disconnect,1.0,n5,disconnect-n5-1,95485,1250,5,0.0017792706148611619,24,24,0,0.9802067183462533,5,9.600000000000001,2.6954545454545453,24.13,7.738259740259739,1560.59,2,387,5,0.625,0.625,0.8397249999999999,1.0,1033.3000000000002,0.6666666666666667,5,5,0.041666666666666664,0.0,0.006083333333333334,1,0
s04-r1-ref,4,1,none,0.0,random,ref,96735,0,0,0.001551809382362991,24,24,0,0.9998449612403101,0,0.0,2.6886563307493545,5.34,1.8772609819121449,42.63,0,387,0,0.5833333333333333,0.5833333333333334,0.8419374999999999,1.0,1031.85,0.6666666666666667,0,0,0.0,0.0,0.0,0,0
s04-r2-disconnect-n10-1,4,2,disconnect,1.0,n10,disconnect-n10-1,94235,2500,10,0.001587079832461315,24,24,0,0.9605684754521964,10,22.200000000000003,2.6609473684210525,20.119999999999997,12.441684210526313,1564.87,7,387,10,0.625,0.625,0.8285333333333332,1.0,1028.5,0.6666666666666666,10,10,0.16666666666666666,0.0,0.04916666666666667,4,0
s04-r2-disconnect-n2-1,4,2,disconnect,1.0,n2,disconnect-n2-1,96235,500,2,0.001359808929919383,24,24,0,0.9919896640826873,2,4.04,2.6729015544041457,16.19,4.157668393782383,1559.61,1,387,2,0.5833333333333334,0.5833333333333334,0.8066083333333335,1.0,1025.9,0.7083333333333333,2,2,0.0,0.0,0.0,0,0
s04-r2-disconnect-n20-1,4,2,disconnect,1.0,n20,disconnect-n20-1,91735,5000,20,0.0012973500452062602,24,24,0,0.9212919896640827,20,41.400000000000006,2.6588031914893615,5.29,24.718159999999997,1564.36,12,387,20,0.5833333333333334,0.5833333333333334,0.8089375,1.0,1025.1999999999998,0.75,20,20,0.20833333333333334,0.0,0.05991666666666667,5,0
s04-r2-disconnect-n5-1,4,2,disconnect,1.0,n5,disconnect-n5-1,95485,1250,5,0.0013702699379791743,24,24,0,0.9802067183462533,5,11.600000000000001,2.6694255874673636,8.120000000000001,7.162114882506526,1560.36,4,387,5,0.5833333333333334,0.5833333333333334,0.8028,1.0,1027.4,0.7083333333333333,5,5,0.08333333333333333,0.0,0.03166666666666667,2,0
s04-r2-ref,4,2,none,0.0,random,ref,96735,0,0,0.0012522700308181815,24,24,0,0.9998449612403101,0,0.0,2.66108527131783,5.24,1.8668217054263565,42.63,0,387,0,0.5833333333333334,0.5833333333333334,0.8067125,1.0,1025.6499999999999,0.7083333333333333,0,0,0.0,0.0,0.0,0,0
s04-r3-disconnect-n10-1,4,3,disconnect,1.0,n10,disconnect-n10-1,94235,2500,10,0.0017692695655568973,24,24,0,0.9605684754521964,10,22.200000000000003,2.6730526315789476,5.28,12.983315789473684,1560.81,7,387,10,0.7083333333333333,0.7083333333333334,0.8604291666666666,1.0,1031.6499999999999,0.75,10,10,0.25,0.0,0.07758333333333334,6,0
s04-r3-disconnect-n2-1,4,3,disconnect,1.0,n2,disconnect-n2-1,96235,500,2,0.0017202683011419144,24,24,0,0.9919896640826873,2,4.04,2.702383419689119,8.149999999999999,3.861968911917099,1559.7,1,387,2,0.625,0.625,0.8393583333333333,1.0,1031.75,0.7916666666666667,2,2,0.0,0.0,0.0,0,0
s04-r3-disconnect-n20-1,4,3,disconnect,1.0,n20,disconnect-n20-1,91735,5000,20,0.0018845403246814394,24,24,0,0.9212919896640827,20,40.400000000000006,2.697718832891247,5.28,24.388063660477457,1560.53,10,387,20,0.6666666666666666,0.6666666666666666,0.8362291666666667,1.0,1032.7,0.7916666666666667,20,20,0.20833333333333334,0.0,0.0315,5,0
s04-r3-disconnect-n5-1,4,3,disconnect,1.0,n5,disconnect-n5-1,95485,1250,5,0.001680621535342655,24,24,0,0.9801033591731266,5,10.64,2.708697916666666,24.119999999999997,7.3533333333333335,1600.1499999999999,3,387,5,0.6666666666666666,0.6666666666666666,0.8235666666666667,1.0,1030.05,0.7916666666666667,5,5,0.125,0.0,0.03291666666666667,3,0
s04-r3-ref,4,3,none,0.0,random,ref,96735,0,0,0.0014160000682750251,24,24,0,0.9998449612403101,0,0.0,2.698940568475452,5.2700000000000005,1.882764857881137,44.08,0,387,0,0.625,0.625,0.8393583333333333,1.0,1032.05,0.7916666666666667,0,0,0.0,0.0,0.0,0,0
s04-r4-disconnect-n10-1,4,4,disconnect,1.0,n10,disconnect-n10-1,94235,2500,10,0.001830808287195397,24,24,0,0.9605684754521964,10,21.200000000000003,2.6978477690288716,5.28,12.041236842105262,1560.92,7,387,10,0.625,0.625,0.9168625,1.0,1026.9499999999998,0.875,10,10,0.16666666666666666,0.0,0.050625,4,0
s04-r4-disconnect-n2-1,4,4,disconnect,1.0,n2,disconnect-n2-1,96235,500,2,0.009989889731514271,24,24,0,0.9919896640826873,2,4.04,2.7179274611398965,28.139999999999997,3.672545454545454,1560.28,2,387,2,0.625,0.625,0.9112625,1.0,1026.25,0.875,2,2,0.041666666666666664,0.0,0.006333333333333334,1,0
s04-r4-disconnect-n20-1,4,4,disconnect,1.0,n20,disconnect-n20-1,91735,5000,20,0.0015575405996060008,24,24,0,0.9212919896640827,20,43.400000000000006,2.6527807486631017,28.139999999999997,24.1082037533512,1562.92,14,387,20,0.625,0.625,0.895325,1.0,1026.0500000000002,0.875,20,20,0.2916666666666667,0.0,0.09441666666666666,7,0
s04-r4-disconnect-n5-1,4,4,disconnect,1.0,n5,disconnect-n5-1,95485,1250,5,0.0014671594908577425,24,24,0,0.9802067183462533,5,11.600000000000001,2.7049608355091386,8.16,7.127937336814621,1560.78,4,387,5,0.5833333333333334,0.5833333333333334,0.9114875000000001,1.0,1024.6,0.875,5,5,0.08333333333333333,0.0,0.021291666666666667,2,0
s04-r4-ref,4,4,none,0.0,random,ref,96735,0,0,0.001647351309657099,24,24,0,0.9998449612403101,0,0.0,2.6840826873385013,20.17,1.8972093023255816,45.85,0,387,0,0.625,0.625,0.9112333333333332,1.0,1024.6,0.875,0,0,0.0,0.0,0.0,0,0
s05-r0-disconnect-n10-1,5,0,disconnect,1.0,n10,disconnect-n10-1,94235,2500,10,0.0016612701665508216,24,24,0,0.9605684754521964,10,22.200000000000003,2.684921052631579,5.29,12.647973684210525,1561.0900000000001,7,387,10,0.6666666666666666,0.6666666666666666,0.6315041666666666,1.0,1032.85,0.625,10,10,0.16666666666666666,0.0,0.06333333333333334,4,0
s05-r0-disconnect-n2-1,5,0,disconnect,1.0,n2,disconnect-n2-1,96235,500,2,0.0015975394762790538,24,24,0,0.9919896640826873,2,3.04,2.675348837209302,5.2700000000000005,4.958578811369509,1560.44,0,387,2,0.625,0.625,0.6451833333333333,1.0,1033.55,0.7083333333333333,2,2,0.041666666666666664,0.0,0.0014583333333333347,1,0
s05-r0-disconnect-n20-1,5,0,disconnect,1.0,n20,disconnect-n20-1,91735,5000,20,0.001513079914730044,24,24,0,0.9212919896640827,20,44.400000000000006,2.665549597855228,5.29,21.979919571045574,1564.25,14,387,20,0.625,0.625,0.6530874999999999,1.0,1032.75,0.7083333333333333,20,20,0.25,0.0,0.08104166666666666,6,0
s05-r0-disconnect-n5-1,5,0,disconnect,1.0,n5,disconnect-n5-1,95485,1250,5,0.0014092697711021178,24,24,0,0.9802067183462533,5,11.600000000000001,2.7013315926892947,36.14,7.50485639686684,1561.4699999999998,4,387,5,0.625,0.625,0.6406999999999999,1.0,1032.8999999999999,0.6666666666666666,5,5,0.0,0.0,0.0,0,0
s05-r0-ref,5,0,none,0.0,random,ref,96735,0,0,0.0013999997463542968,24,24,0,0.9998449612403101,0,0.0,2.6702067183462534,20.119999999999997,1.9054263565891476,43.16,0,387,0,0.625,0.625,0.6406999999999999,1.0,1032.6499999999999,0.6666666666666666,0,0,0.0,0.0,0.0,0,0
s05-r1-disconnect-n10-1,5,1,disconnect,1.0,n10,disconnect-n10-1,94235,2500,10,0.0015590003386023454,24,24,0,0.9605684754521964,10,19.200000000000003,2.7180678851174935,36.15,12.757780678851173,1561.06,4,387,10,0.5416666666666666,0.5416666666666666,0.664475,1.0,1031.35,0.625,10,10,0.125,0.0,0.036166666666666666,3,0
s05-r1-disconnect-n2-1,5,1,disconnect,1.0,n2,disconnect-n2-1,96235,500,2,0.0017929996829479933,24,24,0,0.9919896640826873,2,5.04,2.673896103896104,16.14,3.5525974025974025,1559.1999999999998,2,387,2,0.5833333333333334,0.5833333333333334,0.6665500000000001,1.0,1032.3500000000001,0.5833333333333333,2,2,0.0,0.0,0.0,0,0
s05-r1-disconnect-n20-1,5,1,disconnect,1.0,n20,disconnect-n20-1,91735,5000,20,0.0018928894132841409,24,24,0,0.9212919896640827,20,41.400000000000006,2.6828989361702127,5.35,23.389173333333332,1561.34,12,387,20,0.5416666666666666,0.5416666666666666,0.6763166666666667,1.0,1031.4,0.625,20,20,0.375,0.0,0.11808333333333333,9,0
s05-r1-disconnect-n5-1,5,1,disconnect,1.0,n5,disconnect-n5-1,95485,1250,5,0.0016682697605574508,24,24,0,0.9802067183462533,5,10.600000000000001,2.6850260416666667,24.14,7.542734375000001,1560.72,3,387,5,0.625,0.625,0.6619458333333333,1.0,1030.45,0.5416666666666667,5,5,0.16666666666666666,0.0,0.04145833333333333,4,0
s05-r1-ref,5,1,none,0.0,random,ref,96735,0,0,0.0015260002328432165,24,24,0,0.9998449612403101,0,0.0,2.675478036175711,16.14,1.9073385012919897,43.3,0,387,0,0.5833333333333334,0.5833333333333334,0.6665500000000001,1.0,1032.4,0.5833333333333333,0,0,0.0,0.0,0.0,0,0
s05-r2-disconnect-n10-1,5,2,disconnect,1.0,n10,disconnect-n10-1,94235,2500,10,0.001310269908572082,24,24,0,0.9605684754521964,10,21.200000000000003,2.669081364829396,28.119999999999997,11.936482939632548,1563.28,6,387,10,0.625,0.625,0.7154333333333334,1.0,1032.75,0.5833333333333334,10,10,0.08333333333333333,0.0,0.03166666666666667,2,0
s05-r2-disconnect-n2-1,5,2,disconnect,1.0,n2,disconnect-n2-1,96235,500,2,0.0012419995982781984,24,24,0,0.9919896640826873,2,4.04,2.664222797927461,5.23,3.9662953367875646,1560.05,1,387,2,0.625,0.625,0.7123458333333333,1.0,1032.6,0.5833333333333333,2,2,0.041666666666666664,0.0,0.015833333333333335,1,0
s05-r2-disconnect-n20-1,5,2,disconnect,1.0,n20,disconnect-n20-1,91735,5000,20,0.0017642696548136887,24,24,0,0.9212919896640827,20,43.400000000000006,2.7024866310160434,36.13,23.249518716577537,1562.5,13,387,20,0.5416666666666667,0.5416666666666666,0.7086875,1.0,1034.1,0.4583333333333333,20,20,0.25,0.0,0.09095833333333332,6,0
s05-r2-disconnect-n5-1,5,2,disconnect,1.0,n5,disconnect-n5-1,95485,1250,5,0.0013329993362276582,24,24,0,0.9802067183462533,5,10.600000000000001,2.6557812499999995,36.15,7.247760416666668,1560.72,3,387,5,0.625,0.625,0.7121,1.0,1032.8,0.5416666666666667,5,5,0.0,0.0,0.0,0,0
s05-r2-ref,5,2,none,0.0,random,ref,96735,0,0,0.001430999873264227,24,24,0,0.9998449612403101,0,0.0,2.679870801033592,5.3,1.862842377260982,42.59,0,387,0,0.625,0.625,0.7121541666666666,1.0,1034.8,0.5416666666666667,0,0,0.0,0.0,0.0,0,0
s05-r3-disconnect-n10-1,5,3,disconnect,1.0,n10,disconnect-n10-1,94235,2500,10,0.0016046191922214376,24,24,0,0.9605684754521964,10,22.200000000000003,2.6837631578947367,20.13,12.998052631578945,1564.01,7,387,10,0.625,0.625,0.6891333333333334,1.0,1025.7,0.5833333333333333,10,10,0.16666666666666666,0.0,0.057958333333333334,4,0
s05-r3-disconnect-n2-1,5,3,disconnect,1.0,n2,disconnect-n2-1,96235,500,2,0.0015128916129469902,24,24,0,0.9919896640826873,2,5.04,2.692857142857143,36.15,3.6918961038961036,1560.4499999999998,2,387,2,0.625,0.625,0.6922416666666665,1.0,1026.55,0.5416666666666666,2,2,0.041666666666666664,0.0,0.007000000000000002,1,0
s05-r3-disconnect-n20-1,5,3,disconnect,1.0,n20,disconnect-n20-1,91735,5000,20,0.0014055398969503594,24,24,0,0.9212919896640827,20,41.400000000000006,2.64843085106383,5.25,24.480453333333337,1564.36,12,387,20,0.6666666666666666,0.6666666666666666,0.6761416666666668,1.0,1026.35,0.5833333333333333,20,20,0.4166666666666667,0.0,0.13366666666666666,10,0
s05-r3-disconnect-n5-1,5,3,disconnect,1.0,n5,disconnect-n5-1,95485,1250,5,0.0013842700354871344,24,24,0,0.9802067183462533,5,11.600000000000001,2.6725848563968664,12.14,6.491910994764396,1560.95,5,387,5,0.625,0.625,0.6927958333333333,1.0,1026.1499999999999,0.5833333333333334,5,5,0.16666666666666666,0.0,0.050749999999999997,4,0
s05-r3-ref,5,3,none,0.0,random,ref,96735,0,0,0.0013970002328278497,24,24,0,0.9998449612403101,0,0.0,2.694392764857881,36.14,1.9071059431524546,43.07,0,387,0,0.625,0.625,0.6911999999999999,1.0,1026.2,0.5416666666666666,0,0,0.0,0.0,0.0,0,0
s05-r4-disconnect-n10-1,5,4,disconnect,1.0,n10,disconnect-n10-1,94235,2500,10,0.0016092686018964746,24,24,0,0.9605684754521964,10,23.200000000000003,2.6787862796833775,36.13,11.287968337730867,1560.95,8,387,10,0.5,0.5,0.6898666666666667,1.0,1030.1499999999999,0.5416666666666667,10,10,0.20833333333333334,0.0,0.04854166666666667,5,0
s05-r4-disconnect-n2-1,5,4,disconnect,1.0,n2,disconnect-n2-1,96235,500,2,0.0017309994291281328,24,24,0,0.9918863049095608,2,5.08,2.6818441558441557,24.13,3.9332207792207794,1599.79,2,387,2,0.5416666666666666,0.5416666666666666,0.6857416666666666,1.0,1030.8999999999999,0.5833333333333334,2,2,0.041666666666666664,0.0,0.008708333333333332,1,0
s05-r4-disconnect-n20-1,5,4,disconnect,1.0,n20,disconnect-n20-1,91735,5000,20,0.0017358596232952628,24,24,0,0.9212919896640827,20,38.400000000000006,2.683139841688655,32.11,24.722493368700267,1560.79,10,387,20,0.5,0.5,0.6778166666666666,1.0,1031.05,0.5833333333333334,20,20,0.25,0.0,0.08137499999999999,6,0
s05-r4-disconnect-n5-1,5,4,disconnect,1.0,n5,disconnect-n5-1,95485,1250,5,0.001533078830107117,24,24,0,0.9802067183462533,5,10.600000000000001,2.6730729166666665,36.15,5.981197916666667,1561.2299999999998,3,387,5,0.5416666666666666,0.5416666666666666,0.6792416666666666,1.0,1032.05,0.5833333333333334,5,5,0.041666666666666664,0.0,0.0002916666666666669,1,0
s05-r4-ref,5,4,none,0.0,random,ref,96735,0,0,0.0015335385432990742,24,24,0,0.9998449612403101,0,0.0,2.686976744186046,28.139999999999997,1.8930232558139535,42.82,0,387,0,0.5416666666666666,0.5416666666666666,0.6788583333333333,1.0,1030.2,0.5833333333333334,0,0,0.0,0.0,0.0,0,0
s06-r0-disconnect-n10-1,6,0,disconnect,1.0,n10,disconnect-n10-1,94235,2500,10,0.0013439998838293832,24,24,0,0.9605684754521964,10,19.200000000000003,2.6490078328981723,16.11,13.396570680628272,1563.8600000000001,5,387,10,0.7083333333333334,0.7083333333333334,0.84055,1.0,1031.25,0.7916666666666667,10,10,0.125,0.0,0.041541666666666664,3,0
s06-r0-disconnect-n2-1,6,0,disconnect,1.0,n2,disconnect-n2-1,96235,500,2,0.0015275400937753156,24,24,0,0.9919896640826873,2,5.04,2.654675324675325,20.11,3.624467532467533,1560.01,2,387,2,0.6666666666666666,0.6666666666666666,0.8330125,1.0,1032.2,0.75,2,2,0.041666666666666664,0.0,0.015833333333333335,1,0
s06-r0-disconnect-n20-1,6,0,disconnect,1.0,n20,disconnect-n20-1,91735,5000,20,0.0012951602775501704,24,24,0,0.9212919896640827,20,42.400000000000006,2.676666666666667,20.119999999999997,22.746826666666664,1561.0,12,387,20,0.6666666666666666,0.6666666666666666,0.8321708333333334,1.0,1034.5500000000002,0.7916666666666666,20,20,0.2916666666666667,0.0,0.08604166666666667,7,0
s06-r0-disconnect-n5-1,6,0,disconnect,1.0,n5,disconnect-n5-1,95485,1250,5,0.0012279998691155924,24,24,0,0.9802067183462533,5,11.600000000000001,2.676475195822454,28.1,6.871122715404699,1560.3400000000001,4,387,5,0.6666666666666666,0.6666666666666666,0.8367291666666666,1.0,1032.8,0.7916666666666666,5,5,0.041666666666666664,0.0,0.0061666666666666675,1,0
s06-r0-ref,6,0,none,0.0,random,ref,96735,0,0,0.001239810076185678,24,24,0,0.9998449612403101,0,0.0,2.6667700258397935,20.11,1.897157622739018,47.870000000000005,0,387,0,0.6666666666666666,0.6666666666666666,0.8327874999999999,1.0,1033.6499999999999,0.75,0,0,0.0,0.0,0.0,0,0
s06-r1-disconnect-n10-1,6,1,disconnect,1.0,n10,disconnect-n10-1,94235,2500,10,0.0014568101778422728,24,24,0,0.9605684754521964,10,21.200000000000003,2.6541732283464565,12.14,12.075144356955377,1561.04,6,387,10,0.5833333333333333,0.5833333333333334,0.7799291666666667,1.0,1030.75,0.625,10,10,0.08333333333333333,0.0,0.0095,2,0
s06-r1-disconnect-n2-1,6,1,disconnect,1.0,n2,disconnect-n2-1,96235,500,2,0.001728350243865864,24,24,0,0.9919896640826873,2,4.04,2.6895336787564763,5.29,4.141502590673575,1560.74,1,387,2,0.5833333333333333,0.5833333333333334,0.7805916666666667,1.0,1030.8,0.625,2,2,0.0,0.0,0.0,0,0
s06-r1-disconnect-n20-1,6,1,disconnect,1.0,n20,disconnect-n20-1,91735,5000,20,0.0017988099534704829,24,24,0,0.9212919896640827,20,40.400000000000006,2.6746419098143233,28.119999999999997,23.704350132625997,1561.56,10,387,20,0.625,0.625,0.78985,1.0,1034.0,0.625,20,20,0.3333333333333333,0.0,0.093375,8,0
s06-r1-disconnect-n5-1,6,1,disconnect,1.0,n5,disconnect-n5-1,95485,1250,5,0.0019352698745933599,24,24,0,0.9802067183462533,5,8.600000000000001,2.6888341968911913,24.17,8.255259067357512,1564.01,1,387,5,0.5416666666666667,0.5416666666666666,0.7734416666666667,1.0,1030.8000000000002,0.625,5,5,0.08333333333333333,0.0,0.03166666666666667,2,0
s06-r1-ref,6,1,none,0.0,random,ref,96735,0,0,0.001881539656096721,24,24,0,0.9998449612403101,0,0.0,2.6648062015503875,20.16,1.9229974160206718,42.13,0,387,0,0.5833333333333333,0.5833333333333334,0.7805916666666667,1.0,1032.65,0.625,0,0,0.0,0.0,0.0,0,0
s06-r2-disconnect-n10-1,6,2,disconnect,1.0,n10,disconnect-n10-1,94235,2500,10,0.0019746211546589646,24,24,0,0.9605684754521964,10,20.200000000000003,2.671649214659686,5.29,12.41458115183246,1564.44,5,387,10,0.7083333333333334,0.7083333333333334,0.8234666666666667,1.0,1034.55,0.6666666666666667,10,10,0.16666666666666666,0.0,0.06333333333333334,4,0
s06-r2-disconnect-n2-1,6,2,disconnect,1.0,n2,disconnect-n2-1,96235,500,2,0.001812080390664052,24,24,0,0.9919896640826873,2,4.04,2.702979274611399,36.12,4.758316062176165,1561.65,1,387,2,0.7083333333333334,0.7083333333333334,0.8217833333333333,1.0,1032.2,0.7083333333333333,2,2,0.041666666666666664,0.0,0.009916666666666666,1,0
s06-r2-disconnect-n20-1,6,2,disconnect,1.0,n20,disconnect-n20-1,91735,5000,20,0.0017553506586409661,24,24,0,0.9212919896640827,20,38.400000000000006,2.6801055408970975,20.17,21.705857519788914,1563.8700000000001,8,387,20,0.7083333333333334,0.7083333333333334,0.831625,1.0,1033.6499999999999,0.625,20,20,0.375,0.0,0.13841666666666666,9,0
s06-r2-disconnect-n5-1,6,2,disconnect,1.0,n5,disconnect-n5-1,95485,1250,5,0.0016455396689707422,24,24,0,0.9802067183462533,5,8.600000000000001,2.7003367875647677,8.19,8.88318652849741,1560.16,1,387,5,0.7083333333333334,0.7083333333333334,0.8221958333333333,1.0,1033.75,0.6666666666666667,5,5,0.0,0.0,0.0,0,0
s06-r2-ref,6,2,none,0.0,random,ref,96735,0,0,0.001916539986268618,24,24,0,0.9998449612403101,0,0.0,2.694186046511627,36.14,1.9006201550387598,43.14,0,387,0,0.7083333333333334,0.7083333333333334,0.8221166666666667,1.0,1032.9,0.6666666666666667,0,0,0.0,0.0,-4.166666666666208e-05,0,0
s06-r3-disconnect-n10-1,6,3,disconnect,1.0,n10,disconnect-n10-1,94235,2500,10,0.0013918110744270975,24,24,0,0.9605684754521964,10,24.200000000000003,2.652804232804233,5.26,11.366772486772488,1560.6299999999999,9,387,10,0.6666666666666666,0.6666666666666666,0.7978166666666667,1.0,1026.65,0.7083333333333334,10,10,0.16666666666666666,0.0,0.03383333333333333,4,0
s06-r3-disconnect-n2-1,6,3,disconnect,1.0,n2,disconnect-n2-1,96235,500,2,0.0013720000424655154,24,24,0,0.9919896640826873,2,5.04,2.657714285714286,24.119999999999997,3.5499999999999994,1559.49,2,387,2,0.7083333333333334,0.7083333333333334,0.7922875,1.0,1026.0500000000002,0.7083333333333334,2,2,0.0,0.0,0.0,0,0
s06-r3-disconnect-n20-1,6,3,disconnect,1.0,n20,disconnect-n20-1,91735,5000,20,0.0016304287601087747,24,24,0,0.9212919896640827,20,38.400000000000006,2.6750923482849607,5.25,23.53408970976253,1560.94,8,387,20,0.625,0.625,0.78265,1.0,1028.05,0.75,20,20,0.25,0.0,0.07295833333333333,6,0
s06-r3-disconnect-n5-1,6,3,disconnect,1.0,n5,disconnect-n5-1,95485,1250,5,0.0014359993656398728,24,24,0,0.9802067183462533,5,11.600000000000001,2.684934725848564,5.3,6.2516449086161865,1560.22,4,387,5,0.7083333333333334,0.7083333333333334,0.7922875,1.0,1025.7,0.7083333333333334,5,5,0.0,0.0,0.0,0,0
s06-r3-ref,6,3,none,0.0,random,ref,96735,0,0,0.0014512706911773425,24,24,0,0.9998449612403101,0,0.0,2.67968992248062,24.11,1.8763307493540051,43.15,0,387,0,0.7083333333333334,0.7083333333333334,0.7922875,1.0,1026.5,0.7083333333333334,0,0,0.0,0.0,0.0,0,0
s06-r4-disconnect-n10-1,6,4,disconnect,1.0,n10,disconnect-n10-1,94235,2500,10,0.001901000359794125,24,24,0,0.9605684754521964,10,18.200000000000003,2.69,32.160000000000004,14.931718749999998,1564.36,3,387,10,0.5,0.5,0.8205041666666667,1.0,1034.25,0.75,10,10,0.08333333333333333,0.0,0.03166666666666667,2,0
s06-r4-disconnect-n2-1,6,4,disconnect,1.0,n2,disconnect-n2-1,96235,500,2,0.0018602704585646283,24,24,0,0.9919896640826873,2,4.04,2.6638601036269427,32.129999999999995,4.207305699481864,1560.19,1,387,2,0.5,0.5,0.8195333333333333,1.0,1031.8999999999999,0.75,2,2,0.041666666666666664,0.0,0.015041666666666667,1,0
s06-r4-disconnect-n20-1,6,4,disconnect,1.0,n20,disconnect-n20-1,91735,5000,20,0.0019070807502430415,24,24,0,0.9212919896640827,20,40.400000000000006,2.6662068965517243,5.66,22.860079575596814,1561.1200000000001,10,387,20,0.5416666666666667,0.5416666666666666,0.8360458333333334,1.0,1032.8,0.625,20,20,0.25,0.0,0.03954166666666667,6,0
s06-r4-disconnect-n5-1,6,4,disconnect,1.0,n5,disconnect-n5-1,95485,1250,5,0.0015726213496236624,24,24,0,0.9802067183462533,5,10.600000000000001,2.6933072916666667,8.13,7.163151041666667,1560.9599999999998,3,387,5,0.5,0.5,0.8255875000000001,1.0,1031.5,0.7916666666666667,5,5,0.041666666666666664,0.0,0.008541666666666664,1,0
s06-r4-ref,6,4,none,0.0,random,ref,96735,0,0,0.0014442689098359556,24,24,0,0.9998449612403101,0,0.0,2.6804909560723513,16.119999999999997,1.913824289405685,45.900000000000006,0,387,0,0.5,0.5,0.8254791666666668,1.0,1029.8500000000001,0.75,0,0,0.0,0.0,0.0,0,0
s07-r0-disconnect-n10-1,7,0,disconnect,1.0,n10,disconnect-n10-1,94235,2500,10,0.0014259999261412304,24,24,0,0.9605684754521964,10,18.200000000000003,2.6756249999999997,5.24,15.378072916666666,1564.6899999999998,3,387,10,0.8333333333333333,0.8333333333333334,0.8625250000000001,1.0,1033.55,0.7083333333333334,10,10,0.125,0.0,0.035541666666666666,3,0
s07-r0-disconnect-n2-1,7,0,disconnect,1.0,n2,disconnect-n2-1,96235,500,2,0.0015540799358859676,24,24,0,0.9919896640826873,2,4.04,2.6887823834196896,12.21,4.521658031088084,1560.47,1,387,2,0.8333333333333333,0.8333333333333334,0.8507875,1.0,1033.25,0.6666666666666667,2,2,0.041666666666666664,0.0,0.015833333333333335,1,0
s07-r0-disconnect-n20-1,7,0,disconnect,1.0,n20,disconnect-n20-1,91735,5000,20,0.0014107800870988346,24,24,0,0.9212919896640827,20,39.400000000000006,2.666851851851852,8.120000000000001,24.68248677248677,1564.68,9,387,20,0.7916666666666666,0.7916666666666666,0.8694958333333332,1.0,1034.2,0.75,20,20,0.20833333333333334,0.0,0.035208333333333335,5,0
s07-r0-disconnect-n5-1,7,0,disconnect,1.0,n5,disconnect-n5-1,95485,1250,5,0.0014060801368032134,24,24,0,0.9802067183462533,5,9.600000000000001,2.677038961038961,20.119999999999997,6.555922077922078,1560.67,2,387,5,0.8333333333333333,0.8333333333333334,0.8552833333333334,1.0,1030.3,0.75,5,5,0.041666666666666664,0.0,0.005625000000000001,1,0
s07-r0-ref,7,0,none,0.0,random,ref,96735,0,0,0.0012628098329514627,24,24,0,0.9998449612403101,0,0.0,2.653953488372093,12.120000000000001,1.877545219638243,42.72,0,387,0,0.8333333333333333,0.8333333333333334,0.8554083333333334,1.0,1031.25,0.7083333333333334,0,0,0.0,0.0,0.0,0,0
s07-r1-disconnect-n10-1,7,1,disconnect,1.0,n10,disconnect-n10-1,94235,2500,10,0.0017898091755341751,24,24,0,0.9605684754521964,10,21.200000000000003,2.6933595800524937,28.16,14.233464566929134,1564.36,6,387,10,0.7916666666666667,0.7916666666666666,0.8310624999999999,1.0,1034.1499999999999,0.75,10,10,0.0,0.0,0.0,0,0
s07-r1-disconnect-n2-1,7,1,disconnect,1.0,n2,disconnect-n2-1,96235,500,2,0.0016772698745626262,24,24,0,0.9919896640826873,2,4.04,2.687694300518135,5.28,4.1610103626943005,1560.22,1,387,2,0.7916666666666667,0.7916666666666666,0.8314333333333334,1.0,1032.0,0.75,2,2,0.041666666666666664,0.0,0.015833333333333335,1,0
s07-r1-disconnect-n20-1,7,1,disconnect,1.0,n20,disconnect-n20-1,91735,5000,20,0.0015932700989651498,24,24,0,0.9212919896640827,20,43.4,2.694598930481284,32.120000000000005,24.155454545454546,1561.1299999999999,13,387,20,0.75,0.75,0.8322041666666667,1.0,1032.8,0.7083333333333334,20,20,0.16666666666666666,0.0,0.057791666666666665,4,0
s07-r1-disconnect-n5-1,7,1,disconnect,1.0,n5,disconnect-n5-1,95485,1250,5,0.0014152701623970647,24,24,0,0.9802067183462533,5,8.600000000000001,2.691139896373057,16.1,6.6653626943005175,1560.38,1,387,5,0.7916666666666667,0.7916666666666666,0.8345124999999999,1.0,1030.65,0.75,5,5,0.041666666666666664,0.0,0.015833333333333335,1,0
s07-r1-ref,7,1,none,0.0,random,ref,96735,0,0,0.001413999843862257,24,24,0,0.9998449612403101,0,0.0,2.6555555555555554,5.36,1.8716537467700263,42.45,0,387,0,0.7916666666666667,0.7916666666666666,0.8310624999999999,1.0,1033.55,0.75,0,0,0.0,0.0,0.0,0,0
s07-r2-disconnect-n10-1,7,2,disconnect,1.0,n10,disconnect-n10-1,94235,2500,10,0.0017678889525996086,24,24,0,0.9605684754521964,10,20.200000000000003,2.682984293193717,32.14,13.598664921465968,1561.3300000000002,5,387,10,0.625,0.625,0.904125,1.0,1032.8500000000001,0.7083333333333333,10,10,0.125,0.0,0.03370833333333333,3,0
s07-r2-disconnect-n2-1,7,2,disconnect,1.0,n2,disconnect-n2-1,96235,500,2,0.001409539017913631,24,24,0,0.9919896640826873,2,5.04,2.693038961038961,36.16,4.050155844155844,1560.75,2,387,2,0.625,0.625,0.9082666666666667,1.0,1034.4,0.75,2,2,0.0,0.0,0.0,0,0
s07-r2-disconnect-n20-1,7,2,disconnect,1.0,n20,disconnect-n20-1,91735,5000,20,0.0016278090697596794,24,24,0,0.9212919896640827,20,44.400000000000006,2.6815281501340484,20.119999999999997,22.466970509383376,1561.22,14,387,20,0.625,0.625,0.9142125,1.0,1035.85,0.7083333333333333,20,20,0.16666666666666666,0.0,0.044625,4,0
s07-r2-disconnect-n5-1,7,2,disconnect,1.0,n5,disconnect-n5-1,95485,1250,5,0.001479269903938985,24,24,0,0.9802067183462533,5,8.600000000000001,2.6853108808290154,28.119999999999997,8.60148051948052,1561.72,2,387,5,0.625,0.625,0.9112375,1.0,1033.5,0.7083333333333333,5,5,0.08333333333333333,0.0,0.026208333333333333,2,0
s07-r2-ref,7,2,none,0.0,random,ref,96735,0,0,0.001815999476093566,24,24,0,0.9998449612403101,0,0.0,2.6864857881136945,20.14,1.899431524547804,42.87,0,387,0,0.625,0.625,0.9082666666666667,1.0,1033.5,0.75,0,0,0.0,0.0,0.0,0,0
s07-r3-disconnect-n10-1,7,3,disconnect,1.0,n10,disconnect-n10-1,94235,2500,10,0.0012513505316746909,24,24,0,0.9605684754521964,10,18.200000000000003,2.662447916666667,28.139999999999997,16.321666666666665,1563.58,3,387,10,0.7083333333333334,0.7083333333333334,0.8912916666666666,1.0,1027.6999999999998,0.7083333333333333,10,10,0.20833333333333334,0.0,0.04708333333333333,5,0
s07-r3-disconnect-n2-1,7,3,disconnect,1.0,n2,disconnect-n2-1,96235,500,2,0.0012552704538393304,24,24,0,0.9919896640826873,2,4.04,2.6649740932642487,32.099999999999994,4.133108808290155,1560.36,1,387,2,0.7083333333333334,0.7083333333333334,0.8908208333333333,1.0,1027.25,0.75,2,2,0.0,0.0,0.0,0,0
s07-r3-disconnect-n20-1,7,3,disconnect,1.0,n20,disconnect-n20-1,91735,5000,20,0.001699809636193096,24,24,0,0.9212919896640827,20,35.400000000000006,2.6767277486910994,36.13,26.32942408376963,1564.84,5,387,20,0.7083333333333334,0.7083333333333334,0.8810500000000001,1.0,1027.35,0.75,20,20,0.2916666666666667,0.0,0.07870833333333334,7,0
s07-r3-disconnect-n5-1,7,3,disconnect,1.0,n5,disconnect-n5-1,95485,1250,5,0.0013248085997474859,24,24,0,0.9802067183462533,5,8.600000000000001,2.6779274611398964,32.120000000000005,6.216597402597404,1563.7700000000002,2,387,5,0.7083333333333334,0.7083333333333334,0.8871333333333333,1.0,1026.0500000000002,0.75,5,5,0.08333333333333333,0.0,0.016541666666666666,2,0
s07-r3-ref,7,3,none,0.0,random,ref,96735,0,0,0.0013228113493823925,24,24,0,0.9998449612403101,0,0.0,2.6637984496124028,36.11000000000001,1.8965633074935402,42.43,0,387,0,0.7083333333333334,0.7083333333333334,0.8908208333333333,1.0,1025.9,0.75,0,0,0.0,0.0,0.0,0,0
s07-r4-disconnect-n10-1,7,4,disconnect,1.0,n10,disconnect-n10-1,94235,2500,10,0.0016658904496580393,24,24,0,0.9605684754521964,10,21.200000000000003,2.6751968503937005,24.119999999999997,13.366167979002624,1563.4099999999999,6,387,10,0.625,0.625,0.8567708333333334,1.0,1032.8500000000001,0.7083333333333333,10,10,0.041666666666666664,0.0,0.015833333333333335,1,0
s07-r4-disconnect-n2-1,7,4,disconnect,1.0,n2,disconnect-n2-1,96235,500,2,0.0018040809663943964,24,24,0,0.9919896640826873,2,4.04,2.6760880829015545,12.13,3.622987012987013,1559.96,2,387,2,0.6666666666666666,0.6666666666666666,0.8525416666666666,1.0,1031.05,0.75,2,2,0.041666666666666664,0.0,0.010833333333333334,1,0
s07-r4-disconnect-n20-1,7,4,disconnect,1.0,n20,disconnect-n20-1,91735,5000,20,0.001734159850457221,24,24,0,0.9212919896640827,20,40.400000000000006,2.689124668435013,36.23,25.434641909814324,1562.0700000000002,10,387,20,0.7083333333333334,0.7083333333333334,0.8370749999999999,1.0,1030.1499999999999,0.6666666666666666,20,20,0.2916666666666667,0.0,0.08354166666666667,7,0
s07-r4-disconnect-n5-1,7,4,disconnect,1.0,n5,disconnect-n5-1,95485,1250,5,0.0013715393470192802,24,24,0,0.9802067183462533,5,9.600000000000001,2.67587012987013,28.11,8.679792207792207,1561.08,2,387,5,0.7083333333333334,0.7083333333333334,0.8441749999999999,1.0,1030.65,0.75,5,5,0.16666666666666666,0.0,0.03329166666666667,4,0
s07-r4-ref,7,4,none,0.0,random,ref,96735,0,0,0.0017793504048313502,24,24,0,0.9998449612403101,0,0.0,2.7033333333333336,32.129999999999995,1.9076744186046515,47.129999999999995,0,387,0,0.6666666666666666,0.6666666666666666,0.8520041666666667,1.0,1030.6,0.75,0,0,0.0,0.0,0.0,0,0
s08-r0-disconnect-n10-1,8,0,disconnect,1.0,n10,disconnect-n10-1,94235,2500,10,0.0012630802848434559,24,24,0,0.9605684754521964,10,21.200000000000003,2.645958005249344,16.119999999999997,10.448210526315787,1560.38,7,387,10,0.9583333333333333,0.9583333333333334,0.9897333333333332,1.0,1032.15,0.9166666666666666,10,10,0.16666666666666666,0.0,0.027958333333333335,4,0
s08-r0-disconnect-n2-1,8,0,disconnect,1.0,n2,disconnect-n2-1,96235,500,2,0.001257809885828466,24,24,0,0.9919896640826873,2,3.04,2.650878552971576,36.11000000000001,3.564415584415584,1560.1000000000001,2,387,2,0.9583333333333333,0.9583333333333334,0.9902416666666666,1.0,1031.7,0.9166666666666666,2,2,0.08333333333333333,0.0,0.021875000000000002,2,0
s08-r0-disconnect-n20-1,8,0,disconnect,1.0,n20,disconnect-n20-1,91735,5000,20,0.0015185403117357063,24,24,0,0.9211886304909561,20,41.440000000000005,2.667021276595745,20.11,22.751542553191484,1600.3899999999999,11,387,20,0.9583333333333333,0.9583333333333334,0.9747166666666667,1.0,1032.4,0.9166666666666666,20,20,0.16666666666666666,0.0,0.06333333333333334,4,0
s08-r0-disconnect-n5-1,8,0,disconnect,1.0,n5,disconnect-n5-1,95485,1250,5,0.001342079572168588,24,24,0,0.9802067183462533,5,8.600000000000001,2.6514248704663212,5.25,8.063730569948188,1560.23,1,387,5,0.9583333333333333,0.9583333333333334,0.9898083333333334,1.0,1033.35,0.9166666666666666,5,5,0.0,0.0,0.0,0,0
s08-r0-ref,8,0,none,0.0,random,ref,96735,0,0,0.0014153497068036835,24,24,0,0.9998449612403101,0,0.0,2.66968992248062,36.11000000000001,1.9042118863049098,42.07,0,387,0,0.9583333333333333,0.9583333333333334,0.9897416666666666,1.0,1031.6499999999999,0.9166666666666666,0,0,0.0,0.0,0.0,0,0
s08-r1-disconnect-n10-1,8,1,disconnect,1.0,n10,disconnect-n10-1,94235,2500,10,0.0017722695702104834,24,24,0,0.9605684754521964,10,19.200000000000003,2.7001305483028726,20.13,12.695117493472587,1564.22,4,387,10,0.9166666666666666,0.9166666666666666,0.991175,1.0,1032.5,1.0,10,10,0.16666666666666666,0.0,0.03754166666666667,4,0
s08-r1-disconnect-n2-1,8,1,disconnect,1.0,n2,disconnect-n2-1,96235,500,2,0.0015539999367319979,24,24,0,0.9919896640826873,2,4.04,2.687616580310881,36.13,2.679611398963731,1564.1000000000001,1,387,2,0.9166666666666666,0.9166666666666666,0.9896208333333334,1.0,1032.05,0.9583333333333333,2,2,0.0,0.0,0.0,0,0
s08-r1-disconnect-n20-1,8,1,disconnect,1.0,n20,disconnect-n20-1,91735,5000,20,0.001716999577183742,24,24,0,0.9212919896640827,20,36.400000000000006,2.6923622047244096,28.13,27.15217847769029,1561.85,6,387,20,0.9166666666666666,0.9166666666666666,0.9957916666666667,1.0,1032.5,0.9583333333333333,20,20,0.375,0.0,0.08091666666666666,9,0
s08-r1-disconnect-n5-1,8,1,disconnect,1.0,n5,disconnect-n5-1,95485,1250,5,0.001601269768798375,24,24,0,0.9802067183462533,5,10.600000000000001,2.692864583333334,20.119999999999997,6.935104166666667,1560.52,3,387,5,0.9166666666666666,0.9166666666666666,0.9763541666666665,1.0,1031.25,0.9166666666666666,5,5,0.125,0.0,0.04633333333333334,3,0
s08-r1-ref,8,1,none,0.0,random,ref,96735,0,0,0.0016112705725390701,24,24,0,0.9998449612403101,0,0.0,2.669354005167959,5.29,1.8762790697674419,42.89,0,387,0,0.9166666666666666,0.9166666666666666,0.9896250000000001,1.0,1031.75,0.9583333333333333,0,0,0.0,0.0,0.0,0,0
s08-r2-disconnect-n10-1,8,2,disconnect,1.0,n10,disconnect-n10-1,94235,2500,10,0.0017315409968432513,24,24,0,0.9605684754521964,10,21.200000000000003,2.6928871391076115,36.15,10.910657894736842,1560.87,7,387,10,0.9583333333333333,0.9583333333333334,0.9760541666666667,1.0,1033.75,1.0,10,10,0.08333333333333333,0.0,0.014624999999999999,2,0
s08-r2-disconnect-n2-1,8,2,disconnect,1.0,n2,disconnect-n2-1,96235,500,2,0.0015125388017622763,24,24,0,0.9919896640826873,2,5.04,2.6831688311688313,12.17,3.5412207792207786,1560.51,2,387,2,0.9583333333333333,0.9583333333333334,0.9764666666666667,1.0,1031.7500000000002,1.0,2,2,0.0,0.0,0.0,0,0
s08-r2-disconnect-n20-1,8,2,disconnect,1.0,n20,disconnect-n20-1,91735,5000,20,0.0016362691894755703,24,24,0,0.9212919896640827,20,41.400000000000006,2.7067819148936167,24.13,23.694654255319147,1564.78,11,387,20,0.9583333333333333,0.9583333333333334,0.9764791666666667,1.0,1034.0500000000002,1.0,20,20,0.2916666666666667,0.0,0.07204166666666667,7,0
s08-r2-disconnect-n5-1,8,2,disconnect,1.0,n5,disconnect-n5-1,95485,1250,5,0.001594000423210673,24,24,0,0.9802067183462533,5,12.600000000000001,2.6755235602094243,36.11000000000001,6.249895287958115,1560.67,5,387,5,0.9583333333333333,0.9583333333333334,0.9764208333333334,1.0,1033.35,1.0,5,5,0.08333333333333333,0.0,0.023333333333333334,2,0
s08-r2-ref,8,2,none,0.0,random,ref,96735,0,0,0.001744539986248129,24,24,0,0.9998449612403101,0,0.0,2.6999224806201547,5.3,1.8775710594315245,42.23,0,387,0,0.9583333333333333,0.9583333333333334,0.9764708333333334,1.0,1033.15,1.0,0,0,0.0,0.0,0.0,0,0
s08-r3-disconnect-n10-1,8,3,disconnect,1.0,n10,disconnect-n10-1,94235,2500,10,0.0013145399861969062,24,24,0,0.9605684754521964,10,23.200000000000003,2.6692612137203167,5.24,13.34833773087071,1560.6599999999999,8,387,10,0.9166666666666667,0.9166666666666666,0.9843458333333333,1.0,1025.9,0.9166666666666667,10,10,0.08333333333333333,0.0,0.030208333333333334,2,0
s08-r3-disconnect-n2-1,8,3,disconnect,1.0,n2,disconnect-n2-1,96235,500,2,0.0011882697981491224,24,24,0,0.9919896640826873,2,3.04,2.647312661498708,5.25,4.720594315245479,1559.61,0,387,2,0.9583333333333333,0.9583333333333334,0.9910541666666667,1.0,1027.8,0.9583333333333333,2,2,0.041666666666666664,0.0,0.015833333333333335,1,0
s08-r3-disconnect-n20-1,8,3,disconnect,1.0,n20,disconnect-n20-1,91735,5000,20,0.0016982689521682919,24,24,0,0.9212919896640827,20,36.400000000000006,2.64509186351706,9.59,26.573931398416885,1564.44,8,387,20,0.9583333333333333,0.9583333333333334,0.9817708333333334,1.0,1027.0,0.9166666666666667,20,20,0.3333333333333333,0.0,0.10195833333333333,8,0
s08-r3-disconnect-n5-1,8,3,disconnect,1.0,n5,disconnect-n5-1,95485,1250,5,0.00144853898746078,24,24,0,0.9802067183462533,5,12.600000000000001,2.670890052356021,20.119999999999997,6.452486910994764,1560.89,5,387,5,0.9583333333333333,0.9583333333333334,0.986475,1.0,1027.1,0.9583333333333333,5,5,0.125,0.0,0.03754166666666667,3,0
s08-r3-ref,8,3,none,0.0,random,ref,96735,0,0,0.0016705393682059375,24,24,0,0.9998449612403101,0,0.0,2.6749612403100773,28.11,1.880697674418605,41.95,0,387,0,0.9583333333333333,0.9583333333333334,0.9910541666666667,1.0,1027.55,0.9583333333333333,0,0,0.0,0.0,0.0,0,0
s08-r4-disconnect-n10-1,8,4,disconnect,1.0,n10,disconnect-n10-1,94235,2500,10,0.0017653496433922577,24,24,0,0.9605684754521964,10,20.200000000000003,2.683324607329843,20.150000000000002,11.29657068062827,1562.67,5,387,10,0.9166666666666667,0.9166666666666666,0.9443166666666666,1.0,1031.45,0.9166666666666667,10,10,0.125,0.0,0.04095833333333333,3,0
s08-r4-disconnect-n2-1,8,4,disconnect,1.0,n2,disconnect-n2-1,96235,500,2,0.0014255383575800815,24,24,0,0.9919896640826873,2,4.04,2.6892746113989636,16.119999999999997,4.60139896373057,1561.63,1,387,2,0.9166666666666667,0.9166666666666666,0.9445083333333333,1.0,1029.7,0.9166666666666667,2,2,0.0,0.0,0.0,0,0
s08-r4-disconnect-n20-1,8,4,disconnect,1.0,n20,disconnect-n20-1,91735,5000,20,0.0014235406160878492,24,24,0,0.9212919896640827,20,41.400000000000006,2.664335106382979,36.11000000000001,26.40871657754011,1560.9599999999998,13,387,20,0.9166666666666667,0.9166666666666666,0.9617208333333332,1.0,1032.4499999999998,0.9166666666666667,20,20,0.3333333333333333,0.0,0.04783333333333334,8,0
s08-r4-disconnect-n5-1,8,4,disconnect,1.0,n5,disconnect-n5-1,95485,1250,5,0.0014975394151406371,24,24,0,0.9802067183462533,5,11.600000000000001,2.707493472584856,28.17,5.384830287206266,1560.53,4,387,5,0.9166666666666667,0.9166666666666666,0.9445708333333332,1.0,1030.7,0.9583333333333333,5,5,0.041666666666666664,0.0,0.015833333333333335,1,0
s08-r4-ref,8,4,none,0.0,random,ref,96735,0,0,0.0016338094246748382,24,24,0,0.9998449612403101,0,0.0,2.678578811369509,12.14,1.8946770025839796,46.1,0,387,0,0.9166666666666667,0.9166666666666666,0.9445083333333333,1.0,1032.3500000000001,0.9166666666666667,0,0,0.0,0.0,0.0,0,0
s09-r0-disconnect-n10-1,9,0,disconnect,1.0,n10,disconnect-n10-1,94235,2500,10,0.0016365399733331296,24,24,0,0.9605684754521964,10,20.200000000000003,2.6876963350785337,20.13,12.990261780104712,1564.1799999999998,5,387,10,0.9166666666666666,0.9166666666666666,0.8835208333333333,1.0,1033.85,0.9583333333333333,10,10,0.16666666666666666,0.0,0.05095833333333333,4,0
s09-r0-disconnect-n2-1,9,0,disconnect,1.0,n2,disconnect-n2-1,96235,500,2,0.0015542699338766401,24,24,0,0.9919896640826873,2,3.04,2.6684496124031,20.11,4.423204134366926,1559.82,0,387,2,0.9166666666666666,0.9166666666666666,0.8838833333333334,1.0,1032.3500000000001,1.0,2,2,0.041666666666666664,0.0,0.005958333333333334,1,0
s09-r0-disconnect-n20-1,9,0,disconnect,1.0,n20,disconnect-n20-1,91735,5000,20,0.0014658599593531186,24,24,0,0.9212919896640827,20,45.400000000000006,2.6720698924731185,5.26,24.613844086021505,1564.65,15,387,20,0.9166666666666666,0.9166666666666666,0.8943416666666666,1.0,1035.15,0.9166666666666666,20,20,0.25,0.0,0.06070833333333334,6,0
s09-r0-disconnect-n5-1,9,0,disconnect,1.0,n5,disconnect-n5-1,95485,1250,5,0.001493810241299799,24,24,0,0.9802067183462533,5,10.600000000000001,2.6475,5.24,8.123229166666668,1564.3899999999999,3,387,5,0.9166666666666666,0.9166666666666666,0.8846833333333333,1.0,1032.9,1.0,5,5,0.08333333333333333,0.0,0.011291666666666663,2,0
s09-r0-ref,9,0,none,0.0,random,ref,96735,0,0,0.0013652701136379623,24,24,0,0.9998449612403101,0,0.0,2.6737209302325575,28.139999999999997,1.890490956072351,43.39,0,387,0,0.9166666666666666,0.9166666666666666,0.8835791666666667,1.0,1033.4500000000003,1.0,0,0,0.0,0.0,0.0,0,0
s09-r1-disconnect-n10-1,9,1,disconnect,1.0,n10,disconnect-n10-1,94235,2500,10,0.001589269895703183,24,24,0,0.9605684754521964,10,18.200000000000003,2.6668750000000006,32.129999999999995,11.478802083333331,1561.1699999999998,3,387,10,1.0,1.0,0.9051291666666667,1.0,1031.6499999999999,0.875,10,10,0.20833333333333334,0.0,0.05100000000000001,5,0
s09-r1-disconnect-n2-1,9,1,disconnect,1.0,n2,disconnect-n2-1,96235,500,2,0.0017685403963696453,24,24,0,0.9919896640826873,2,5.04,2.6827012987012986,28.17,3.558337662337662,1560.26,2,387,2,1.0,1.0,0.902425,1.0,1032.5,0.9583333333333333,2,2,0.041666666666666664,0.0,0.015833333333333335,1,0
s09-r1-disconnect-n20-1,9,1,disconnect,1.0,n20,disconnect-n20-1,91735,5000,20,0.0018543494024925188,24,24,0,0.9212919896640827,20,40.400000000000006,2.6971618037135277,5.28,26.157877984084877,1561.39,10,387,20,1.0,1.0,0.8991458333333334,1.0,1033.7999999999997,0.9583333333333333,20,20,0.3333333333333333,0.0,0.08254166666666667,8,0
s09-r1-disconnect-n5-1,9,1,disconnect,1.0,n5,disconnect-n5-1,95485,1250,5,0.0017368106091453241,24,24,0,0.9802067183462533,5,10.600000000000001,2.6877343750000007,5.32,7.209791122715405,1560.78,4,387,5,1.0,1.0,0.8929374999999999,1.0,1031.7500000000002,0.9583333333333333,5,5,0.20833333333333334,0.0,0.06516666666666666,5,0
s09-r1-ref,9,1,none,0.0,random,ref,96735,0,0,0.0016272699849650967,24,24,0,0.9998449612403101,0,0.0,2.665142118863049,36.13,1.9036692506459951,42.18,0,387,0,1.0,1.0,0.9033375,1.0,1030.7499999999998,0.9583333333333333,0,0,0.0,0.0,0.0,0,0
s09-r2-disconnect-n10-1,9,2,disconnect,1.0,n10,disconnect-n10-1,94235,2500,10,0.001489540827606107,24,24,0,0.9605684754521964,10,20.200000000000003,2.6731937172774867,5.33,13.958036649214659,1564.6899999999998,5,387,10,0.9166666666666666,0.9166666666666666,0.8077208333333333,1.0,1032.5500000000002,0.9166666666666667,10,10,0.125,0.0,0.04245833333333334,3,0
s09-r2-disconnect-n2-1,9,2,disconnect,1.0,n2,disconnect-n2-1,96235,500,2,0.001711539880489,24,24,0,0.9919896640826873,2,4.04,2.6874870466321243,28.13,4.016554404145078,1559.52,1,387,2,0.9166666666666666,0.9166666666666666,0.7930208333333334,1.0,1034.3,0.9583333333333333,2,2,0.08333333333333333,0.0,0.028,2,0
s09-r2-disconnect-n20-1,9,2,disconnect,1.0,n20,disconnect-n20-1,91735,5000,20,0.0017630809452384728,24,24,0,0.9212919896640827,20,37.400000000000006,2.682684210526316,12.149999999999999,28.092394736842106,1561.18,7,387,20,0.9166666666666666,0.9166666666666666,0.8009541666666666,1.0,1034.05,0.9166666666666666,20,20,0.20833333333333334,0.0,0.06666666666666667,5,0
s09-r2-disconnect-n5-1,9,2,disconnect,1.0,n5,disconnect-n5-1,95485,1250,5,0.0017252705220016655,24,24,0,0.9802067183462533,5,10.600000000000001,2.683463541666667,12.120000000000001,7.737499999999999,1560.84,3,387,5,0.9166666666666666,0.9166666666666666,0.7949,1.0,1031.4,0.9583333333333333,5,5,0.0,0.0,0.0,0,0
s09-r2-ref,9,2,none,0.0,random,ref,96735,0,0,0.0015045402142277462,24,24,0,0.9998449612403101,0,0.0,2.6982687338501283,24.13,1.8891731266149872,42.38,0,387,0,0.9166666666666666,0.9166666666666666,0.7949,1.0,1032.3,0.9583333333333333,0,0,0.0,0.0,0.0,0,0
s09-r3-disconnect-n10-1,9,3,disconnect,1.0,n10,disconnect-n10-1,94235,2500,10,0.0014055398969503594,24,24,0,0.9605684754521964,10,20.200000000000003,2.682670157068063,5.32,12.30913612565445,1560.8200000000002,5,387,10,0.875,0.875,0.9029124999999999,1.0,1026.6,0.8333333333333333,10,10,0.16666666666666666,0.0,0.03454166666666667,4,0
s09-r3-disconnect-n2-1,9,3,disconnect,1.0,n2,disconnect-n2-1,96235,500,2,0.0013570006558438763,24,24,0,0.9919896640826873,2,4.04,2.6611139896373053,20.13,2.657668393782383,1561.43,1,387,2,0.875,0.875,0.8808416666666666,1.0,1026.0500000000002,0.875,2,2,0.0,0.0,0.0,0,0
s09-r3-disconnect-n20-1,9,3,disconnect,1.0,n20,disconnect-n20-1,91735,5000,20,0.0015558080121991238,24,24,0,0.9212919896640827,20,43.400000000000006,2.6780213903743317,32.169999999999995,24.278659517426274,1563.54,14,387,20,0.875,0.875,0.8997333333333334,1.0,1025.55,0.8333333333333334,20,20,0.2916666666666667,0.0,0.09133333333333334,7,0
s09-r3-disconnect-n5-1,9,3,disconnect,1.0,n5,disconnect-n5-1,95485,1250,5,0.0017742686395649803,24,24,0,0.9802067183462533,5,9.600000000000001,2.672181818181818,28.11,7.9287012987012995,1560.32,2,387,5,0.8333333333333333,0.8333333333333334,0.878275,1.0,1026.8999999999999,0.875,5,5,0.125,0.0,0.04416666666666667,3,0
s09-r3-ref,9,3,none,0.0,random,ref,96735,0,0,0.0012539990530058276,24,24,0,0.9998449612403101,0,0.0,2.645529715762273,28.119999999999997,1.8805943152454778,43.43000000000001,0,387,0,0.875,0.875,0.8808416666666666,1.0,1026.0,0.875,0,0,0.0,0.0,0.0,0,0
s09-r4-disconnect-n10-1,9,4,disconnect,1.0,n10,disconnect-n10-1,94235,2500,10,0.0014239994925446808,24,24,0,0.9605684754521964,10,20.200000000000003,2.691413612565445,8.149999999999999,13.14612565445026,1561.48,5,387,10,0.8333333333333333,0.8333333333333334,0.819775,1.0,1029.6499999999999,0.8333333333333334,10,10,0.3333333333333333,0.0,0.12091666666666667,8,0
s09-r4-disconnect-n2-1,9,4,disconnect,1.0,n2,disconnect-n2-1,96235,500,2,0.0016490794223500433,24,24,0,0.9919896640826873,2,4.04,2.686476683937824,24.16,4.1956735751295335,1561.0,1,387,2,0.9166666666666667,0.9166666666666666,0.8012916666666667,1.0,1030.5,0.8333333333333333,2,2,0.0,0.0,0.0,0,0
s09-r4-disconnect-n20-1,9,4,disconnect,1.0,n20,disconnect-n20-1,91735,5000,20,0.0016125390720844743,24,24,0,0.9212919896640827,20,42.400000000000006,2.643466666666667,12.11,21.90181818181818,1564.14,13,387,20,0.9166666666666667,0.9166666666666666,0.8183375,1.0,1032.8,0.875,20,20,0.20833333333333334,0.0,0.07379166666666667,5,0
s09-r4-disconnect-n5-1,9,4,disconnect,1.0,n5,disconnect-n5-1,95485,1250,5,0.0013545390720537407,24,24,0,0.9802067183462533,5,11.600000000000001,2.676814621409922,28.13,6.560234986945169,1564.73,4,387,5,0.9166666666666667,0.9166666666666666,0.801275,1.0,1030.55,0.8333333333333333,5,5,0.0,0.0,0.0,0,0
s09-r4-ref,9,4,none,0.0,random,ref,96735,0,0,0.0015670011634938419,24,24,0,0.9998449612403101,0,0.0,2.676666666666667,5.2700000000000005,1.8788113695090443,43.0,0,387,0,0.9166666666666667,0.9166666666666666,0.8012916666666667,1.0,1029.6,0.8333333333333333,0,0,0.0,0.0,0.0,0,0
