rtt,exec_id,d_nom,d_log,hueco_ts,pred_rtt050,pred_rtt025,pred_propia,err_ms,pred_dlog,ok_dlog
0.5,s01-r0-disconnect-n5-0.5,0.5,0.4799999999999969,1.52,1.52,1.52,1.52,0.0,1.52,True
0.5,s01-r0-disconnect-n5-0.5,0.5,0.519999999999996,1.52,1.52,1.52,1.52,0.0,1.52,True
0.5,s01-r0-disconnect-n5-0.5,0.5,0.47999999999998977,1.52,1.52,1.52,1.52,0.0,1.52,True
0.5,s01-r0-disconnect-n5-0.5,0.5,0.47999999999998977,1.52,1.52,1.52,1.52,0.0,1.52,True
0.5,s01-r0-disconnect-n5-0.5,0.5,0.5199999999999818,1.52,1.52,1.52,1.52,0.0,1.52,True
0.5,s01-r0-disconnect-n5-1.1,1.1,1.1199999999999974,2.04,2.02,1.77,2.02,20.000000000000018,2.02,True
0.5,s01-r0-disconnect-n5-1.1,1.1,1.0799999999999983,2.04,2.02,1.77,2.02,20.000000000000018,2.02,True
0.5,s01-r0-disconnect-n5-1.1,1.1,1.0800000000000125,2.04,2.02,1.77,2.02,20.000000000000018,2.02,True
0.5,s01-r0-disconnect-n5-1.1,1.1,1.079999999999984,2.04,2.02,1.77,2.02,20.000000000000018,2.02,True
0.5,s01-r0-disconnect-n5-1.1,1.1,1.079999999999984,2.04,2.02,1.77,2.02,20.000000000000018,2.02,True
0.5,s01-r0-disconnect-n5-1.25,1.25,1.2800000000000011,2.04,2.02,1.77,2.02,20.000000000000018,2.02,True
0.5,s01-r0-disconnect-n5-1.25,1.25,1.2399999999999949,2.04,2.02,1.77,2.02,20.000000000000018,2.02,True
0.5,s01-r0-disconnect-n5-1.25,1.25,1.240000000000009,2.04,2.02,1.77,2.02,20.000000000000018,2.02,True
0.5,s01-r0-disconnect-n5-1.25,1.25,1.2399999999999807,2.04,2.02,1.77,2.02,20.000000000000018,2.02,True
0.5,s01-r0-disconnect-n5-1.25,1.25,1.2800000000000296,2.04,2.02,1.77,2.02,20.000000000000018,2.02,True
0.5,s01-r0-disconnect-n5-1.75,1.75,1.7200000000000006,2.52,2.52,2.27,2.52,0.0,2.52,True
0.5,s01-r0-disconnect-n5-1.75,1.75,1.7600000000000051,2.52,2.52,2.27,2.52,0.0,2.52,True
0.5,s01-r0-disconnect-n5-1.75,1.75,1.7199999999999989,2.52,2.52,2.27,2.52,0.0,2.52,True
0.5,s01-r0-disconnect-n5-1.75,1.75,1.759999999999991,2.52,2.52,2.27,2.52,0.0,2.52,True
0.5,s01-r0-disconnect-n5-1.75,1.75,1.759999999999991,2.52,2.52,2.27,2.52,0.0,2.52,True
0.5,s02-r0-disconnect-n5-0.5,0.5,0.5200000000000031,1.52,1.52,1.52,1.52,0.0,1.52,True
0.5,s02-r0-disconnect-n5-0.5,0.5,0.5200000000000102,1.52,1.52,1.52,1.52,0.0,1.52,True
0.5,s02-r0-disconnect-n5-0.5,0.5,0.5199999999999818,1.52,1.52,1.52,1.52,0.0,1.52,True
0.5,s02-r0-disconnect-n5-0.5,0.5,0.4800000000000182,1.52,1.52,1.52,1.52,0.0,1.52,True
0.5,s02-r0-disconnect-n5-0.5,0.5,0.5199999999999818,1.52,1.52,1.52,1.52,0.0,1.52,True
0.5,s02-r0-disconnect-n5-1.1,1.1,1.0800000000000018,2.04,2.02,1.77,2.02,20.000000000000018,2.02,True
0.5,s02-r0-disconnect-n5-1.1,1.1,1.079999999999984,2.04,2.02,1.77,2.02,20.000000000000018,2.02,True
0.5,s02-r0-disconnect-n5-1.1,1.1,1.1200000000000045,2.04,2.02,1.77,2.02,20.000000000000018,2.02,True
0.5,s02-r0-disconnect-n5-1.1,1.1,1.0800000000000125,2.04,2.02,1.77,2.02,20.000000000000018,2.02,True
0.5,s02-r0-disconnect-n5-1.1,1.1,1.1200000000000045,2.04,2.02,1.77,2.02,20.000000000000018,2.02,True
0.5,s02-r0-disconnect-n5-1.25,1.25,1.2399999999999949,2.04,2.02,1.77,2.02,20.000000000000018,2.02,True
0.5,s02-r0-disconnect-n5-1.25,1.25,1.240000000000009,2.04,2.02,1.77,2.02,20.000000000000018,2.02,True
0.5,s02-r0-disconnect-n5-1.25,1.25,1.2399999999999807,2.04,2.02,1.77,2.02,20.000000000000018,2.02,True
0.5,s02-r0-disconnect-n5-1.25,1.25,1.240000000000009,2.04,2.02,1.77,2.02,20.000000000000018,2.02,True
0.5,s02-r0-disconnect-n5-1.25,1.25,1.240000000000009,2.04,2.02,1.77,2.02,20.000000000000018,2.02,True
0.5,s02-r0-disconnect-n5-1.75,1.75,1.7199999999999989,2.52,2.52,2.27,2.52,0.0,2.52,True
0.5,s02-r0-disconnect-n5-1.75,1.75,1.7600000000000051,2.52,2.52,2.27,2.52,0.0,2.52,True
0.5,s02-r0-disconnect-n5-1.75,1.75,1.7600000000000193,2.52,2.52,2.27,2.52,0.0,2.52,True
0.5,s02-r0-disconnect-n5-1.75,1.75,1.759999999999991,2.52,2.52,2.27,2.52,0.0,2.52,True
0.5,s02-r0-disconnect-n5-1.75,1.75,1.759999999999991,2.52,2.52,2.27,2.52,0.0,2.52,True
0.5,s03-r0-disconnect-n5-0.5,0.5,0.480000000000004,1.52,1.52,1.52,1.52,0.0,1.52,True
0.5,s03-r0-disconnect-n5-0.5,0.5,0.5200000000000102,1.52,1.52,1.52,1.52,0.0,1.52,True
0.5,s03-r0-disconnect-n5-0.5,0.5,0.5200000000000102,1.52,1.52,1.52,1.52,0.0,1.52,True
0.5,s03-r0-disconnect-n5-0.5,0.5,0.47999999999996135,1.52,1.52,1.52,1.52,0.0,1.52,True
0.5,s03-r0-disconnect-n5-0.5,0.5,0.5199999999999818,1.52,1.52,1.52,1.52,0.0,1.52,True
0.5,s03-r0-disconnect-n5-1.1,1.1,1.120000000000001,2.04,2.02,1.77,2.02,20.000000000000018,2.02,True
0.5,s03-r0-disconnect-n5-1.1,1.1,1.0800000000000125,2.04,2.02,1.77,2.02,20.000000000000018,2.02,True
0.5,s03-r0-disconnect-n5-1.1,1.1,1.1200000000000045,2.04,2.02,1.77,2.02,20.000000000000018,2.02,True
0.5,s03-r0-disconnect-n5-1.1,1.1,1.080000000000041,2.04,2.02,1.77,2.02,20.000000000000018,2.02,True
0.5,s03-r0-disconnect-n5-1.1,1.1,1.1199999999999477,2.04,2.02,1.77,2.02,20.000000000000018,2.02,True
0.5,s03-r0-disconnect-n5-1.25,1.25,1.2399999999999949,2.04,2.02,1.77,2.02,20.000000000000018,2.02,True
0.5,s03-r0-disconnect-n5-1.25,1.25,1.2399999999999949,2.04,2.02,1.77,2.02,20.000000000000018,2.02,True
0.5,s03-r0-disconnect-n5-1.25,1.25,1.240000000000009,2.04,2.02,1.77,2.02,20.000000000000018,2.02,True
0.5,s03-r0-disconnect-n5-1.25,1.25,1.2799999999999727,2.04,2.02,1.77,2.02,20.000000000000018,2.02,True
0.5,s03-r0-disconnect-n5-1.25,1.25,1.240000000000009,2.04,2.02,1.77,2.02,20.000000000000018,2.02,True
0.5,s03-r0-disconnect-n5-1.75,1.75,1.7600000000000016,2.52,2.52,2.27,2.52,0.0,2.52,True
0.5,s03-r0-disconnect-n5-1.75,1.75,1.7600000000000051,2.52,2.52,2.27,2.52,0.0,2.52,True
0.5,s03-r0-disconnect-n5-1.75,1.75,1.759999999999991,2.52,2.52,2.27,2.52,0.0,2.52,True
0.5,s03-r0-disconnect-n5-1.75,1.75,1.7600000000000193,2.52,2.52,2.27,2.52,0.0,2.52,True
0.5,s03-r0-disconnect-n5-1.75,1.75,1.759999999999991,2.52,2.52,2.27,2.52,0.0,2.52,True
0.5,s04-r0-disconnect-n5-0.5,0.5,0.480000000000004,1.52,1.52,1.52,1.52,0.0,1.52,True
0.5,s04-r0-disconnect-n5-0.5,0.5,0.480000000000004,1.52,1.52,1.52,1.52,0.0,1.52,True
0.5,s04-r0-disconnect-n5-0.5,0.5,0.5200000000000102,1.52,1.52,1.52,1.52,0.0,1.52,True
0.5,s04-r0-disconnect-n5-0.5,0.5,0.5199999999999818,1.52,1.52,1.52,1.52,0.0,1.52,True
0.5,s04-r0-disconnect-n5-0.5,0.5,0.5199999999999818,1.52,1.52,1.52,1.52,0.0,1.52,True
0.5,s04-r0-disconnect-n5-1.1,1.1,1.0799999999999983,2.04,2.02,1.77,2.02,20.000000000000018,2.02,True
0.5,s04-r0-disconnect-n5-1.1,1.1,1.0799999999999983,2.04,2.02,1.77,2.02,20.000000000000018,2.02,True
0.5,s04-r0-disconnect-n5-1.1,1.1,1.1199999999999761,2.04,2.02,1.77,2.02,20.000000000000018,2.02,True
0.5,s04-r0-disconnect-n5-1.1,1.1,1.1200000000000045,2.04,2.02,1.77,2.02,20.000000000000018,2.02,True
0.5,s04-r0-disconnect-n5-1.1,1.1,1.1200000000000045,2.04,2.02,1.77,2.02,20.000000000000018,2.02,True
0.5,s04-r0-disconnect-n5-1.25,1.25,1.240000000000002,2.04,2.02,1.77,2.02,20.000000000000018,2.02,True
0.5,s04-r0-disconnect-n5-1.25,1.25,1.240000000000009,2.04,2.02,1.77,2.02,20.000000000000018,2.02,True
0.5,s04-r0-disconnect-n5-1.25,1.25,1.2399999999999807,2.04,2.02,1.77,2.02,20.000000000000018,2.02,True
0.5,s04-r0-disconnect-n5-1.25,1.25,1.2399999999999807,2.04,2.02,1.77,2.02,20.000000000000018,2.02,True
0.5,s04-r0-disconnect-n5-1.25,1.25,1.240000000000009,2.04,2.02,1.77,2.02,20.000000000000018,2.02,True
0.5,s04-r0-disconnect-n5-1.75,1.75,1.759999999999991,2.52,2.52,2.27,2.52,0.0,2.52,True
0.5,s04-r0-disconnect-n5-1.75,1.75,1.7199999999999989,2.52,2.52,2.27,2.52,0.0,2.52,True
0.5,s04-r0-disconnect-n5-1.75,1.75,1.7199999999999989,2.52,2.52,2.27,2.52,0.0,2.52,True
0.5,s04-r0-disconnect-n5-1.75,1.75,1.759999999999991,2.52,2.52,2.27,2.52,0.0,2.52,True
0.5,s04-r0-disconnect-n5-1.75,1.75,1.7200000000000273,2.52,2.52,2.27,2.52,0.0,2.52,True
0.5,s05-r0-disconnect-n5-0.5,0.5,0.4799999999999969,1.52,1.52,1.52,1.52,0.0,1.52,True
0.5,s05-r0-disconnect-n5-0.5,0.5,0.47999999999998977,1.52,1.52,1.52,1.52,0.0,1.52,True
0.5,s05-r0-disconnect-n5-0.5,0.5,0.4800000000000182,1.52,1.52,1.52,1.52,0.0,1.52,True
0.5,s05-r0-disconnect-n5-0.5,0.5,0.47999999999998977,1.52,1.52,1.52,1.52,0.0,1.52,True
0.5,s05-r0-disconnect-n5-0.5,0.5,0.5199999999999818,1.52,1.52,1.52,1.52,0.0,1.52,True
0.5,s05-r0-disconnect-n5-1.1,1.1,1.0800000000000018,2.04,2.02,1.77,2.02,20.000000000000018,2.02,True
0.5,s05-r0-disconnect-n5-1.1,1.1,1.1199999999999761,2.04,2.02,1.77,2.02,20.000000000000018,2.02,True
0.5,s05-r0-disconnect-n5-1.1,1.1,1.1200000000000045,2.04,2.02,1.77,2.02,20.000000000000018,2.02,True
0.5,s05-r0-disconnect-n5-1.1,1.1,1.1200000000000045,2.04,2.02,1.77,2.02,20.000000000000018,2.02,True
0.5,s05-r0-disconnect-n5-1.1,1.1,1.1200000000000045,2.04,2.02,1.77,2.02,20.000000000000018,2.02,True
0.5,s05-r0-disconnect-n5-1.25,1.25,1.2399999999999949,2.04,2.02,1.77,2.02,20.000000000000018,2.02,True
0.5,s05-r0-disconnect-n5-1.25,1.25,1.2800000000000011,2.04,2.02,1.77,2.02,20.000000000000018,2.02,True
0.5,s05-r0-disconnect-n5-1.25,1.25,1.2800000000000011,2.04,2.02,1.77,2.02,20.000000000000018,2.02,True
0.5,s05-r0-disconnect-n5-1.25,1.25,1.240000000000009,2.04,2.02,1.77,2.02,20.000000000000018,2.02,True
0.5,s05-r0-disconnect-n5-1.25,1.25,1.240000000000009,2.04,2.02,1.77,2.02,20.000000000000018,2.02,True
0.5,s05-r0-disconnect-n5-1.75,1.75,1.7600000000000016,2.52,2.52,2.27,2.52,0.0,2.52,True
0.5,s05-r0-disconnect-n5-1.75,1.75,1.7600000000000193,2.52,2.52,2.27,2.52,0.0,2.52,True
0.5,s05-r0-disconnect-n5-1.75,1.75,1.759999999999991,2.52,2.52,2.27,2.52,0.0,2.52,True
0.5,s05-r0-disconnect-n5-1.75,1.75,1.759999999999991,2.52,2.52,2.27,2.52,0.0,2.52,True
0.5,s05-r0-disconnect-n5-1.75,1.75,1.7600000000000477,2.52,2.52,2.27,2.52,0.0,2.52,True
0.5,s06-r0-disconnect-n5-0.5,0.5,0.4799999999999969,1.52,1.52,1.52,1.52,0.0,1.52,True
0.5,s06-r0-disconnect-n5-0.5,0.5,0.519999999999996,1.52,1.52,1.52,1.52,0.0,1.52,True
0.5,s06-r0-disconnect-n5-0.5,0.5,0.47999999999998977,1.52,1.52,1.52,1.52,0.0,1.52,True
0.5,s06-r0-disconnect-n5-0.5,0.5,0.5199999999999818,1.52,1.52,1.52,1.52,0.0,1.52,True
0.5,s06-r0-disconnect-n5-0.5,0.5,0.5199999999999818,1.52,1.52,1.52,1.52,0.0,1.52,True
0.5,s06-r0-disconnect-n5-1.1,1.1,1.0799999999999983,2.04,2.02,1.77,2.02,20.000000000000018,2.02,True
0.5,s06-r0-disconnect-n5-1.1,1.1,1.0799999999999983,2.04,2.02,1.77,2.02,20.000000000000018,2.02,True
0.5,s06-r0-disconnect-n5-1.1,1.1,1.1199999999999761,2.04,2.02,1.77,2.02,20.000000000000018,2.02,True
0.5,s06-r0-disconnect-n5-1.1,1.1,1.0800000000000125,2.04,2.02,1.77,2.02,20.000000000000018,2.02,True
0.5,s06-r0-disconnect-n5-1.1,1.1,1.1200000000000045,2.04,2.02,1.77,2.02,20.000000000000018,2.02,True
0.5,s06-r0-disconnect-n5-1.25,1.25,1.2800000000000011,2.04,2.02,1.77,2.02,20.000000000000018,2.02,True
0.5,s06-r0-disconnect-n5-1.25,1.25,1.2399999999999949,2.04,2.02,1.77,2.02,20.000000000000018,2.02,True
0.5,s06-r0-disconnect-n5-1.25,1.25,1.2399999999999807,2.04,2.02,1.77,2.02,20.000000000000018,2.02,True
0.5,s06-r0-disconnect-n5-1.25,1.25,1.2399999999999807,2.04,2.02,1.77,2.02,20.000000000000018,2.02,True
0.5,s06-r0-disconnect-n5-1.25,1.25,1.240000000000009,2.04,2.02,1.77,2.02,20.000000000000018,2.02,True
0.5,s06-r0-disconnect-n5-1.75,1.75,1.759999999999998,2.52,2.52,2.27,2.52,0.0,2.52,True
0.5,s06-r0-disconnect-n5-1.75,1.75,1.759999999999991,2.52,2.52,2.27,2.52,0.0,2.52,True
0.5,s06-r0-disconnect-n5-1.75,1.75,1.7600000000000193,2.52,2.52,2.27,2.52,0.0,2.52,True
0.5,s06-r0-disconnect-n5-1.75,1.75,1.7199999999999989,2.52,2.52,2.27,2.52,0.0,2.52,True
0.5,s06-r0-disconnect-n5-1.75,1.75,1.759999999999991,2.52,2.52,2.27,2.52,0.0,2.52,True
0.5,s07-r0-disconnect-n5-0.5,0.5,0.5200000000000031,1.52,1.52,1.52,1.52,0.0,1.52,True
0.5,s07-r0-disconnect-n5-0.5,0.5,0.480000000000004,1.52,1.52,1.52,1.52,0.0,1.52,True
0.5,s07-r0-disconnect-n5-0.5,0.5,0.5199999999999818,1.52,1.52,1.52,1.52,0.0,1.52,True
0.5,s07-r0-disconnect-n5-0.5,0.5,0.5200000000000387,1.52,1.52,1.52,1.52,0.0,1.52,True
0.5,s07-r0-disconnect-n5-0.5,0.5,0.47999999999996135,1.52,1.52,1.52,1.52,0.0,1.52,True
0.5,s07-r0-disconnect-n5-1.1,1.1,1.1199999999999903,2.04,2.02,1.77,2.02,20.000000000000018,2.02,True
0.5,s07-r0-disconnect-n5-1.1,1.1,1.0799999999999983,2.04,2.02,1.77,2.02,20.000000000000018,2.02,True
0.5,s07-r0-disconnect-n5-1.1,1.1,1.0800000000000125,2.04,2.02,1.77,2.02,20.000000000000018,2.02,True
0.5,s07-r0-disconnect-n5-1.1,1.1,1.080000000000041,2.04,2.02,1.77,2.02,20.000000000000018,2.02,True
0.5,s07-r0-disconnect-n5-1.1,1.1,1.1200000000000045,2.04,2.02,1.77,2.02,20.000000000000018,2.02,True
0.5,s07-r0-disconnect-n5-1.25,1.25,1.240000000000002,2.04,2.02,1.77,2.02,20.000000000000018,2.02,True
0.5,s07-r0-disconnect-n5-1.25,1.25,1.2399999999999807,2.04,2.02,1.77,2.02,20.000000000000018,2.02,True
0.5,s07-r0-disconnect-n5-1.25,1.25,1.2800000000000011,2.04,2.02,1.77,2.02,20.000000000000018,2.02,True
0.5,s07-r0-disconnect-n5-1.25,1.25,1.240000000000009,2.04,2.02,1.77,2.02,20.000000000000018,2.02,True
0.5,s07-r0-disconnect-n5-1.25,1.25,1.2799999999999727,2.04,2.02,1.77,2.02,20.000000000000018,2.02,True
0.5,s07-r0-disconnect-n5-1.75,1.75,1.7200000000000006,2.52,2.52,2.27,2.52,0.0,2.52,True
0.5,s07-r0-disconnect-n5-1.75,1.75,1.7199999999999989,2.52,2.52,2.27,2.52,0.0,2.52,True
0.5,s07-r0-disconnect-n5-1.75,1.75,1.759999999999991,2.52,2.52,2.27,2.52,0.0,2.52,True
0.5,s07-r0-disconnect-n5-1.75,1.75,1.759999999999991,2.52,2.52,2.27,2.52,0.0,2.52,True
0.5,s07-r0-disconnect-n5-1.75,1.75,1.759999999999991,2.52,2.52,2.27,2.52,0.0,2.52,True
0.5,s08-r0-disconnect-n5-0.5,0.5,0.4799999999999969,1.52,1.52,1.52,1.52,0.0,1.52,True
0.5,s08-r0-disconnect-n5-0.5,0.5,0.47999999999998977,1.52,1.52,1.52,1.52,0.0,1.52,True
0.5,s08-r0-disconnect-n5-0.5,0.5,0.47999999999998977,1.52,1.52,1.52,1.52,0.0,1.52,True
0.5,s08-r0-disconnect-n5-0.5,0.5,0.47999999999998977,1.52,1.52,1.52,1.52,0.0,1.52,True
0.5,s08-r0-disconnect-n5-0.5,0.5,0.5199999999999818,1.52,1.52,1.52,1.52,0.0,1.52,True
0.5,s08-r0-disconnect-n5-1.1,1.1,1.0799999999999983,2.04,2.02,1.77,2.02,20.000000000000018,2.02,True
0.5,s08-r0-disconnect-n5-1.1,1.1,1.1200000000000045,2.04,2.02,1.77,2.02,20.000000000000018,2.02,True
0.5,s08-r0-disconnect-n5-1.1,1.1,1.1200000000000045,2.04,2.02,1.77,2.02,20.000000000000018,2.02,True
0.5,s08-r0-disconnect-n5-1.1,1.1,1.1200000000000045,2.04,2.02,1.77,2.02,20.000000000000018,2.02,True
0.5,s08-r0-disconnect-n5-1.1,1.1,1.1200000000000045,2.04,2.02,1.77,2.02,20.000000000000018,2.02,True
0.5,s08-r0-disconnect-n5-1.25,1.25,1.240000000000002,2.04,2.02,1.77,2.02,20.000000000000018,2.02,True
0.5,s08-r0-disconnect-n5-1.25,1.25,1.2800000000000011,2.04,2.02,1.77,2.02,20.000000000000018,2.02,True
0.5,s08-r0-disconnect-n5-1.25,1.25,1.2399999999999807,2.04,2.02,1.77,2.02,20.000000000000018,2.02,True
0.5,s08-r0-disconnect-n5-1.25,1.25,1.240000000000009,2.04,2.02,1.77,2.02,20.000000000000018,2.02,True
0.5,s08-r0-disconnect-n5-1.25,1.25,1.2799999999999727,2.04,2.02,1.77,2.02,20.000000000000018,2.02,True
0.5,s08-r0-disconnect-n5-1.75,1.75,1.7199999999999953,2.52,2.52,2.27,2.52,0.0,2.52,True
0.5,s08-r0-disconnect-n5-1.75,1.75,1.7199999999999989,2.52,2.52,2.27,2.52,0.0,2.52,True
0.5,s08-r0-disconnect-n5-1.75,1.75,1.7199999999999989,2.52,2.52,2.27,2.52,0.0,2.52,True
0.5,s08-r0-disconnect-n5-1.75,1.75,1.759999999999991,2.52,2.52,2.27,2.52,0.0,2.52,True
0.5,s08-r0-disconnect-n5-1.75,1.75,1.759999999999991,2.52,2.52,2.27,2.52,0.0,2.52,True
0.5,s09-r0-disconnect-n5-0.5,0.5,0.4800000000000004,1.52,1.52,1.52,1.52,0.0,1.52,True
0.5,s09-r0-disconnect-n5-0.5,0.5,0.519999999999996,1.52,1.52,1.52,1.52,0.0,1.52,True
0.5,s09-r0-disconnect-n5-0.5,0.5,0.47999999999998977,1.52,1.52,1.52,1.52,0.0,1.52,True
0.5,s09-r0-disconnect-n5-0.5,0.5,0.47999999999998977,1.52,1.52,1.52,1.52,0.0,1.52,True
0.5,s09-r0-disconnect-n5-0.5,0.5,0.5200000000000387,1.52,1.52,1.52,1.52,0.0,1.52,True
0.5,s09-r0-disconnect-n5-1.1,1.1,1.1199999999999974,2.04,2.02,1.77,2.02,20.000000000000018,2.02,True
0.5,s09-r0-disconnect-n5-1.1,1.1,1.0799999999999983,2.04,2.02,1.77,2.02,20.000000000000018,2.02,True
0.5,s09-r0-disconnect-n5-1.1,1.1,1.1200000000000045,2.04,2.02,1.77,2.02,20.000000000000018,2.02,True
0.5,s09-r0-disconnect-n5-1.1,1.1,1.0800000000000125,2.04,2.02,1.77,2.02,20.000000000000018,2.02,True
0.5,s09-r0-disconnect-n5-1.1,1.1,1.079999999999984,2.04,2.02,1.77,2.02,20.000000000000018,2.02,True
0.5,s09-r0-disconnect-n5-1.25,1.25,1.2800000000000011,2.04,2.02,1.77,2.02,20.000000000000018,2.02,True
0.5,s09-r0-disconnect-n5-1.25,1.25,1.240000000000009,2.04,2.02,1.77,2.02,20.000000000000018,2.02,True
0.5,s09-r0-disconnect-n5-1.25,1.25,1.2800000000000011,2.04,2.02,1.77,2.02,20.000000000000018,2.02,True
0.5,s09-r0-disconnect-n5-1.25,1.25,1.2799999999999727,2.04,2.02,1.77,2.02,20.000000000000018,2.02,True
0.5,s09-r0-disconnect-n5-1.25,1.25,1.2800000000000296,2.04,2.02,1.77,2.02,20.000000000000018,2.02,True
0.5,s09-r0-disconnect-n5-1.75,1.75,1.7200000000000024,2.52,2.52,2.27,2.52,0.0,2.52,True
0.5,s09-r0-disconnect-n5-1.75,1.75,1.7199999999999989,2.52,2.52,2.27,2.52,0.0,2.52,True
0.5,s09-r0-disconnect-n5-1.75,1.75,1.759999999999991,2.52,2.52,2.27,2.52,0.0,2.52,True
0.5,s09-r0-disconnect-n5-1.75,1.75,1.7199999999999704,2.52,2.52,2.27,2.52,0.0,2.52,True
0.5,s09-r0-disconnect-n5-1.75,1.75,1.759999999999991,2.52,2.52,2.27,2.52,0.0,2.52,True
0.25,s01-r0-disconnect-n5-0.5,0.5,0.5200000000000031,1.52,1.52,1.52,1.52,0.0,1.52,True
0.25,s01-r0-disconnect-n5-0.5,0.5,0.47999999999998977,1.52,1.52,1.52,1.52,0.0,1.52,True
0.25,s01-r0-disconnect-n5-0.5,0.5,0.47999999999998977,1.52,1.52,1.52,1.52,0.0,1.52,True
0.25,s01-r0-disconnect-n5-0.5,0.5,0.5199999999999818,1.52,1.52,1.52,1.52,0.0,1.52,True
0.25,s01-r0-disconnect-n5-0.5,0.5,0.4800000000000182,1.52,1.52,1.52,1.52,0.0,1.52,True
0.25,s01-r0-disconnect-n5-1.1,1.1,1.0799999999999983,1.8,2.02,1.77,1.77,30.00000000000003,1.77,True
0.25,s01-r0-disconnect-n5-1.1,1.1,1.0800000000000125,1.8,2.02,1.77,1.77,30.00000000000003,1.77,True
0.25,s01-r0-disconnect-n5-1.1,1.1,1.1200000000000045,1.8,2.02,1.77,1.77,30.00000000000003,1.77,True
0.25,s01-r0-disconnect-n5-1.1,1.1,1.1200000000000045,1.8,2.02,1.77,1.77,30.00000000000003,1.77,True
0.25,s01-r0-disconnect-n5-1.1,1.1,1.1200000000000045,1.8,2.02,1.77,1.77,30.00000000000003,1.77,True
0.25,s01-r0-disconnect-n5-1.25,1.25,1.240000000000009,1.8,2.02,1.77,1.77,30.00000000000003,1.77,True
0.25,s01-r0-disconnect-n5-1.25,1.25,1.2800000000000011,2.04,2.02,1.77,1.77,270.0,2.02,True
0.25,s01-r0-disconnect-n5-1.25,1.25,1.2800000000000011,2.04,2.02,1.77,1.77,270.0,2.02,True
0.25,s01-r0-disconnect-n5-1.25,1.25,1.240000000000009,1.8,2.02,1.77,1.77,30.00000000000003,1.77,True
0.25,s01-r0-disconnect-n5-1.25,1.25,1.240000000000009,1.8,2.02,1.77,1.77,30.00000000000003,1.77,True
0.25,s01-r0-disconnect-n5-1.75,1.75,1.7199999999999989,2.28,2.52,2.27,2.27,9.999999999999787,2.27,True
0.25,s01-r0-disconnect-n5-1.75,1.75,1.759999999999991,2.52,2.52,2.27,2.27,250.0,2.52,True
0.25,s01-r0-disconnect-n5-1.75,1.75,1.759999999999991,2.52,2.52,2.27,2.27,250.0,2.52,True
0.25,s01-r0-disconnect-n5-1.75,1.75,1.759999999999991,2.52,2.52,2.27,2.27,250.0,2.52,True
0.25,s01-r0-disconnect-n5-1.75,1.75,1.759999999999991,2.52,2.52,2.27,2.27,250.0,2.52,True
0.25,s02-r0-disconnect-n5-0.5,0.5,0.480000000000004,1.52,1.52,1.52,1.52,0.0,1.52,True
0.25,s02-r0-disconnect-n5-0.5,0.5,0.47999999999998977,1.52,1.52,1.52,1.52,0.0,1.52,True
0.25,s02-r0-disconnect-n5-0.5,0.5,0.5200000000000102,1.52,1.52,1.52,1.52,0.0,1.52,True
0.25,s02-r0-disconnect-n5-0.5,0.5,0.4800000000000182,1.52,1.52,1.52,1.52,0.0,1.52,True
0.25,s02-r0-disconnect-n5-0.5,0.5,0.4800000000000182,1.52,1.52,1.52,1.52,0.0,1.52,True
0.25,s02-r0-disconnect-n5-1.1,1.1,1.1200000000000045,1.8,2.02,1.77,1.77,30.00000000000003,1.77,True
0.25,s02-r0-disconnect-n5-1.1,1.1,1.0800000000000125,1.8,2.02,1.77,1.77,30.00000000000003,1.77,True
0.25,s02-r0-disconnect-n5-1.1,1.1,1.0800000000000125,1.8,2.02,1.77,1.77,30.00000000000003,1.77,True
0.25,s02-r0-disconnect-n5-1.1,1.1,1.079999999999984,1.8,2.02,1.77,1.77,30.00000000000003,1.77,True
0.25,s02-r0-disconnect-n5-1.1,1.1,1.079999999999984,1.8,2.02,1.77,1.77,30.00000000000003,1.77,True
0.25,s02-r0-disconnect-n5-1.25,1.25,1.240000000000002,1.8,2.02,1.77,1.77,30.00000000000003,1.77,True
0.25,s02-r0-disconnect-n5-1.25,1.25,1.2800000000000011,2.04,2.02,1.77,1.77,270.0,2.02,True
0.25,s02-r0-disconnect-n5-1.25,1.25,1.2399999999999807,1.8,2.02,1.77,1.77,30.00000000000003,1.77,True
0.25,s02-r0-disconnect-n5-1.25,1.25,1.2800000000000296,2.04,2.02,1.77,1.77,270.0,2.02,True
0.25,s02-r0-disconnect-n5-1.25,1.25,1.240000000000009,1.8,2.02,1.77,1.77,30.00000000000003,1.77,True
0.25,s02-r0-disconnect-n5-1.75,1.75,1.7600000000000016,2.52,2.52,2.27,2.27,250.0,2.52,True
0.25,s02-r0-disconnect-n5-1.75,1.75,1.759999999999991,2.52,2.52,2.27,2.27,250.0,2.52,True
0.25,s02-r0-disconnect-n5-1.75,1.75,1.7600000000000193,2.52,2.52,2.27,2.27,250.0,2.52,True
0.25,s02-r0-disconnect-n5-1.75,1.75,1.7199999999999704,2.28,2.52,2.27,2.27,9.999999999999787,2.27,True
0.25,s02-r0-disconnect-n5-1.75,1.75,1.759999999999991,2.52,2.52,2.27,2.27,250.0,2.52,True
0.25,s03-r0-disconnect-n5-0.5,0.5,0.5200000000000031,1.52,1.52,1.52,1.52,0.0,1.52,True
0.25,s03-r0-disconnect-n5-0.5,0.5,0.4800000000000182,1.52,1.52,1.52,1.52,0.0,1.52,True
0.25,s03-r0-disconnect-n5-0.5,0.5,0.47999999999998977,1.52,1.52,1.52,1.52,0.0,1.52,True
0.25,s03-r0-disconnect-n5-0.5,0.5,0.47999999999998977,1.52,1.52,1.52,1.52,0.0,1.52,True
0.25,s03-r0-disconnect-n5-0.5,0.5,0.5199999999999818,1.52,1.52,1.52,1.52,0.0,1.52,True
0.25,s03-r0-disconnect-n5-1.1,1.1,1.1199999999999974,1.8,2.02,1.77,1.77,30.00000000000003,1.77,True
0.25,s03-r0-disconnect-n5-1.1,1.1,1.0800000000000125,1.8,2.02,1.77,1.77,30.00000000000003,1.77,True
0.25,s03-r0-disconnect-n5-1.1,1.1,1.1200000000000045,1.8,2.02,1.77,1.77,30.00000000000003,1.77,True
0.25,s03-r0-disconnect-n5-1.1,1.1,1.1200000000000045,1.8,2.02,1.77,1.77,30.00000000000003,1.77,True
0.25,s03-r0-disconnect-n5-1.1,1.1,1.1200000000000045,1.8,2.02,1.77,1.77,30.00000000000003,1.77,True
0.25,s03-r0-disconnect-n5-1.25,1.25,1.2399999999999949,1.8,2.02,1.77,1.77,30.00000000000003,1.77,True
0.25,s03-r0-disconnect-n5-1.25,1.25,1.240000000000009,1.8,2.02,1.77,1.77,30.00000000000003,1.77,True
0.25,s03-r0-disconnect-n5-1.25,1.25,1.240000000000009,1.8,2.02,1.77,1.77,30.00000000000003,1.77,True
0.25,s03-r0-disconnect-n5-1.25,1.25,1.240000000000009,1.8,2.02,1.77,1.77,30.00000000000003,1.77,True
0.25,s03-r0-disconnect-n5-1.25,1.25,1.240000000000009,1.8,2.02,1.77,1.77,30.00000000000003,1.77,True
0.25,s03-r0-disconnect-n5-1.75,1.75,1.759999999999998,2.52,2.52,2.27,2.27,250.0,2.52,True
0.25,s03-r0-disconnect-n5-1.75,1.75,1.7199999999999989,2.28,2.52,2.27,2.27,9.999999999999787,2.27,True
0.25,s03-r0-disconnect-n5-1.75,1.75,1.759999999999991,2.52,2.52,2.27,2.27,250.0,2.52,True
0.25,s03-r0-disconnect-n5-1.75,1.75,1.759999999999991,2.52,2.52,2.27,2.27,250.0,2.52,True
0.25,s03-r0-disconnect-n5-1.75,1.75,1.7600000000000477,2.52,2.52,2.27,2.27,250.0,2.52,True
0.25,s04-r0-disconnect-n5-0.5,0.5,0.4799999999999969,1.52,1.52,1.52,1.52,0.0,1.52,True
0.25,s04-r0-disconnect-n5-0.5,0.5,0.47999999999998977,1.52,1.52,1.52,1.52,0.0,1.52,True
0.25,s04-r0-disconnect-n5-0.5,0.5,0.5200000000000102,1.52,1.52,1.52,1.52,0.0,1.52,True
0.25,s04-r0-disconnect-n5-0.5,0.5,0.47999999999996135,1.52,1.52,1.52,1.52,0.0,1.52,True
0.25,s04-r0-disconnect-n5-0.5,0.5,0.5199999999999818,1.52,1.52,1.52,1.52,0.0,1.52,True
0.25,s04-r0-disconnect-n5-1.1,1.1,1.0799999999999983,1.8,2.02,1.77,1.77,30.00000000000003,1.77,True
0.25,s04-r0-disconnect-n5-1.1,1.1,1.0800000000000125,1.8,2.02,1.77,1.77,30.00000000000003,1.77,True
0.25,s04-r0-disconnect-n5-1.1,1.1,1.079999999999984,1.8,2.02,1.77,1.77,30.00000000000003,1.77,True
0.25,s04-r0-disconnect-n5-1.1,1.1,1.1200000000000045,1.8,2.02,1.77,1.77,30.00000000000003,1.77,True
0.25,s04-r0-disconnect-n5-1.1,1.1,1.1200000000000045,1.8,2.02,1.77,1.77,30.00000000000003,1.77,True
0.25,s04-r0-disconnect-n5-1.25,1.25,1.2800000000000011,2.04,2.02,1.77,1.77,270.0,2.02,True
0.25,s04-r0-disconnect-n5-1.25,1.25,1.2800000000000011,2.04,2.02,1.77,1.77,270.0,2.02,True
0.25,s04-r0-disconnect-n5-1.25,1.25,1.240000000000009,1.8,2.02,1.77,1.77,30.00000000000003,1.77,True
0.25,s04-r0-disconnect-n5-1.25,1.25,1.2399999999999807,1.8,2.02,1.77,1.77,30.00000000000003,1.77,True
0.25,s04-r0-disconnect-n5-1.25,1.25,1.240000000000009,1.8,2.02,1.77,1.77,30.00000000000003,1.77,True
0.25,s04-r0-disconnect-n5-1.75,1.75,1.7600000000000016,2.52,2.52,2.27,2.27,250.0,2.52,True
0.25,s04-r0-disconnect-n5-1.75,1.75,1.7600000000000051,2.52,2.52,2.27,2.27,250.0,2.52,True
0.25,s04-r0-disconnect-n5-1.75,1.75,1.7600000000000193,2.52,2.52,2.27,2.27,250.0,2.52,True
0.25,s04-r0-disconnect-n5-1.75,1.75,1.7600000000000193,2.52,2.52,2.27,2.27,250.0,2.52,True
0.25,s04-r0-disconnect-n5-1.75,1.75,1.759999999999991,2.52,2.52,2.27,2.27,250.0,2.52,True
0.25,s05-r0-disconnect-n5-0.5,0.5,0.5200000000000031,1.52,1.52,1.52,1.52,0.0,1.52,True
0.25,s05-r0-disconnect-n5-0.5,0.5,0.519999999999996,1.52,1.52,1.52,1.52,0.0,1.52,True
0.25,s05-r0-disconnect-n5-0.5,0.5,0.47999999999998977,1.52,1.52,1.52,1.52,0.0,1.52,True
0.25,s05-r0-disconnect-n5-0.5,0.5,0.47999999999996135,1.52,1.52,1.52,1.52,0.0,1.52,True
0.25,s05-r0-disconnect-n5-0.5,0.5,0.5199999999999818,1.52,1.52,1.52,1.52,0.0,1.52,True
0.25,s05-r0-disconnect-n5-1.1,1.1,1.0799999999999983,1.8,2.02,1.77,1.77,30.00000000000003,1.77,True
0.25,s05-r0-disconnect-n5-1.1,1.1,1.0800000000000125,1.8,2.02,1.77,1.77,30.00000000000003,1.77,True
0.25,s05-r0-disconnect-n5-1.1,1.1,1.079999999999984,1.8,2.02,1.77,1.77,30.00000000000003,1.77,True
0.25,s05-r0-disconnect-n5-1.1,1.1,1.1200000000000045,1.8,2.02,1.77,1.77,30.00000000000003,1.77,True
0.25,s05-r0-disconnect-n5-1.1,1.1,1.080000000000041,1.8,2.02,1.77,1.77,30.00000000000003,1.77,True
0.25,s05-r0-disconnect-n5-1.25,1.25,1.240000000000009,1.8,2.02,1.77,1.77,30.00000000000003,1.77,True
0.25,s05-r0-disconnect-n5-1.25,1.25,1.2800000000000011,2.04,2.02,1.77,1.77,270.0,2.02,True
0.25,s05-r0-disconnect-n5-1.25,1.25,1.240000000000009,1.8,2.02,1.77,1.77,30.00000000000003,1.77,True
0.25,s05-r0-disconnect-n5-1.25,1.25,1.240000000000009,1.8,2.02,1.77,1.77,30.00000000000003,1.77,True
0.25,s05-r0-disconnect-n5-1.25,1.25,1.240000000000009,1.8,2.02,1.77,1.77,30.00000000000003,1.77,True
0.25,s05-r0-disconnect-n5-1.75,1.75,1.720000000000013,2.28,2.52,2.27,2.27,9.999999999999787,2.27,True
0.25,s05-r0-disconnect-n5-1.75,1.75,1.7600000000000051,2.52,2.52,2.27,2.27,250.0,2.52,True
0.25,s05-r0-disconnect-n5-1.75,1.75,1.759999999999991,2.52,2.52,2.27,2.27,250.0,2.52,True
0.25,s05-r0-disconnect-n5-1.75,1.75,1.759999999999991,2.52,2.52,2.27,2.27,250.0,2.52,True
0.25,s05-r0-disconnect-n5-1.75,1.75,1.759999999999991,2.52,2.52,2.27,2.27,250.0,2.52,True
0.25,s06-r0-disconnect-n5-0.5,0.5,0.5200000000000031,1.52,1.52,1.52,1.52,0.0,1.52,True
0.25,s06-r0-disconnect-n5-0.5,0.5,0.5200000000000102,1.52,1.52,1.52,1.52,0.0,1.52,True
0.25,s06-r0-disconnect-n5-0.5,0.5,0.5199999999999818,1.52,1.52,1.52,1.52,0.0,1.52,True
0.25,s06-r0-disconnect-n5-0.5,0.5,0.5200000000000387,1.52,1.52,1.52,1.52,0.0,1.52,True
0.25,s06-r0-disconnect-n5-0.5,0.5,0.5200000000000387,1.52,1.52,1.52,1.52,0.0,1.52,True
0.25,s06-r0-disconnect-n5-1.1,1.1,1.1200000000000045,1.8,2.02,1.77,1.77,30.00000000000003,1.77,True
0.25,s06-r0-disconnect-n5-1.1,1.1,1.1200000000000045,1.8,2.02,1.77,1.77,30.00000000000003,1.77,True
0.25,s06-r0-disconnect-n5-1.1,1.1,1.0800000000000125,1.8,2.02,1.77,1.77,30.00000000000003,1.77,True
0.25,s06-r0-disconnect-n5-1.1,1.1,1.1200000000000045,1.8,2.02,1.77,1.77,30.00000000000003,1.77,True
0.25,s06-r0-disconnect-n5-1.1,1.1,1.079999999999984,1.8,2.02,1.77,1.77,30.00000000000003,1.77,True
0.25,s06-r0-disconnect-n5-1.25,1.25,1.2399999999999984,1.8,2.02,1.77,1.77,30.00000000000003,1.77,True
0.25,s06-r0-disconnect-n5-1.25,1.25,1.2800000000000011,2.04,2.02,1.77,1.77,270.0,2.02,True
0.25,s06-r0-disconnect-n5-1.25,1.25,1.2800000000000011,2.04,2.02,1.77,1.77,270.0,2.02,True
0.25,s06-r0-disconnect-n5-1.25,1.25,1.2399999999999523,1.8,2.02,1.77,1.77,30.00000000000003,1.77,True
0.25,s06-r0-disconnect-n5-1.25,1.25,1.240000000000009,1.8,2.02,1.77,1.77,30.00000000000003,1.77,True
0.25,s06-r0-disconnect-n5-1.75,1.75,1.7600000000000051,2.52,2.52,2.27,2.27,250.0,2.52,True
0.25,s06-r0-disconnect-n5-1.75,1.75,1.759999999999991,2.52,2.52,2.27,2.27,250.0,2.52,True
0.25,s06-r0-disconnect-n5-1.75,1.75,1.759999999999991,2.52,2.52,2.27,2.27,250.0,2.52,True
0.25,s06-r0-disconnect-n5-1.75,1.75,1.7600000000000193,2.52,2.52,2.27,2.27,250.0,2.52,True
0.25,s06-r0-disconnect-n5-1.75,1.75,1.759999999999991,2.52,2.52,2.27,2.27,250.0,2.52,True
0.25,s07-r0-disconnect-n5-0.5,0.5,0.5200000000000031,1.52,1.52,1.52,1.52,0.0,1.52,True
0.25,s07-r0-disconnect-n5-0.5,0.5,0.5199999999999818,1.52,1.52,1.52,1.52,0.0,1.52,True
0.25,s07-r0-disconnect-n5-0.5,0.5,0.5199999999999818,1.52,1.52,1.52,1.52,0.0,1.52,True
0.25,s07-r0-disconnect-n5-0.5,0.5,0.5200000000000387,1.52,1.52,1.52,1.52,0.0,1.52,True
0.25,s07-r0-disconnect-n5-0.5,0.5,0.5199999999999818,1.52,1.52,1.52,1.52,0.0,1.52,True
0.25,s07-r0-disconnect-n5-1.1,1.1,1.0799999999999983,1.8,2.02,1.77,1.77,30.00000000000003,1.77,True
0.25,s07-r0-disconnect-n5-1.1,1.1,1.1199999999999761,1.8,2.02,1.77,1.77,30.00000000000003,1.77,True
0.25,s07-r0-disconnect-n5-1.1,1.1,1.0800000000000125,1.8,2.02,1.77,1.77,30.00000000000003,1.77,True
0.25,s07-r0-disconnect-n5-1.1,1.1,1.1200000000000045,1.8,2.02,1.77,1.77,30.00000000000003,1.77,True
0.25,s07-r0-disconnect-n5-1.1,1.1,1.079999999999984,1.8,2.02,1.77,1.77,30.00000000000003,1.77,True
0.25,s07-r0-disconnect-n5-1.25,1.25,1.2399999999999949,1.8,2.02,1.77,1.77,30.00000000000003,1.77,True
0.25,s07-r0-disconnect-n5-1.25,1.25,1.240000000000009,1.8,2.02,1.77,1.77,30.00000000000003,1.77,True
0.25,s07-r0-disconnect-n5-1.25,1.25,1.240000000000009,1.8,2.02,1.77,1.77,30.00000000000003,1.77,True
0.25,s07-r0-disconnect-n5-1.25,1.25,1.240000000000009,1.8,2.02,1.77,1.77,30.00000000000003,1.77,True
0.25,s07-r0-disconnect-n5-1.25,1.25,1.240000000000009,1.8,2.02,1.77,1.77,30.00000000000003,1.77,True
0.25,s07-r0-disconnect-n5-1.75,1.75,1.759999999999998,2.56,2.52,2.27,2.27,290.00000000000006,2.52,True
0.25,s07-r0-disconnect-n5-1.75,1.75,1.7600000000000051,2.52,2.52,2.27,2.27,250.0,2.52,True
0.25,s07-r0-disconnect-n5-1.75,1.75,1.7600000000000193,2.52,2.52,2.27,2.27,250.0,2.52,True
0.25,s07-r0-disconnect-n5-1.75,1.75,1.759999999999991,2.52,2.52,2.27,2.27,250.0,2.52,True
0.25,s07-r0-disconnect-n5-1.75,1.75,1.7199999999999704,2.28,2.52,2.27,2.27,9.999999999999787,2.27,True
0.25,s08-r0-disconnect-n5-0.5,0.5,0.480000000000004,1.52,1.52,1.52,1.52,0.0,1.52,True
0.25,s08-r0-disconnect-n5-0.5,0.5,0.519999999999996,1.52,1.52,1.52,1.52,0.0,1.52,True
0.25,s08-r0-disconnect-n5-0.5,0.5,0.5200000000000102,1.52,1.52,1.52,1.52,0.0,1.52,True
0.25,s08-r0-disconnect-n5-0.5,0.5,0.5199999999999818,1.52,1.52,1.52,1.52,0.0,1.52,True
0.25,s08-r0-disconnect-n5-0.5,0.5,0.5200000000000387,1.52,1.52,1.52,1.52,0.0,1.52,True
0.25,s08-r0-disconnect-n5-1.1,1.1,1.120000000000001,1.8,2.02,1.77,1.77,30.00000000000003,1.77,True
0.25,s08-r0-disconnect-n5-1.1,1.1,1.1200000000000045,1.8,2.02,1.77,1.77,30.00000000000003,1.77,True
0.25,s08-r0-disconnect-n5-1.1,1.1,1.1200000000000045,1.8,2.02,1.77,1.77,30.00000000000003,1.77,True
0.25,s08-r0-disconnect-n5-1.1,1.1,1.1200000000000045,1.8,2.02,1.77,1.77,30.00000000000003,1.77,True
0.25,s08-r0-disconnect-n5-1.1,1.1,1.079999999999984,1.8,2.02,1.77,1.77,30.00000000000003,1.77,True
0.25,s08-r0-disconnect-n5-1.25,1.25,1.240000000000002,1.8,2.02,1.77,1.77,30.00000000000003,1.77,True
0.25,s08-r0-disconnect-n5-1.25,1.25,1.2800000000000011,2.04,2.02,1.77,1.77,270.0,2.02,True
0.25,s08-r0-disconnect-n5-1.25,1.25,1.2399999999999807,1.8,2.02,1.77,1.77,30.00000000000003,1.77,True
0.25,s08-r0-disconnect-n5-1.25,1.25,1.2799999999999727,2.04,2.02,1.77,1.77,270.0,2.02,True
0.25,s08-r0-disconnect-n5-1.25,1.25,1.240000000000009,1.8,2.02,1.77,1.77,30.00000000000003,1.77,True
0.25,s08-r0-disconnect-n5-1.75,1.75,1.759999999999998,2.52,2.52,2.27,2.27,250.0,2.52,True
0.25,s08-r0-disconnect-n5-1.75,1.75,1.7199999999999989,2.28,2.52,2.27,2.27,9.999999999999787,2.27,True
0.25,s08-r0-disconnect-n5-1.75,1.75,1.7600000000000193,2.52,2.52,2.27,2.27,250.0,2.52,True
0.25,s08-r0-disconnect-n5-1.75,1.75,1.7600000000000193,2.52,2.52,2.27,2.27,250.0,2.52,True
0.25,s08-r0-disconnect-n5-1.75,1.75,1.759999999999991,2.52,2.52,2.27,2.27,250.0,2.52,True
0.25,s09-r0-disconnect-n5-0.5,0.5,0.5200000000000031,1.52,1.52,1.52,1.52,0.0,1.52,True
0.25,s09-r0-disconnect-n5-0.5,0.5,0.4800000000000182,1.52,1.52,1.52,1.52,0.0,1.52,True
0.25,s09-r0-disconnect-n5-0.5,0.5,0.4800000000000182,1.52,1.52,1.52,1.52,0.0,1.52,True
0.25,s09-r0-disconnect-n5-0.5,0.5,0.5200000000000387,1.52,1.52,1.52,1.52,0.0,1.52,True
0.25,s09-r0-disconnect-n5-0.5,0.5,0.5199999999999818,1.52,1.52,1.52,1.52,0.0,1.52,True
0.25,s09-r0-disconnect-n5-1.1,1.1,1.120000000000001,1.8,2.02,1.77,1.77,30.00000000000003,1.77,True
0.25,s09-r0-disconnect-n5-1.1,1.1,1.0800000000000125,1.8,2.02,1.77,1.77,30.00000000000003,1.77,True
0.25,s09-r0-disconnect-n5-1.1,1.1,1.1200000000000045,1.8,2.02,1.77,1.77,30.00000000000003,1.77,True
0.25,s09-r0-disconnect-n5-1.1,1.1,1.1200000000000045,1.8,2.02,1.77,1.77,30.00000000000003,1.77,True
0.25,s09-r0-disconnect-n5-1.1,1.1,1.1200000000000045,1.8,2.02,1.77,1.77,30.00000000000003,1.77,True
0.25,s09-r0-disconnect-n5-1.25,1.25,1.2399999999999949,1.8,2.02,1.77,1.77,30.00000000000003,1.77,True
0.25,s09-r0-disconnect-n5-1.25,1.25,1.240000000000009,1.8,2.02,1.77,1.77,30.00000000000003,1.77,True
0.25,s09-r0-disconnect-n5-1.25,1.25,1.2399999999999807,1.8,2.02,1.77,1.77,30.00000000000003,1.77,True
0.25,s09-r0-disconnect-n5-1.25,1.25,1.240000000000009,1.8,2.02,1.77,1.77,30.00000000000003,1.77,True
0.25,s09-r0-disconnect-n5-1.25,1.25,1.2799999999999727,2.04,2.02,1.77,1.77,270.0,2.02,True
0.25,s09-r0-disconnect-n5-1.75,1.75,1.7600000000000051,2.28,2.52,2.27,2.27,9.999999999999787,2.52,False
0.25,s09-r0-disconnect-n5-1.75,1.75,1.759999999999991,2.52,2.52,2.27,2.27,250.0,2.52,True
0.25,s09-r0-disconnect-n5-1.75,1.75,1.759999999999991,2.52,2.52,2.27,2.27,250.0,2.52,True
0.25,s09-r0-disconnect-n5-1.75,1.75,1.7600000000000477,2.52,2.52,2.27,2.27,250.0,2.52,True
0.25,s09-r0-disconnect-n5-1.75,1.75,1.7600000000000477,2.52,2.52,2.27,2.27,250.0,2.52,True
