onset,label,pred,proba,n_samples,valid,decision_delay
16.68399999999997,2,2,0.9927,1000,1,1.0479
24.491999999999962,1,2,0.7981,1000,1,1.0335
32.524000000000115,1,2,0.9618,1000,1,1.0417
40.968000000000075,2,2,0.5549,1000,1,1.0342
64.55999999999995,2,2,0.983,1000,1,1.0461
80.17599999999993,1,1,0.818,1000,1,1.0266
87.75600000000009,1,2,0.9819,1000,1,1.0075
95.644,1,2,0.5262,1000,1,1.0425
111.28800000000001,2,2,0.8523,1000,1,1.0371
119.76800000000003,2,2,0.9865,1000,1,1.0376
127.79999999999995,1,1,0.7755,1000,1,1.0465
136.06400000000008,1,1,0.9143,673,1,1.0212
152.47199999999998,1,1,0.7732,1000,1,1.013
160.75199999999995,2,2,0.9333,1000,1,1.013
192.65599999999995,1,1,0.9584,1000,1,1.0275
216.93200000000002,2,2,0.9348,1000,1,1.0309
241.22000000000003,2,2,0.9111,1000,1,1.0232
249.6479999999999,1,2,0.6144,1000,1,1.0368
258.01599999999985,2,2,0.909,1000,1,1.0309
306.62799999999993,1,1,0.8538,1000,1,1.018
322.6519999999998,2,2,0.9585,1000,1,2.6341
338.5240000000001,2,2,0.9404,1000,1,1.0381
362.336,2,2,0.9567,1000,1,1.0303
379.028,1,1,0.5793,1000,1,1.0181
