sec,n_expected,n_samples,n_chunks,n_gaps,gap_s,lat_mean,lat_max,ia_mean,ia_std,ia_max,preds,exceptions
0,250,250,25,0,0.0,0.00267,0.00516,0.03998,0.00189,0.0409,0,0
1,250,250,25,0,0.0,0.00258,0.00478,0.04001,0.00188,0.0409,0,0
2,250,250,25,0,0.0,0.00275,0.00514,0.03995,0.00186,0.04089,0,0
3,250,250,25,0,0.0,0.0027,0.00521,0.03999,0.00187,0.04087,0,0
4,250,250,25,0,0.0,0.00282,0.00519,0.03997,0.00187,0.04081,0,0
5,250,184,19,0,0.0,0.00392,0.02589,0.03999,0.00185,0.04084,0,0
6,250,216,22,1,0.4,0.00265,0.00512,0.05634,0.07564,0.40287,0,0
7,250,250,25,0,0.0,0.00261,0.00515,0.03999,0.00187,0.04086,1,0
8,250,250,25,0,0.0,0.00285,0.00529,0.04016,0.00166,0.04116,0,0
9,250,250,25,0,0.0,0.00281,0.00522,0.03982,0.00204,0.04096,0,0
10,250,250,25,0,0.0,0.00278,0.00526,0.04005,0.00187,0.04095,0,0
11,250,150,16,1,0.4,0.00493,0.03854,0.06251,0.08784,0.40263,0,0
12,250,250,25,0,0.0,0.00266,0.00519,0.03999,0.00185,0.04087,0,0
13,250,250,25,0,0.0,0.00265,0.00495,0.04001,0.00187,0.04087,0,0
14,250,250,25,0,0.0,0.00281,0.00515,0.04001,0.00187,0.04085,0,0
15,250,250,25,0,0.0,0.00254,0.00504,0.04001,0.00186,0.04089,0,0
16,250,250,25,0,0.0,0.00259,0.00501,0.03999,0.00188,0.04084,0,0
17,250,250,25,0,0.0,0.0025,0.005,0.03999,0.00186,0.04083,0,0
18,250,250,25,0,0.0,0.00257,0.00507,0.04,0.00187,0.04086,0,0
19,250,250,25,0,0.0,0.00265,0.00511,0.03998,0.00187,0.04087,0,0
20,250,151,16,0,0.0,0.0051,0.03916,0.04012,0.00168,0.0408,0,0
21,250,249,25,1,0.4,0.00258,0.00516,0.05445,0.06999,0.39725,0,0
22,250,250,25,0,0.0,0.00294,0.00514,0.04002,0.00187,0.04086,1,0
23,250,250,25,0,0.0,0.00247,0.0051,0.03983,0.00198,0.04092,0,0
24,250,250,25,0,0.0,0.00286,0.0052,0.04,0.00188,0.04088,0,0
25,250,250,25,0,0.0,0.00256,0.00525,0.04002,0.00188,0.04086,0,0
26,250,250,25,0,0.0,0.00262,0.00507,0.04003,0.00188,0.04114,0,0
27,250,150,16,1,0.4,0.00453,0.02904,0.06244,0.08779,0.40237,0,0
28,250,250,25,0,0.0,0.0027,0.00513,0.04,0.00186,0.04091,0,0
29,250,250,25,0,0.0,0.00272,0.00514,0.04,0.00187,0.04091,0,0
30,250,250,25,0,0.0,0.00269,0.0051,0.04,0.00188,0.0409,0,0
31,250,250,25,0,0.0,0.00266,0.00495,0.04017,0.00166,0.04083,0,0
32,250,250,25,0,0.0,0.00274,0.00514,0.03999,0.00187,0.04086,0,0
33,250,250,25,0,0.0,0.00257,0.00518,0.03998,0.00187,0.04086,0,0
34,250,250,25,0,0.0,0.00284,0.00522,0.03984,0.00204,0.04098,0,0
35,250,250,25,0,0.0,0.00276,0.00515,0.04001,0.00186,0.04089,0,0
36,250,250,25,0,0.0,0.00255,0.00499,0.03999,0.00186,0.04085,0,0
37,250,250,25,0,0.0,0.00267,0.00508,0.04019,0.00166,0.04091,0,0
38,250,150,16,1,0.4,0.00321,0.01423,0.06242,0.08782,0.40247,0,0
39,250,250,25,0,0.0,0.00246,0.00489,0.03996,0.00186,0.04081,0,0
40,250,250,25,0,0.0,0.00277,0.0052,0.03997,0.00187,0.04085,0,0
41,250,250,25,0,0.0,0.00257,0.00505,0.03999,0.00187,0.04086,0,0
42,250,250,25,0,0.0,0.00284,0.00515,0.03998,0.00187,0.04088,0,0
43,250,250,25,0,0.0,0.00267,0.00496,0.04002,0.00188,0.04099,0,0
44,250,250,25,0,0.0,0.00262,0.00503,0.03998,0.00186,0.04085,0,0
45,250,150,15,1,0.4,0.00261,0.00513,0.06662,0.0993,0.4381,0,0
46,250,250,25,0,0.0,0.00262,0.00492,0.03999,0.00188,0.04086,0,0
47,250,250,25,0,0.0,0.00259,0.00498,0.03998,0.00186,0.04084,0,0
48,250,250,25,0,0.0,0.00275,0.00523,0.0402,0.00165,0.04089,0,0
49,250,250,25,0,0.0,0.00259,0.00487,0.0398,0.00204,0.04087,0,0
50,250,250,25,0,0.0,0.00263,0.00526,0.04001,0.00184,0.04092,0,0
51,250,250,25,0,0.0,0.00285,0.00524,0.04018,0.00165,0.04084,0,0
52,250,250,25,0,0.0,0.00274,0.00515,0.03998,0.00187,0.04086,0,0
53,250,247,25,0,0.0,0.00312,0.01615,0.03998,0.00187,0.04087,0,0
54,250,153,16,1,0.4,0.00305,0.00516,0.06251,0.08659,0.39783,1,0
55,250,250,25,0,0.0,0.00212,0.00462,0.0399,0.00192,0.0409,0,0
56,250,250,25,0,0.0,0.00275,0.00515,0.04001,0.00188,0.04096,0,0
57,250,250,25,0,0.0,0.0026,0.00501,0.03998,0.00187,0.04081,0,0
58,250,250,25,0,0.0,0.00272,0.0052,0.03998,0.00187,0.04085,0,0
59,250,250,25,0,0.0,0.0027,0.00501,0.03999,0.00187,0.04109,0,0
60,250,226,23,0,0.0,0.0033,0.01951,0.04012,0.00172,0.04084,0,0
61,250,174,18,1,0.4,0.00268,0.00512,0.06002,0.08183,0.39736,0,0
62,250,250,25,0,0.0,0.00264,0.00522,0.03998,0.00187,0.04083,1,0
63,250,250,25,0,0.0,0.00285,0.00514,0.04001,0.00182,0.04084,0,0
64,250,250,25,0,0.0,0.00269,0.00513,0.03998,0.00187,0.04083,0,0
65,250,250,25,0,0.0,0.00258,0.00508,0.03999,0.00187,0.04089,0,0
66,250,250,25,0,0.0,0.00291,0.00524,0.04,0.00186,0.04114,0,0
67,250,250,25,0,0.0,0.00271,0.00515,0.03999,0.00186,0.04086,0,0
68,250,250,25,0,0.0,0.00273,0.00513,0.03998,0.00186,0.04083,0,0
69,250,150,16,1,0.4,0.00256,0.0074,0.06243,0.08646,0.39723,0,0
70,250,250,25,0,0.0,0.00295,0.00523,0.04017,0.00166,0.04082,0,0
71,250,250,25,0,0.0,0.00268,0.00507,0.03997,0.00188,0.04087,0,0
72,250,250,26,0,0.0,0.00357,0.02014,0.03845,0.00695,0.04083,0,0
73,250,250,25,0,0.0,0.00254,0.0049,0.03998,0.00187,0.04083,0,0
74,250,250,25,0,0.0,0.0027,0.00516,0.03999,0.00188,0.04091,0,0
75,250,250,25,0,0.0,0.00256,0.00491,0.03998,0.00186,0.04085,0,0
76,250,250,25,0,0.0,0.00283,0.00522,0.03998,0.00187,0.04083,0,0
77,250,150,15,1,0.4,0.00281,0.00512,0.06659,0.09933,0.43818,0,0
78,250,250,25,0,0.0,0.00263,0.00494,0.03996,0.00187,0.04081,1,0
79,250,250,25,0,0.0,0.0028,0.00525,0.0402,0.00167,0.0415,0,0
80,250,250,25,0,0.0,0.00282,0.00521,0.03999,0.00187,0.04084,0,0
81,250,250,25,0,0.0,0.00256,0.00507,0.04,0.00188,0.04088,0,0
82,250,250,25,0,0.0,0.00263,0.00499,0.03981,0.00204,0.04087,0,0
83,250,250,25,0,0.0,0.00285,0.0052,0.04019,0.00165,0.04086,0,0
84,250,250,25,0,0.0,0.00262,0.00493,0.03999,0.00187,0.04084,0,0
85,250,150,16,1,0.4,0.00304,0.01426,0.06243,0.08777,0.40227,0,0
86,250,250,25,0,0.0,0.00248,0.0049,0.03997,0.00187,0.04083,0,0
87,250,250,25,0,0.0,0.00269,0.00504,0.03998,0.00186,0.04083,0,0
88,250,250,25,0,0.0,0.00265,0.00515,0.03998,0.00187,0.04085,0,0
89,250,250,25,0,0.0,0.00275,0.00523,0.04,0.00187,0.04089,0,0
90,250,150,16,1,0.4,0.00461,0.02848,0.06248,0.0879,0.40284,0,0
91,250,250,25,0,0.0,0.00269,0.00503,0.03998,0.00187,0.04084,0,0
92,250,250,25,0,0.0,0.00261,0.00502,0.03999,0.00187,0.04085,0,0
93,250,250,25,0,0.0,0.00256,0.00502,0.03999,0.00187,0.0409,0,0
94,250,250,25,0,0.0,0.00246,0.00493,0.04001,0.00187,0.04094,0,0
95,250,250,25,0,0.0,0.00269,0.00521,0.04001,0.00187,0.04088,0,0
96,250,250,25,0,0.0,0.0026,0.00485,0.04005,0.00186,0.04101,0,0
97,250,250,25,0,0.0,0.00255,0.0049,0.04,0.00188,0.0409,0,0
98,250,150,16,1,0.4,0.00399,0.02099,0.06241,0.08773,0.40208,0,0
99,250,250,25,0,0.0,0.0027,0.00523,0.04,0.00187,0.04096,0,0
100,250,250,25,0,0.0,0.00274,0.00507,0.03999,0.00187,0.04086,0,0
101,250,250,25,0,0.0,0.00264,0.00527,0.04002,0.00187,0.04098,0,0
102,250,250,25,0,0.0,0.0025,0.00482,0.04002,0.00187,0.04096,0,0
103,250,250,25,0,0.0,0.0025,0.00493,0.03999,0.00188,0.04094,0,0
104,250,250,25,0,0.0,0.00255,0.005,0.03999,0.00187,0.0409,0,0
105,250,250,25,0,0.0,0.00286,0.00514,0.03999,0.00188,0.04094,0,0
106,250,250,25,0,0.0,0.0027,0.00508,0.03999,0.00187,0.04086,0,0
107,250,150,16,1,0.4,0.00455,0.03039,0.06276,0.08774,0.40252,0,0
108,250,250,25,0,0.0,0.00269,0.0052,0.03999,0.00186,0.04085,0,0
109,250,250,25,0,0.0,0.00258,0.00507,0.03999,0.00186,0.04086,1,0
110,250,250,25,0,0.0,0.00272,0.00507,0.04002,0.00189,0.04161,0,0
111,250,250,25,0,0.0,0.00241,0.00479,0.03981,0.00205,0.04091,0,0
112,250,250,25,0,0.0,0.00274,0.00515,0.04001,0.00188,0.04098,0,0
113,250,156,16,0,0.0,0.00354,0.01963,0.04019,0.00169,0.04107,0,0
114,250,244,25,1,0.4,0.0027,0.00515,0.05428,0.07016,0.39786,0,0
115,250,250,25,0,0.0,0.00264,0.00504,0.04018,0.00166,0.04087,0,0
116,250,250,25,0,0.0,0.00273,0.00516,0.04,0.00187,0.04084,0,0
117,250,250,25,0,0.0,0.00264,0.00499,0.03999,0.00187,0.04086,1,0
118,250,250,25,0,0.0,0.00242,0.00467,0.03982,0.00206,0.04176,0,0
119,250,250,25,0,0.0,0.00279,0.00512,0.04017,0.00166,0.04088,0,0
120,250,250,25,0,0.0,0.00254,0.00515,0.03998,0.00186,0.04083,0,0
121,250,250,25,0,0.0,0.00285,0.00497,0.04003,0.00187,0.04094,0,0
122,250,250,25,0,0.0,0.00263,0.00517,0.03996,0.00186,0.04084,0,0
123,250,250,25,0,0.0,0.0025,0.00487,0.03999,0.00186,0.04089,0,0
124,250,150,16,1,0.4,0.00418,0.02828,0.06242,0.08648,0.39731,0,0
125,250,250,25,0,0.0,0.00266,0.00511,0.03996,0.00186,0.04082,0,0
126,250,250,25,0,0.0,0.00274,0.00523,0.03997,0.00186,0.04083,0,0
127,250,250,25,0,0.0,0.0027,0.00511,0.04018,0.00165,0.04088,0,0
128,250,250,25,0,0.0,0.00264,0.00511,0.03997,0.00186,0.04081,0,0
129,250,250,25,0,0.0,0.00268,0.00512,0.03999,0.00188,0.04107,0,0
130,250,250,25,0,0.0,0.00276,0.00524,0.03998,0.00186,0.04083,0,0
131,250,205,21,0,0.0,0.00367,0.02034,0.03985,0.00201,0.04096,0,0
132,250,195,20,1,0.4,0.0025,0.00483,0.05812,0.07902,0.40245,0,0
133,250,250,25,0,0.0,0.00269,0.00516,0.03998,0.00186,0.04081,1,0
134,250,250,25,0,0.0,0.00264,0.00514,0.04001,0.0019,0.04156,0,0
135,250,250,25,0,0.0,0.0026,0.00508,0.03997,0.00187,0.04085,0,0
136,250,250,25,0,0.0,0.00256,0.0049,0.03998,0.00187,0.04085,0,0
137,250,250,25,0,0.0,0.0027,0.00513,0.04001,0.00185,0.04106,0,0
138,250,250,25,0,0.0,0.00257,0.00511,0.03997,0.00187,0.04087,0,0
139,250,150,16,1,0.4,0.00512,0.04088,0.06247,0.08645,0.39722,0,0
140,250,250,25,0,0.0,0.00278,0.00516,0.04018,0.00167,0.04085,0,0
141,250,250,25,0,0.0,0.00262,0.00502,0.03998,0.00187,0.04084,0,0
142,250,250,25,0,0.0,0.00238,0.00483,0.03996,0.00186,0.04084,0,0
143,250,250,25,0,0.0,0.00265,0.00501,0.03997,0.00186,0.04083,0,0
144,250,250,25,0,0.0,0.00251,0.00499,0.03999,0.00186,0.04088,0,0
145,250,250,25,0,0.0,0.0025,0.005,0.04,0.00186,0.0409,0,0
146,250,250,25,0,0.0,0.00279,0.00527,0.04,0.00187,0.04091,0,0
147,250,250,25,0,0.0,0.00277,0.00517,0.03997,0.00187,0.04082,0,0
148,250,150,15,1,0.4,0.00302,0.00513,0.06659,0.09929,0.43806,0,0
149,250,250,25,0,0.0,0.00271,0.00513,0.03997,0.00186,0.04089,0,0
150,250,250,25,0,0.0,0.00265,0.00503,0.04018,0.00165,0.04085,1,0
151,250,250,25,0,0.0,0.00231,0.00449,0.03998,0.00179,0.04081,0,0
152,250,250,25,0,0.0,0.00267,0.00514,0.03998,0.00186,0.04084,0,0
153,250,250,25,0,0.0,0.0027,0.00505,0.04002,0.00187,0.04097,0,0
154,250,150,15,1,0.4,0.00267,0.00486,0.06663,0.10064,0.44311,0,0
155,250,250,25,0,0.0,0.00272,0.00525,0.03997,0.00187,0.0409,0,0
156,250,250,25,0,0.0,0.0027,0.00512,0.03998,0.00186,0.04087,0,0
157,250,250,25,0,0.0,0.0027,0.00524,0.04001,0.00188,0.04097,0,0
158,250,250,25,0,0.0,0.00253,0.00492,0.03997,0.00187,0.04082,0,0
159,250,250,25,0,0.0,0.00279,0.00513,0.03998,0.00188,0.04088,0,0
160,250,250,25,0,0.0,0.00255,0.00491,0.03999,0.00188,0.04086,0,0
161,250,250,25,0,0.0,0.00263,0.00515,0.03999,0.00187,0.04085,0,0
162,250,250,25,0,0.0,0.00266,0.00503,0.03999,0.00187,0.04086,0,0
163,250,250,25,0,0.0,0.00272,0.00528,0.03998,0.00187,0.04089,0,0
164,250,233,24,0,0.0,0.0038,0.0319,0.04016,0.00169,0.04083,0,0
165,250,167,17,1,0.4,0.00278,0.00493,0.06121,0.08415,0.39775,0,0
166,250,250,25,0,0.0,0.00268,0.00515,0.03998,0.00187,0.04083,0,0
167,250,250,25,0,0.0,0.00246,0.00495,0.03998,0.00187,0.04084,0,0
168,250,250,25,0,0.0,0.00264,0.00501,0.03998,0.00186,0.04083,0,0
169,250,250,25,0,0.0,0.00277,0.00523,0.03998,0.00187,0.04083,0,0
170,250,250,25,0,0.0,0.00268,0.00522,0.03998,0.00187,0.04087,0,0
171,250,250,25,0,0.0,0.00272,0.00521,0.04001,0.00187,0.0409,0,0
172,250,150,16,1,0.4,0.00451,0.03891,0.06248,0.08654,0.39757,0,0
173,250,250,25,0,0.0,0.00277,0.00513,0.03998,0.00187,0.04089,0,0
174,250,250,25,0,0.0,0.0026,0.00492,0.03997,0.00187,0.04083,0,0
175,250,250,25,0,0.0,0.00275,0.00513,0.04017,0.00165,0.04084,1,0
176,250,250,25,0,0.0,0.00261,0.00516,0.03983,0.00206,0.04163,0,0
177,250,250,25,0,0.0,0.0027,0.00519,0.03999,0.00185,0.04089,0,0
178,250,250,25,0,0.0,0.00253,0.0051,0.04002,0.00189,0.04093,0,0
179,250,250,25,0,0.0,0.0028,0.00522,0.03999,0.00188,0.04086,0,0
180,250,250,25,0,0.0,0.00263,0.00513,0.03999,0.00187,0.04085,0,0
181,250,194,20,0,0.0,0.00402,0.0255,0.04006,0.00182,0.04086,0,0
182,250,206,21,1,0.4,0.00286,0.00506,0.0573,0.07724,0.40262,0,0
183,250,250,25,0,0.0,0.00261,0.00517,0.03998,0.00187,0.04084,0,0
184,250,250,25,0,0.0,0.00272,0.00522,0.03997,0.00187,0.04084,0,0
185,250,250,25,0,0.0,0.00266,0.00511,0.03998,0.00187,0.04091,0,0
186,250,250,25,0,0.0,0.00253,0.00515,0.03999,0.00187,0.04095,0,0
187,250,250,25,0,0.0,0.00269,0.00514,0.03997,0.00188,0.04084,0,0
188,250,150,16,1,0.4,0.00335,0.00947,0.06243,0.08781,0.40241,0,0
189,250,250,25,0,0.0,0.00264,0.00512,0.04,0.00187,0.04088,0,0
190,250,250,25,0,0.0,0.00263,0.00497,0.03999,0.00186,0.04084,0,0
191,250,250,25,0,0.0,0.00263,0.00514,0.03999,0.00188,0.04085,0,0
192,250,250,25,0,0.0,0.00278,0.00515,0.04019,0.00165,0.04084,0,0
193,250,250,25,0,0.0,0.00261,0.00506,0.04,0.00187,0.0409,0,0
194,250,250,25,0,0.0,0.00269,0.00507,0.04,0.00187,0.04087,0,0
195,250,250,25,0,0.0,0.00244,0.00493,0.03997,0.00187,0.04085,0,0
196,250,250,25,0,0.0,0.00263,0.00504,0.03998,0.00187,0.04084,0,0
197,250,202,21,0,0.0,0.0045,0.03668,0.04005,0.00178,0.0408,0,0
198,250,198,20,1,0.4,0.00265,0.00515,0.05787,0.07791,0.39739,1,0
199,250,250,25,0,0.0,0.00288,0.00526,0.04004,0.00189,0.04163,0,0
200,250,250,25,0,0.0,0.00243,0.00482,0.03998,0.00187,0.04084,0,0
201,250,250,25,0,0.0,0.00265,0.00498,0.03999,0.00186,0.04091,0,0
202,250,250,25,0,0.0,0.00284,0.00525,0.04001,0.00186,0.04087,0,0
203,250,250,25,0,0.0,0.00269,0.00513,0.03999,0.00187,0.04086,0,0
204,250,250,25,0,0.0,0.00257,0.00516,0.03999,0.00187,0.04092,0,0
205,250,150,16,1,0.4,0.00325,0.00513,0.06243,0.08782,0.40246,0,0
206,250,250,25,0,0.0,0.00256,0.0048,0.04002,0.00187,0.04087,1,0
207,250,250,25,0,0.0,0.00252,0.00494,0.04002,0.0019,0.04177,0,0
208,250,250,25,0,0.0,0.00259,0.00493,0.03997,0.00187,0.04082,0,0
209,250,250,25,0,0.0,0.00254,0.00487,0.03998,0.00186,0.04085,0,0
210,250,250,25,0,0.0,0.00284,0.00529,0.04018,0.00162,0.04092,0,0
211,250,250,25,0,0.0,0.00272,0.00503,0.03999,0.00188,0.04086,0,0
212,250,250,25,0,0.0,0.00272,0.00522,0.03999,0.00187,0.04085,0,0
213,250,221,23,0,0.0,0.00395,0.03887,0.03992,0.00193,0.04088,0,0
214,250,179,18,1,0.4,0.00245,0.00466,0.06008,0.08191,0.39775,1,0
215,250,250,25,0,0.0,0.00282,0.00521,0.04003,0.00189,0.04177,0,0
216,250,250,25,0,0.0,0.00278,0.00522,0.04,0.00186,0.04087,0,0
217,250,250,25,0,0.0,0.00291,0.00521,0.03982,0.00205,0.04093,0,0
218,250,250,25,0,0.0,0.00274,0.00521,0.04004,0.00187,0.04095,0,0
219,250,250,25,0,0.0,0.00268,0.00514,0.03999,0.00187,0.04092,0,0
220,250,250,25,0,0.0,0.00272,0.00519,0.04,0.00188,0.04091,0,0
221,250,250,25,0,0.0,0.00275,0.0051,0.03996,0.00186,0.04081,0,0
222,250,150,16,1,0.4,0.00484,0.03249,0.06276,0.08641,0.39741,0,0
223,250,250,25,0,0.0,0.00263,0.00513,0.03998,0.00187,0.04083,0,0
224,250,250,25,0,0.0,0.00265,0.00517,0.03997,0.00187,0.04084,0,0
225,250,250,25,0,0.0,0.00282,0.00521,0.03999,0.00187,0.04086,0,0
226,250,250,25,0,0.0,0.00265,0.005,0.04001,0.00188,0.04113,0,0
227,250,250,25,0,0.0,0.00277,0.00515,0.03998,0.00186,0.04085,0,0
228,250,150,16,1,0.4,0.00463,0.03249,0.06244,0.08649,0.39736,0,0
229,250,250,25,0,0.0,0.00278,0.0052,0.03998,0.00187,0.04087,0,0
230,250,250,25,0,0.0,0.00268,0.00508,0.03997,0.00187,0.04088,0,0
231,250,250,25,0,0.0,0.00283,0.00514,0.04017,0.00165,0.04084,0,0
232,250,250,25,0,0.0,0.00251,0.00479,0.03997,0.00186,0.04087,0,0
233,250,250,25,0,0.0,0.00277,0.00511,0.03999,0.00185,0.04091,0,0
234,250,250,25,0,0.0,0.00257,0.00478,0.04002,0.00187,0.04092,0,0
235,250,250,25,0,0.0,0.00259,0.00516,0.03998,0.00187,0.04083,0,0
236,250,250,25,0,0.0,0.00262,0.00505,0.03996,0.00187,0.04081,0,0
237,250,198,20,0,0.0,0.00305,0.01152,0.04003,0.00182,0.04085,0,0
238,250,202,21,1,0.4,0.00268,0.00521,0.05703,0.07617,0.39758,1,0
239,250,250,25,0,0.0,0.00275,0.00505,0.04,0.0018,0.04083,0,0
240,250,250,26,0,0.0,0.00387,0.02814,0.03844,0.00696,0.04084,0,0
241,250,250,25,0,0.0,0.00266,0.00514,0.03999,0.00186,0.04085,0,0
242,250,250,25,0,0.0,0.0027,0.00516,0.04,0.00186,0.04083,0,0
243,250,250,25,0,0.0,0.00274,0.00517,0.0402,0.00167,0.0411,0,0
244,250,250,25,0,0.0,0.00271,0.00508,0.03997,0.00186,0.04084,0,0
245,250,250,25,0,0.0,0.00252,0.00502,0.03999,0.00187,0.04085,0,0
246,250,168,17,0,0.0,0.00291,0.01063,0.03991,0.00194,0.04083,0,0
247,250,232,24,1,0.4,0.00252,0.00504,0.05503,0.07144,0.39754,1,0
248,250,250,25,0,0.0,0.00254,0.00496,0.04,0.00189,0.04158,0,0
249,250,250,25,0,0.0,0.00269,0.00515,0.03998,0.00187,0.04085,0,0
250,250,250,25,0,0.0,0.00262,0.0052,0.03998,0.00187,0.04084,0,0
251,250,250,25,0,0.0,0.00284,0.00521,0.04001,0.00188,0.04088,0,0
252,250,250,25,0,0.0,0.00282,0.00513,0.03998,0.00187,0.04086,0,0
253,250,150,15,1,0.4,0.00268,0.00469,0.06663,0.09936,0.43834,0,0
254,250,250,25,0,0.0,0.0026,0.0049,0.03998,0.00187,0.04086,0,0
255,250,250,25,0,0.0,0.00255,0.0049,0.03997,0.00187,0.04086,1,0
256,250,250,25,0,0.0,0.00246,0.00505,0.04002,0.0018,0.04084,0,0
257,250,250,25,0,0.0,0.00275,0.00517,0.03997,0.00187,0.04085,0,0
258,250,250,25,0,0.0,0.00278,0.00523,0.04,0.00187,0.04087,0,0
259,250,250,26,0,0.0,0.00416,0.03613,0.03847,0.00696,0.04088,0,0
260,250,250,25,0,0.0,0.00273,0.00514,0.03998,0.00187,0.04102,0,0
261,250,250,25,0,0.0,0.00284,0.00516,0.04019,0.00165,0.04088,0,0
262,250,233,24,0,0.0,0.0037,0.03205,0.03997,0.0019,0.04086,0,0
263,250,167,17,1,0.4,0.00276,0.00514,0.06118,0.0841,0.39749,0,0
264,250,250,25,0,0.0,0.0026,0.00501,0.03998,0.00187,0.04083,0,0
265,250,250,25,0,0.0,0.00257,0.00513,0.03997,0.00187,0.04084,0,0
266,250,250,25,0,0.0,0.00267,0.00505,0.04001,0.00187,0.04085,0,0
267,250,250,25,0,0.0,0.00279,0.00522,0.04002,0.00186,0.04095,0,0
268,250,250,25,0,0.0,0.00278,0.00519,0.04,0.00186,0.04085,0,0
269,250,250,25,0,0.0,0.00261,0.00514,0.03996,0.00186,0.04084,0,0
270,250,209,21,0,0.0,0.00295,0.00789,0.04006,0.00179,0.04084,0,0
271,250,191,20,1,0.4,0.0026,0.00514,0.05785,0.07791,0.39734,0,0
272,250,250,25,0,0.0,0.0026,0.005,0.03999,0.00186,0.04093,1,0
273,250,250,25,0,0.0,0.00246,0.005,0.04004,0.00176,0.04092,0,0
274,250,250,25,0,0.0,0.0027,0.00513,0.03998,0.00187,0.04083,0,0
275,250,250,25,0,0.0,0.00267,0.00515,0.04,0.00186,0.04087,0,0
276,250,150,16,1,0.4,0.00481,0.03956,0.0625,0.0865,0.39744,0,0
277,250,250,25,0,0.0,0.0028,0.00519,0.03999,0.00186,0.04096,0,0
278,250,250,25,0,0.0,0.00274,0.00511,0.04017,0.00165,0.04081,0,0
279,250,250,25,0,0.0,0.00256,0.00516,0.03997,0.00187,0.04086,0,0
280,250,250,25,0,0.0,0.00274,0.0052,0.03999,0.00187,0.04089,1,0
281,250,250,26,0,0.0,0.00332,0.01214,0.03847,0.00695,0.04086,0,0
282,250,250,25,0,0.0,0.00277,0.00524,0.03999,0.00187,0.04089,0,0
283,250,250,25,0,0.0,0.0028,0.00521,0.04002,0.00187,0.04086,0,0
284,250,250,25,0,0.0,0.00279,0.00495,0.04002,0.00187,0.04092,0,0
285,250,250,25,0,0.0,0.0029,0.00518,0.04002,0.00188,0.0409,0,0
286,250,150,16,1,0.4,0.00452,0.02835,0.06247,0.08783,0.40256,0,0
287,250,250,25,0,0.0,0.00266,0.00515,0.04,0.00187,0.0409,0,0
288,250,250,25,0,0.0,0.00236,0.00488,0.03998,0.00187,0.04088,0,0
289,250,250,25,0,0.0,0.00264,0.00499,0.03999,0.00188,0.04115,0,0
290,250,250,25,0,0.0,0.0025,0.00495,0.03999,0.00187,0.04084,0,0
291,250,250,25,0,0.0,0.00273,0.0052,0.04,0.00187,0.04085,0,0
292,250,250,25,0,0.0,0.00265,0.00506,0.03998,0.00187,0.04091,0,0
293,250,150,16,1,0.4,0.0051,0.04125,0.06248,0.08654,0.39758,0,0
294,250,250,25,0,0.0,0.00265,0.00516,0.03998,0.00188,0.04087,0,0
295,250,250,25,0,0.0,0.00256,0.00491,0.03998,0.00187,0.04086,0,0
296,250,250,25,0,0.0,0.00273,0.0052,0.03997,0.00187,0.04085,1,0
297,250,250,25,0,0.0,0.00256,0.00522,0.04,0.0018,0.04085,0,0
298,250,250,25,0,0.0,0.00271,0.00516,0.03996,0.00187,0.04086,0,0
299,250,250,25,0,0.0,0.00272,0.00517,0.04019,0.00165,0.04084,0,0
300,250,250,25,0,0.0,0.00254,0.00487,0.0398,0.00205,0.04128,0,0
301,250,240,24,0,0.0,0.00261,0.00483,0.04,0.00192,0.04117,0,0
302,250,160,16,1,0.4,0.00313,0.00519,0.0653,0.0976,0.44324,0,0
303,250,250,25,0,0.0,0.00268,0.0051,0.03997,0.00187,0.04083,0,0
304,250,250,25,0,0.0,0.00265,0.00525,0.03999,0.00186,0.04086,1,0
305,250,250,25,0,0.0,0.00289,0.00516,0.04004,0.00175,0.04086,0,0
306,250,250,25,0,0.0,0.00257,0.00501,0.03997,0.00187,0.04085,0,0
307,250,250,25,0,0.0,0.00267,0.00515,0.03999,0.00187,0.04092,0,0
308,250,250,25,0,0.0,0.00244,0.00477,0.04001,0.00186,0.04094,0,0
309,250,246,25,0,0.0,0.00351,0.0206,0.04001,0.00187,0.04086,0,0
310,250,154,16,1,0.4,0.00285,0.00492,0.06249,0.0866,0.39782,0,0
311,250,250,25,0,0.0,0.00237,0.00488,0.03998,0.00187,0.04086,0,0
312,250,250,25,0,0.0,0.00263,0.00522,0.03998,0.00187,0.04085,0,0
313,250,250,25,0,0.0,0.00277,0.00505,0.04001,0.00187,0.04086,0,0
314,250,250,25,0,0.0,0.00283,0.00523,0.04002,0.00186,0.04093,0,0
315,250,250,25,0,0.0,0.00287,0.00505,0.04002,0.00187,0.04087,0,0
316,250,250,25,0,0.0,0.0025,0.00505,0.04001,0.00186,0.0409,0,0
317,250,250,25,0,0.0,0.00245,0.00491,0.0398,0.00204,0.04089,0,0
318,250,150,16,1,0.4,0.00293,0.0066,0.06283,0.08779,0.40276,0,0
319,250,250,25,0,0.0,0.00255,0.00498,0.0398,0.00203,0.04096,0,0
320,250,250,25,0,0.0,0.0027,0.00516,0.04019,0.00166,0.04086,1,0
321,250,250,25,0,0.0,0.00256,0.00512,0.03983,0.00208,0.0421,0,0
322,250,250,25,0,0.0,0.0026,0.00506,0.04,0.00187,0.04085,0,0
323,250,250,25,0,0.0,0.00263,0.00503,0.04,0.00187,0.04087,0,0
324,250,250,25,0,0.0,0.00275,0.00507,0.04002,0.00188,0.0411,0,0
325,250,250,25,0,0.0,0.00266,0.0052,0.04001,0.00187,0.04088,0,0
326,250,250,25,0,0.0,0.00245,0.00468,0.04001,0.00186,0.04092,0,0
327,250,163,17,0,0.0,0.00442,0.02869,0.03993,0.00195,0.04085,0,0
328,250,237,24,1,0.4,0.0026,0.00499,0.05506,0.07257,0.40299,0,0
329,250,250,25,0,0.0,0.00249,0.00496,0.03999,0.00187,0.04086,0,0
330,250,250,25,0,0.0,0.0026,0.00493,0.03997,0.00187,0.04089,0,0
331,250,250,25,0,0.0,0.0028,0.00515,0.03997,0.00187,0.04083,0,0
332,250,250,25,0,0.0,0.00291,0.00525,0.04019,0.00166,0.0411,0,0
333,250,150,16,1,0.4,0.00267,0.00695,0.0624,0.08777,0.40226,0,0
334,250,250,25,0,0.0,0.00261,0.00502,0.03995,0.00187,0.04081,0,0
335,250,250,25,0,0.0,0.00259,0.00502,0.03999,0.00187,0.04083,0,0
336,250,250,25,0,0.0,0.00275,0.00521,0.03997,0.00187,0.04083,0,0
337,250,250,25,0,0.0,0.00282,0.00514,0.03997,0.00186,0.04082,0,0
338,250,250,25,0,0.0,0.0028,0.00521,0.04019,0.00166,0.04085,0,0
339,250,250,25,0,0.0,0.00269,0.00501,0.03981,0.00204,0.04085,0,0
340,250,250,25,0,0.0,0.00263,0.00515,0.03999,0.00188,0.04098,0,0
341,250,150,16,1,0.4,0.00419,0.02785,0.06277,0.08645,0.39756,0,0
342,250,250,25,0,0.0,0.00262,0.00511,0.03997,0.00187,0.04083,0,0
343,250,250,25,0,0.0,0.00249,0.00496,0.03997,0.00186,0.04082,0,0
344,250,250,25,0,0.0,0.00288,0.00517,0.04002,0.00187,0.04096,0,0
345,250,250,25,0,0.0,0.00278,0.00512,0.03999,0.00187,0.04085,0,0
346,250,250,25,0,0.0,0.00259,0.00495,0.03999,0.00187,0.04086,0,0
347,250,250,25,0,0.0,0.00262,0.00525,0.03999,0.00187,0.04088,0,0
348,250,250,25,0,0.0,0.00271,0.00521,0.03999,0.00186,0.04088,0,0
349,250,250,25,0,0.0,0.00271,0.00503,0.03999,0.00187,0.04085,0,0
350,250,250,25,0,0.0,0.00273,0.00517,0.04,0.00187,0.04087,0,0
351,250,150,16,1,0.4,0.00329,0.01335,0.06246,0.08786,0.40264,0,0
352,250,250,25,0,0.0,0.00271,0.00506,0.03995,0.00187,0.04078,0,0
353,250,250,25,0,0.0,0.00274,0.00513,0.04018,0.00166,0.04084,0,0
354,250,250,25,0,0.0,0.00274,0.00507,0.03999,0.00186,0.04085,0,0
355,250,250,25,0,0.0,0.00252,0.00502,0.03999,0.00187,0.04096,0,0
356,250,250,25,0,0.0,0.00259,0.00502,0.03997,0.00186,0.04082,0,0
357,250,150,16,1,0.4,0.00306,0.01165,0.06243,0.08649,0.39733,0,0
358,250,250,25,0,0.0,0.00277,0.00515,0.03998,0.00188,0.04083,0,0
359,250,250,25,0,0.0,0.0025,0.0049,0.04,0.00187,0.04092,0,0
360,250,250,25,0,0.0,0.0026,0.00516,0.03998,0.00187,0.04084,0,0
361,250,250,25,0,0.0,0.00258,0.00491,0.03997,0.00187,0.04082,0,0
362,250,250,25,0,0.0,0.00271,0.00522,0.04,0.00187,0.04087,0,0
363,250,250,25,0,0.0,0.00279,0.00524,0.04,0.00187,0.0409,0,0
364,250,150,16,1,0.4,0.00479,0.0388,0.06247,0.08658,0.39774,0,0
365,250,250,25,0,0.0,0.00274,0.00516,0.03999,0.00189,0.04109,0,0
366,250,250,25,0,0.0,0.00277,0.00511,0.04018,0.00166,0.04087,0,0
367,250,250,25,0,0.0,0.00267,0.00514,0.03997,0.00188,0.04083,0,0
368,250,250,25,0,0.0,0.00257,0.00502,0.03999,0.00187,0.04085,1,0
369,250,250,25,0,0.0,0.00288,0.00524,0.04006,0.00195,0.04272,0,0
370,250,250,25,0,0.0,0.00272,0.00516,0.03997,0.00188,0.04083,0,0
371,250,250,26,0,0.0,0.00399,0.03215,0.03845,0.00696,0.04085,0,0
372,250,250,25,0,0.0,0.00275,0.00518,0.03999,0.00187,0.04085,0,0
373,250,250,25,0,0.0,0.00263,0.00522,0.04,0.00187,0.04093,0,0
374,250,150,16,1,0.4,0.005,0.03769,0.06248,0.08786,0.40268,0,0
375,250,250,25,0,0.0,0.00275,0.00514,0.03999,0.00187,0.04086,0,0
376,250,250,25,0,0.0,0.00263,0.00522,0.03997,0.00187,0.04083,1,0
377,250,250,25,0,0.0,0.00255,0.00493,0.04002,0.0019,0.0417,0,0
378,250,250,25,0,0.0,0.00268,0.0052,0.03998,0.00186,0.04086,0,0
379,250,250,25,0,0.0,0.00251,0.00488,0.04,0.00187,0.04086,0,0
380,250,250,25,0,0.0,0.00275,0.00515,0.04,0.00187,0.04087,0,0
381,250,150,16,1,0.4,0.00503,0.0374,0.06249,0.08786,0.40268,0,0
382,250,250,25,0,0.0,0.0027,0.00516,0.04001,0.00187,0.04087,0,0
383,250,250,25,0,0.0,0.00278,0.00507,0.03999,0.00186,0.04084,0,0
384,250,250,25,0,0.0,0.00272,0.00522,0.04,0.00187,0.04085,0,0
385,250,250,25,0,0.0,0.00256,0.00495,0.03999,0.00187,0.04084,1,0
386,250,235,24,0,0.0,0.00281,0.00521,0.03911,0.00435,0.04161,0,0
