exec_id,subject,run,cond,mode,bacc,reproduce_e2
s01-r0-disconnect-n10-1,1,r0,disconnect-n10-1,ceros,0.9166666666666667,
s01-r0-disconnect-n10-1,1,r0,disconnect-n10-1,interp,0.9166666666666667,
s01-r0-disconnect-n10-1,1,r0,disconnect-n10-1,hold,0.9166666666666667,
s01-r0-disconnect-n2-1,1,r0,disconnect-n2-1,ceros,0.875,
s01-r0-disconnect-n2-1,1,r0,disconnect-n2-1,interp,0.875,
s01-r0-disconnect-n2-1,1,r0,disconnect-n2-1,hold,0.875,
s01-r0-disconnect-n20-1,1,r0,disconnect-n20-1,ceros,0.9166666666666667,
s01-r0-disconnect-n20-1,1,r0,disconnect-n20-1,interp,0.9166666666666667,
s01-r0-disconnect-n20-1,1,r0,disconnect-n20-1,hold,0.9166666666666667,
s01-r0-disconnect-n5-1.25,1,r0,disconnect-n5-1.25,ceros,0.875,
s01-r0-disconnect-n5-1.25,1,r0,disconnect-n5-1.25,interp,0.875,
s01-r0-disconnect-n5-1.25,1,r0,disconnect-n5-1.25,hold,0.875,
s01-r0-disconnect-n5-1.75,1,r0,disconnect-n5-1.75,ceros,0.875,
s01-r0-disconnect-n5-1.75,1,r0,disconnect-n5-1.75,interp,0.875,
s01-r0-disconnect-n5-1.75,1,r0,disconnect-n5-1.75,hold,0.875,
s01-r0-disconnect-n5-1,1,r0,disconnect-n5-1,ceros,0.875,
s01-r0-disconnect-n5-1,1,r0,disconnect-n5-1,interp,0.875,
s01-r0-disconnect-n5-1,1,r0,disconnect-n5-1,hold,0.875,
s01-r0-disconnect-n5-2.25,1,r0,disconnect-n5-2.25,ceros,0.875,
s01-r0-disconnect-n5-2.25,1,r0,disconnect-n5-2.25,interp,0.875,
s01-r0-disconnect-n5-2.25,1,r0,disconnect-n5-2.25,hold,0.875,
s01-r0-hold_trial-0.1,1,r0,hold_trial-0.1,ceros,0.875,
s01-r0-hold_trial-0.1,1,r0,hold_trial-0.1,interp,0.875,
s01-r0-hold_trial-0.1,1,r0,hold_trial-0.1,hold,0.875,
s01-r0-hold_trial-0.25,1,r0,hold_trial-0.25,ceros,0.9166666666666666,
s01-r0-hold_trial-0.25,1,r0,hold_trial-0.25,interp,0.9166666666666666,
s01-r0-hold_trial-0.25,1,r0,hold_trial-0.25,hold,0.9166666666666666,
s01-r0-hold_trial-0.4,1,r0,hold_trial-0.4,ceros,0.875,
s01-r0-hold_trial-0.4,1,r0,hold_trial-0.4,interp,0.875,
s01-r0-hold_trial-0.4,1,r0,hold_trial-0.4,hold,0.875,
s01-r0-ref,1,r0,ref,ceros,0.875,
s01-r0-ref,1,r0,ref,interp,0.875,
s01-r0-ref,1,r0,ref,hold,0.875,
s01-r1-disconnect-n10-1,1,r1,disconnect-n10-1,ceros,0.9166666666666667,
s01-r1-disconnect-n10-1,1,r1,disconnect-n10-1,interp,0.9166666666666667,
s01-r1-disconnect-n10-1,1,r1,disconnect-n10-1,hold,0.9166666666666667,
s01-r1-disconnect-n2-1,1,r1,disconnect-n2-1,ceros,0.9166666666666667,
s01-r1-disconnect-n2-1,1,r1,disconnect-n2-1,interp,0.9166666666666667,
s01-r1-disconnect-n2-1,1,r1,disconnect-n2-1,hold,0.9166666666666667,
s01-r1-disconnect-n20-1,1,r1,disconnect-n20-1,ceros,0.9166666666666667,
s01-r1-disconnect-n20-1,1,r1,disconnect-n20-1,interp,0.9166666666666667,
s01-r1-disconnect-n20-1,1,r1,disconnect-n20-1,hold,0.9166666666666667,
s01-r1-disconnect-n5-1,1,r1,disconnect-n5-1,ceros,0.9166666666666667,
s01-r1-disconnect-n5-1,1,r1,disconnect-n5-1,interp,0.9166666666666667,
s01-r1-disconnect-n5-1,1,r1,disconnect-n5-1,hold,0.9166666666666667,
s01-r1-hold_trial-0.1,1,r1,hold_trial-0.1,ceros,0.9583333333333333,
s01-r1-hold_trial-0.1,1,r1,hold_trial-0.1,interp,0.9583333333333333,
s01-r1-hold_trial-0.1,1,r1,hold_trial-0.1,hold,0.9583333333333333,
s01-r1-hold_trial-0.25,1,r1,hold_trial-0.25,ceros,0.9166666666666666,
s01-r1-hold_trial-0.25,1,r1,hold_trial-0.25,interp,0.9166666666666666,
s01-r1-hold_trial-0.25,1,r1,hold_trial-0.25,hold,0.9166666666666666,
s01-r1-hold_trial-0.4,1,r1,hold_trial-0.4,ceros,0.8333333333333333,
s01-r1-hold_trial-0.4,1,r1,hold_trial-0.4,interp,0.8333333333333333,
s01-r1-hold_trial-0.4,1,r1,hold_trial-0.4,hold,0.8333333333333333,
s01-r1-ref,1,r1,ref,ceros,0.9166666666666667,
s01-r1-ref,1,r1,ref,interp,0.9166666666666667,
s01-r1-ref,1,r1,ref,hold,0.9166666666666667,
s01-r2-disconnect-n10-1,1,r2,disconnect-n10-1,ceros,0.875,
s01-r2-disconnect-n10-1,1,r2,disconnect-n10-1,interp,0.875,
s01-r2-disconnect-n10-1,1,r2,disconnect-n10-1,hold,0.875,
s01-r2-disconnect-n2-1,1,r2,disconnect-n2-1,ceros,0.875,
s01-r2-disconnect-n2-1,1,r2,disconnect-n2-1,interp,0.875,
s01-r2-disconnect-n2-1,1,r2,disconnect-n2-1,hold,0.875,
s01-r2-disconnect-n20-1,1,r2,disconnect-n20-1,ceros,0.9583333333333333,
s01-r2-disconnect-n20-1,1,r2,disconnect-n20-1,interp,0.9583333333333333,
s01-r2-disconnect-n20-1,1,r2,disconnect-n20-1,hold,0.9583333333333333,
s01-r2-disconnect-n5-1,1,r2,disconnect-n5-1,ceros,0.875,
s01-r2-disconnect-n5-1,1,r2,disconnect-n5-1,interp,0.875,
s01-r2-disconnect-n5-1,1,r2,disconnect-n5-1,hold,0.875,
s01-r2-hold_trial-0.1,1,r2,hold_trial-0.1,ceros,0.875,
s01-r2-hold_trial-0.1,1,r2,hold_trial-0.1,interp,0.875,
s01-r2-hold_trial-0.1,1,r2,hold_trial-0.1,hold,0.875,
s01-r2-hold_trial-0.25,1,r2,hold_trial-0.25,ceros,0.8333333333333334,
s01-r2-hold_trial-0.25,1,r2,hold_trial-0.25,interp,0.8333333333333334,
s01-r2-hold_trial-0.25,1,r2,hold_trial-0.25,hold,0.8333333333333334,
s01-r2-hold_trial-0.4,1,r2,hold_trial-0.4,ceros,0.875,
s01-r2-hold_trial-0.4,1,r2,hold_trial-0.4,interp,0.875,
s01-r2-hold_trial-0.4,1,r2,hold_trial-0.4,hold,0.875,
s01-r2-ref,1,r2,ref,ceros,0.875,
s01-r2-ref,1,r2,ref,interp,0.875,
s01-r2-ref,1,r2,ref,hold,0.875,
s01-r3-disconnect-n10-1,1,r3,disconnect-n10-1,ceros,0.875,
s01-r3-disconnect-n10-1,1,r3,disconnect-n10-1,interp,0.875,
s01-r3-disconnect-n10-1,1,r3,disconnect-n10-1,hold,0.875,
s01-r3-disconnect-n2-1,1,r3,disconnect-n2-1,ceros,0.9166666666666667,
s01-r3-disconnect-n2-1,1,r3,disconnect-n2-1,interp,0.9166666666666667,
s01-r3-disconnect-n2-1,1,r3,disconnect-n2-1,hold,0.9166666666666667,
s01-r3-disconnect-n20-1,1,r3,disconnect-n20-1,ceros,0.875,
s01-r3-disconnect-n20-1,1,r3,disconnect-n20-1,interp,0.875,
s01-r3-disconnect-n20-1,1,r3,disconnect-n20-1,hold,0.875,
s01-r3-disconnect-n5-1,1,r3,disconnect-n5-1,ceros,0.9166666666666667,
s01-r3-disconnect-n5-1,1,r3,disconnect-n5-1,interp,0.9166666666666667,
s01-r3-disconnect-n5-1,1,r3,disconnect-n5-1,hold,0.9166666666666667,
s01-r3-hold_trial-0.1,1,r3,hold_trial-0.1,ceros,0.875,
s01-r3-hold_trial-0.1,1,r3,hold_trial-0.1,interp,0.875,
s01-r3-hold_trial-0.1,1,r3,hold_trial-0.1,hold,0.875,
s01-r3-hold_trial-0.25,1,r3,hold_trial-0.25,ceros,0.7916666666666667,
s01-r3-hold_trial-0.25,1,r3,hold_trial-0.25,interp,0.7916666666666667,
s01-r3-hold_trial-0.25,1,r3,hold_trial-0.25,hold,0.7916666666666667,
s01-r3-hold_trial-0.4,1,r3,hold_trial-0.4,ceros,0.75,
s01-r3-hold_trial-0.4,1,r3,hold_trial-0.4,interp,0.75,
s01-r3-hold_trial-0.4,1,r3,hold_trial-0.4,hold,0.75,
s01-r3-ref,1,r3,ref,ceros,0.9166666666666667,
s01-r3-ref,1,r3,ref,interp,0.9166666666666667,
s01-r3-ref,1,r3,ref,hold,0.9166666666666667,
s01-r4-disconnect-n10-1,1,r4,disconnect-n10-1,ceros,0.8333333333333333,
s01-r4-disconnect-n10-1,1,r4,disconnect-n10-1,interp,0.8333333333333333,
s01-r4-disconnect-n10-1,1,r4,disconnect-n10-1,hold,0.8333333333333333,
s01-r4-disconnect-n2-1,1,r4,disconnect-n2-1,ceros,0.8333333333333333,
s01-r4-disconnect-n2-1,1,r4,disconnect-n2-1,interp,0.8333333333333333,
s01-r4-disconnect-n2-1,1,r4,disconnect-n2-1,hold,0.8333333333333333,
s01-r4-disconnect-n20-1,1,r4,disconnect-n20-1,ceros,0.8333333333333333,
s01-r4-disconnect-n20-1,1,r4,disconnect-n20-1,interp,0.8333333333333333,
s01-r4-disconnect-n20-1,1,r4,disconnect-n20-1,hold,0.8333333333333333,
s01-r4-disconnect-n5-1,1,r4,disconnect-n5-1,ceros,0.8333333333333333,
s01-r4-disconnect-n5-1,1,r4,disconnect-n5-1,interp,0.8333333333333333,
s01-r4-disconnect-n5-1,1,r4,disconnect-n5-1,hold,0.8333333333333333,
s01-r4-hold_trial-0.1,1,r4,hold_trial-0.1,ceros,0.7916666666666666,
s01-r4-hold_trial-0.1,1,r4,hold_trial-0.1,interp,0.7916666666666666,
s01-r4-hold_trial-0.1,1,r4,hold_trial-0.1,hold,0.7916666666666666,
s01-r4-hold_trial-0.25,1,r4,hold_trial-0.25,ceros,0.7083333333333333,
s01-r4-hold_trial-0.25,1,r4,hold_trial-0.25,interp,0.7083333333333333,
s01-r4-hold_trial-0.25,1,r4,hold_trial-0.25,hold,0.7083333333333333,
s01-r4-hold_trial-0.4,1,r4,hold_trial-0.4,ceros,0.7083333333333334,
s01-r4-hold_trial-0.4,1,r4,hold_trial-0.4,interp,0.7083333333333334,
s01-r4-hold_trial-0.4,1,r4,hold_trial-0.4,hold,0.7083333333333334,
s01-r4-ref,1,r4,ref,ceros,0.8333333333333333,
s01-r4-ref,1,r4,ref,interp,0.8333333333333333,
s01-r4-ref,1,r4,ref,hold,0.8333333333333333,
s02-r0-disconnect-n10-1,2,r0,disconnect-n10-1,ceros,0.625,
s02-r0-disconnect-n10-1,2,r0,disconnect-n10-1,interp,0.625,
s02-r0-disconnect-n10-1,2,r0,disconnect-n10-1,hold,0.625,
s02-r0-disconnect-n2-1,2,r0,disconnect-n2-1,ceros,0.5416666666666667,
s02-r0-disconnect-n2-1,2,r0,disconnect-n2-1,interp,0.5416666666666667,
s02-r0-disconnect-n2-1,2,r0,disconnect-n2-1,hold,0.5416666666666667,
s02-r0-disconnect-n20-1,2,r0,disconnect-n20-1,ceros,0.5416666666666667,
s02-r0-disconnect-n20-1,2,r0,disconnect-n20-1,interp,0.5416666666666667,
s02-r0-disconnect-n20-1,2,r0,disconnect-n20-1,hold,0.5416666666666667,
s02-r0-disconnect-n5-1.25,2,r0,disconnect-n5-1.25,ceros,0.5416666666666667,
s02-r0-disconnect-n5-1.25,2,r0,disconnect-n5-1.25,interp,0.5416666666666667,
s02-r0-disconnect-n5-1.25,2,r0,disconnect-n5-1.25,hold,0.5416666666666667,
s02-r0-disconnect-n5-1.75,2,r0,disconnect-n5-1.75,ceros,0.5,
s02-r0-disconnect-n5-1.75,2,r0,disconnect-n5-1.75,interp,0.5,
s02-r0-disconnect-n5-1.75,2,r0,disconnect-n5-1.75,hold,0.5,
s02-r0-disconnect-n5-1,2,r0,disconnect-n5-1,ceros,0.5833333333333333,
s02-r0-disconnect-n5-1,2,r0,disconnect-n5-1,interp,0.5833333333333333,
s02-r0-disconnect-n5-1,2,r0,disconnect-n5-1,hold,0.5833333333333333,
s02-r0-disconnect-n5-2.25,2,r0,disconnect-n5-2.25,ceros,0.5,
s02-r0-disconnect-n5-2.25,2,r0,disconnect-n5-2.25,interp,0.5,
s02-r0-disconnect-n5-2.25,2,r0,disconnect-n5-2.25,hold,0.5,
s02-r0-hold_trial-0.1,2,r0,hold_trial-0.1,ceros,0.6666666666666667,
s02-r0-hold_trial-0.1,2,r0,hold_trial-0.1,interp,0.6666666666666667,
s02-r0-hold_trial-0.1,2,r0,hold_trial-0.1,hold,0.6666666666666667,
s02-r0-hold_trial-0.25,2,r0,hold_trial-0.25,ceros,0.6666666666666667,
s02-r0-hold_trial-0.25,2,r0,hold_trial-0.25,interp,0.6666666666666667,
s02-r0-hold_trial-0.25,2,r0,hold_trial-0.25,hold,0.6666666666666667,
s02-r0-hold_trial-0.4,2,r0,hold_trial-0.4,ceros,0.375,
s02-r0-hold_trial-0.4,2,r0,hold_trial-0.4,interp,0.375,
s02-r0-hold_trial-0.4,2,r0,hold_trial-0.4,hold,0.375,
s02-r0-ref,2,r0,ref,ceros,0.5416666666666667,
s02-r0-ref,2,r0,ref,interp,0.5416666666666667,
s02-r0-ref,2,r0,ref,hold,0.5416666666666667,
s02-r1-disconnect-n10-1,2,r1,disconnect-n10-1,ceros,0.5416666666666667,
s02-r1-disconnect-n10-1,2,r1,disconnect-n10-1,interp,0.5416666666666667,
s02-r1-disconnect-n10-1,2,r1,disconnect-n10-1,hold,0.5416666666666667,
s02-r1-disconnect-n2-1,2,r1,disconnect-n2-1,ceros,0.5416666666666667,
s02-r1-disconnect-n2-1,2,r1,disconnect-n2-1,interp,0.5416666666666667,
s02-r1-disconnect-n2-1,2,r1,disconnect-n2-1,hold,0.5416666666666667,
s02-r1-disconnect-n20-1,2,r1,disconnect-n20-1,ceros,0.625,
s02-r1-disconnect-n20-1,2,r1,disconnect-n20-1,interp,0.625,
s02-r1-disconnect-n20-1,2,r1,disconnect-n20-1,hold,0.625,
s02-r1-disconnect-n5-1,2,r1,disconnect-n5-1,ceros,0.5833333333333334,
s02-r1-disconnect-n5-1,2,r1,disconnect-n5-1,interp,0.5833333333333334,
s02-r1-disconnect-n5-1,2,r1,disconnect-n5-1,hold,0.5833333333333334,
s02-r1-hold_trial-0.1,2,r1,hold_trial-0.1,ceros,0.5833333333333334,
s02-r1-hold_trial-0.1,2,r1,hold_trial-0.1,interp,0.5833333333333334,
s02-r1-hold_trial-0.1,2,r1,hold_trial-0.1,hold,0.5833333333333334,
s02-r1-hold_trial-0.25,2,r1,hold_trial-0.25,ceros,0.5416666666666667,
s02-r1-hold_trial-0.25,2,r1,hold_trial-0.25,interp,0.5416666666666667,
s02-r1-hold_trial-0.25,2,r1,hold_trial-0.25,hold,0.5416666666666667,
s02-r1-hold_trial-0.4,2,r1,hold_trial-0.4,ceros,0.5,
s02-r1-hold_trial-0.4,2,r1,hold_trial-0.4,interp,0.5,
s02-r1-hold_trial-0.4,2,r1,hold_trial-0.4,hold,0.5,
s02-r1-ref,2,r1,ref,ceros,0.5416666666666667,
s02-r1-ref,2,r1,ref,interp,0.5416666666666667,
s02-r1-ref,2,r1,ref,hold,0.5416666666666667,
s02-r2-disconnect-n10-1,2,r2,disconnect-n10-1,ceros,0.45833333333333337,
s02-r2-disconnect-n10-1,2,r2,disconnect-n10-1,interp,0.45833333333333337,
s02-r2-disconnect-n10-1,2,r2,disconnect-n10-1,hold,0.45833333333333337,
s02-r2-disconnect-n2-1,2,r2,disconnect-n2-1,ceros,0.41666666666666663,
s02-r2-disconnect-n2-1,2,r2,disconnect-n2-1,interp,0.41666666666666663,
s02-r2-disconnect-n2-1,2,r2,disconnect-n2-1,hold,0.41666666666666663,
s02-r2-disconnect-n20-1,2,r2,disconnect-n20-1,ceros,0.41666666666666663,
s02-r2-disconnect-n20-1,2,r2,disconnect-n20-1,interp,0.375,
s02-r2-disconnect-n20-1,2,r2,disconnect-n20-1,hold,0.375,
s02-r2-disconnect-n5-1,2,r2,disconnect-n5-1,ceros,0.45833333333333337,
s02-r2-disconnect-n5-1,2,r2,disconnect-n5-1,interp,0.45833333333333337,
s02-r2-disconnect-n5-1,2,r2,disconnect-n5-1,hold,0.45833333333333337,
s02-r2-hold_trial-0.1,2,r2,hold_trial-0.1,ceros,0.375,
s02-r2-hold_trial-0.1,2,r2,hold_trial-0.1,interp,0.375,
s02-r2-hold_trial-0.1,2,r2,hold_trial-0.1,hold,0.375,
s02-r2-hold_trial-0.25,2,r2,hold_trial-0.25,ceros,0.5,
s02-r2-hold_trial-0.25,2,r2,hold_trial-0.25,interp,0.5,
s02-r2-hold_trial-0.25,2,r2,hold_trial-0.25,hold,0.5,
s02-r2-hold_trial-0.4,2,r2,hold_trial-0.4,ceros,0.45833333333333337,
s02-r2-hold_trial-0.4,2,r2,hold_trial-0.4,interp,0.45833333333333337,
s02-r2-hold_trial-0.4,2,r2,hold_trial-0.4,hold,0.45833333333333337,
s02-r2-ref,2,r2,ref,ceros,0.41666666666666663,
s02-r2-ref,2,r2,ref,interp,0.41666666666666663,
s02-r2-ref,2,r2,ref,hold,0.41666666666666663,
s02-r3-disconnect-n10-1,2,r3,disconnect-n10-1,ceros,0.41666666666666663,
s02-r3-disconnect-n10-1,2,r3,disconnect-n10-1,interp,0.41666666666666663,
s02-r3-disconnect-n10-1,2,r3,disconnect-n10-1,hold,0.41666666666666663,
s02-r3-disconnect-n2-1,2,r3,disconnect-n2-1,ceros,0.41666666666666663,
s02-r3-disconnect-n2-1,2,r3,disconnect-n2-1,interp,0.41666666666666663,
s02-r3-disconnect-n2-1,2,r3,disconnect-n2-1,hold,0.41666666666666663,
s02-r3-disconnect-n20-1,2,r3,disconnect-n20-1,ceros,0.33333333333333337,
s02-r3-disconnect-n20-1,2,r3,disconnect-n20-1,interp,0.375,
s02-r3-disconnect-n20-1,2,r3,disconnect-n20-1,hold,0.3333333333333333,
s02-r3-disconnect-n5-1,2,r3,disconnect-n5-1,ceros,0.41666666666666663,
s02-r3-disconnect-n5-1,2,r3,disconnect-n5-1,interp,0.41666666666666663,
s02-r3-disconnect-n5-1,2,r3,disconnect-n5-1,hold,0.41666666666666663,
s02-r3-hold_trial-0.1,2,r3,hold_trial-0.1,ceros,0.45833333333333337,
s02-r3-hold_trial-0.1,2,r3,hold_trial-0.1,interp,0.45833333333333337,
s02-r3-hold_trial-0.1,2,r3,hold_trial-0.1,hold,0.45833333333333337,
s02-r3-hold_trial-0.25,2,r3,hold_trial-0.25,ceros,0.41666666666666663,
s02-r3-hold_trial-0.25,2,r3,hold_trial-0.25,interp,0.41666666666666663,
s02-r3-hold_trial-0.25,2,r3,hold_trial-0.25,hold,0.41666666666666663,
s02-r3-hold_trial-0.4,2,r3,hold_trial-0.4,ceros,0.3333333333333333,
s02-r3-hold_trial-0.4,2,r3,hold_trial-0.4,interp,0.3333333333333333,
s02-r3-hold_trial-0.4,2,r3,hold_trial-0.4,hold,0.3333333333333333,
s02-r3-ref,2,r3,ref,ceros,0.41666666666666663,
s02-r3-ref,2,r3,ref,interp,0.41666666666666663,
s02-r3-ref,2,r3,ref,hold,0.41666666666666663,
s02-r4-disconnect-n10-1,2,r4,disconnect-n10-1,ceros,0.5416666666666666,
s02-r4-disconnect-n10-1,2,r4,disconnect-n10-1,interp,0.5416666666666666,
s02-r4-disconnect-n10-1,2,r4,disconnect-n10-1,hold,0.5416666666666666,
s02-r4-disconnect-n2-1,2,r4,disconnect-n2-1,ceros,0.5416666666666666,
s02-r4-disconnect-n2-1,2,r4,disconnect-n2-1,interp,0.5416666666666666,
s02-r4-disconnect-n2-1,2,r4,disconnect-n2-1,hold,0.5416666666666666,
s02-r4-disconnect-n20-1,2,r4,disconnect-n20-1,ceros,0.5,
s02-r4-disconnect-n20-1,2,r4,disconnect-n20-1,interp,0.5,
s02-r4-disconnect-n20-1,2,r4,disconnect-n20-1,hold,0.5,
s02-r4-disconnect-n5-1,2,r4,disconnect-n5-1,ceros,0.5833333333333333,
s02-r4-disconnect-n5-1,2,r4,disconnect-n5-1,interp,0.5833333333333333,
s02-r4-disconnect-n5-1,2,r4,disconnect-n5-1,hold,0.5833333333333333,
s02-r4-hold_trial-0.1,2,r4,hold_trial-0.1,ceros,0.5833333333333334,
s02-r4-hold_trial-0.1,2,r4,hold_trial-0.1,interp,0.5833333333333334,
s02-r4-hold_trial-0.1,2,r4,hold_trial-0.1,hold,0.5833333333333334,
s02-r4-hold_trial-0.25,2,r4,hold_trial-0.25,ceros,0.4166666666666667,
s02-r4-hold_trial-0.25,2,r4,hold_trial-0.25,interp,0.4166666666666667,
s02-r4-hold_trial-0.25,2,r4,hold_trial-0.25,hold,0.4166666666666667,
s02-r4-hold_trial-0.4,2,r4,hold_trial-0.4,ceros,0.4166666666666667,
s02-r4-hold_trial-0.4,2,r4,hold_trial-0.4,interp,0.4166666666666667,
s02-r4-hold_trial-0.4,2,r4,hold_trial-0.4,hold,0.4166666666666667,
s02-r4-ref,2,r4,ref,ceros,0.5416666666666666,
s02-r4-ref,2,r4,ref,interp,0.5416666666666666,
s02-r4-ref,2,r4,ref,hold,0.5416666666666666,
s03-r0-disconnect-n10-1,3,r0,disconnect-n10-1,ceros,0.9583333333333333,
s03-r0-disconnect-n10-1,3,r0,disconnect-n10-1,interp,0.9583333333333333,
s03-r0-disconnect-n10-1,3,r0,disconnect-n10-1,hold,0.9583333333333333,
s03-r0-disconnect-n2-1,3,r0,disconnect-n2-1,ceros,0.9583333333333333,
s03-r0-disconnect-n2-1,3,r0,disconnect-n2-1,interp,0.9583333333333333,
s03-r0-disconnect-n2-1,3,r0,disconnect-n2-1,hold,0.9583333333333333,
s03-r0-disconnect-n20-1,3,r0,disconnect-n20-1,ceros,1.0,
s03-r0-disconnect-n20-1,3,r0,disconnect-n20-1,interp,1.0,
s03-r0-disconnect-n20-1,3,r0,disconnect-n20-1,hold,1.0,
s03-r0-disconnect-n5-1.25,3,r0,disconnect-n5-1.25,ceros,0.9583333333333333,
s03-r0-disconnect-n5-1.25,3,r0,disconnect-n5-1.25,interp,0.9583333333333333,
s03-r0-disconnect-n5-1.25,3,r0,disconnect-n5-1.25,hold,0.9583333333333333,
s03-r0-disconnect-n5-1.75,3,r0,disconnect-n5-1.75,ceros,0.9583333333333333,
s03-r0-disconnect-n5-1.75,3,r0,disconnect-n5-1.75,interp,0.9583333333333333,
s03-r0-disconnect-n5-1.75,3,r0,disconnect-n5-1.75,hold,0.9583333333333333,
s03-r0-disconnect-n5-1,3,r0,disconnect-n5-1,ceros,0.9583333333333333,
s03-r0-disconnect-n5-1,3,r0,disconnect-n5-1,interp,0.9583333333333333,
s03-r0-disconnect-n5-1,3,r0,disconnect-n5-1,hold,0.9583333333333333,
s03-r0-disconnect-n5-2.25,3,r0,disconnect-n5-2.25,ceros,0.9583333333333333,
s03-r0-disconnect-n5-2.25,3,r0,disconnect-n5-2.25,interp,0.9583333333333333,
s03-r0-disconnect-n5-2.25,3,r0,disconnect-n5-2.25,hold,0.9583333333333333,
s03-r0-hold_trial-0.1,3,r0,hold_trial-0.1,ceros,1.0,
s03-r0-hold_trial-0.1,3,r0,hold_trial-0.1,interp,1.0,
s03-r0-hold_trial-0.1,3,r0,hold_trial-0.1,hold,1.0,
s03-r0-hold_trial-0.25,3,r0,hold_trial-0.25,ceros,0.875,
s03-r0-hold_trial-0.25,3,r0,hold_trial-0.25,interp,0.875,
s03-r0-hold_trial-0.25,3,r0,hold_trial-0.25,hold,0.875,
s03-r0-hold_trial-0.4,3,r0,hold_trial-0.4,ceros,0.9583333333333333,
s03-r0-hold_trial-0.4,3,r0,hold_trial-0.4,interp,0.9583333333333333,
s03-r0-hold_trial-0.4,3,r0,hold_trial-0.4,hold,0.9583333333333333,
s03-r0-ref,3,r0,ref,ceros,0.9583333333333333,
s03-r0-ref,3,r0,ref,interp,0.9583333333333333,
s03-r0-ref,3,r0,ref,hold,0.9583333333333333,
s03-r1-disconnect-n10-1,3,r1,disconnect-n10-1,ceros,1.0,
s03-r1-disconnect-n10-1,3,r1,disconnect-n10-1,interp,1.0,
s03-r1-disconnect-n10-1,3,r1,disconnect-n10-1,hold,1.0,
s03-r1-disconnect-n2-1,3,r1,disconnect-n2-1,ceros,1.0,
s03-r1-disconnect-n2-1,3,r1,disconnect-n2-1,interp,1.0,
s03-r1-disconnect-n2-1,3,r1,disconnect-n2-1,hold,1.0,
s03-r1-disconnect-n20-1,3,r1,disconnect-n20-1,ceros,1.0,
s03-r1-disconnect-n20-1,3,r1,disconnect-n20-1,interp,1.0,
s03-r1-disconnect-n20-1,3,r1,disconnect-n20-1,hold,1.0,
s03-r1-disconnect-n5-1,3,r1,disconnect-n5-1,ceros,1.0,
s03-r1-disconnect-n5-1,3,r1,disconnect-n5-1,interp,1.0,
s03-r1-disconnect-n5-1,3,r1,disconnect-n5-1,hold,1.0,
s03-r1-hold_trial-0.1,3,r1,hold_trial-0.1,ceros,1.0,
s03-r1-hold_trial-0.1,3,r1,hold_trial-0.1,interp,1.0,
s03-r1-hold_trial-0.1,3,r1,hold_trial-0.1,hold,1.0,
s03-r1-hold_trial-0.25,3,r1,hold_trial-0.25,ceros,0.9583333333333333,
s03-r1-hold_trial-0.25,3,r1,hold_trial-0.25,interp,0.9583333333333333,
s03-r1-hold_trial-0.25,3,r1,hold_trial-0.25,hold,0.9583333333333333,
s03-r1-hold_trial-0.4,3,r1,hold_trial-0.4,ceros,0.9583333333333333,
s03-r1-hold_trial-0.4,3,r1,hold_trial-0.4,interp,0.9583333333333333,
s03-r1-hold_trial-0.4,3,r1,hold_trial-0.4,hold,0.9583333333333333,
s03-r1-ref,3,r1,ref,ceros,1.0,
s03-r1-ref,3,r1,ref,interp,1.0,
s03-r1-ref,3,r1,ref,hold,1.0,
s03-r2-disconnect-n10-1,3,r2,disconnect-n10-1,ceros,1.0,
s03-r2-disconnect-n10-1,3,r2,disconnect-n10-1,interp,1.0,
s03-r2-disconnect-n10-1,3,r2,disconnect-n10-1,hold,1.0,
s03-r2-disconnect-n2-1,3,r2,disconnect-n2-1,ceros,1.0,
s03-r2-disconnect-n2-1,3,r2,disconnect-n2-1,interp,1.0,
s03-r2-disconnect-n2-1,3,r2,disconnect-n2-1,hold,1.0,
s03-r2-disconnect-n20-1,3,r2,disconnect-n20-1,ceros,1.0,
s03-r2-disconnect-n20-1,3,r2,disconnect-n20-1,interp,1.0,
s03-r2-disconnect-n20-1,3,r2,disconnect-n20-1,hold,1.0,
s03-r2-disconnect-n5-1,3,r2,disconnect-n5-1,ceros,1.0,
s03-r2-disconnect-n5-1,3,r2,disconnect-n5-1,interp,1.0,
s03-r2-disconnect-n5-1,3,r2,disconnect-n5-1,hold,1.0,
s03-r2-hold_trial-0.1,3,r2,hold_trial-0.1,ceros,0.9583333333333333,
s03-r2-hold_trial-0.1,3,r2,hold_trial-0.1,interp,0.9583333333333333,
s03-r2-hold_trial-0.1,3,r2,hold_trial-0.1,hold,0.9583333333333333,
s03-r2-hold_trial-0.25,3,r2,hold_trial-0.25,ceros,0.9583333333333333,
s03-r2-hold_trial-0.25,3,r2,hold_trial-0.25,interp,0.9583333333333333,
s03-r2-hold_trial-0.25,3,r2,hold_trial-0.25,hold,0.9583333333333333,
s03-r2-hold_trial-0.4,3,r2,hold_trial-0.4,ceros,0.8333333333333333,
s03-r2-hold_trial-0.4,3,r2,hold_trial-0.4,interp,0.8333333333333333,
s03-r2-hold_trial-0.4,3,r2,hold_trial-0.4,hold,0.8333333333333333,
s03-r2-ref,3,r2,ref,ceros,1.0,
s03-r2-ref,3,r2,ref,interp,1.0,
s03-r2-ref,3,r2,ref,hold,1.0,
s03-r3-disconnect-n10-1,3,r3,disconnect-n10-1,ceros,0.9166666666666666,
s03-r3-disconnect-n10-1,3,r3,disconnect-n10-1,interp,0.9166666666666666,
s03-r3-disconnect-n10-1,3,r3,disconnect-n10-1,hold,0.9166666666666666,
s03-r3-disconnect-n2-1,3,r3,disconnect-n2-1,ceros,0.9166666666666666,
s03-r3-disconnect-n2-1,3,r3,disconnect-n2-1,interp,0.9166666666666666,
s03-r3-disconnect-n2-1,3,r3,disconnect-n2-1,hold,0.9166666666666666,
s03-r3-disconnect-n20-1,3,r3,disconnect-n20-1,ceros,0.9583333333333333,
s03-r3-disconnect-n20-1,3,r3,disconnect-n20-1,interp,0.9583333333333333,
s03-r3-disconnect-n20-1,3,r3,disconnect-n20-1,hold,0.9583333333333333,
s03-r3-disconnect-n5-1,3,r3,disconnect-n5-1,ceros,0.9166666666666666,
s03-r3-disconnect-n5-1,3,r3,disconnect-n5-1,interp,0.9166666666666666,
s03-r3-disconnect-n5-1,3,r3,disconnect-n5-1,hold,0.9166666666666666,
s03-r3-hold_trial-0.1,3,r3,hold_trial-0.1,ceros,0.9583333333333333,
s03-r3-hold_trial-0.1,3,r3,hold_trial-0.1,interp,0.9583333333333333,
s03-r3-hold_trial-0.1,3,r3,hold_trial-0.1,hold,0.9583333333333333,
s03-r3-hold_trial-0.25,3,r3,hold_trial-0.25,ceros,0.9166666666666667,
s03-r3-hold_trial-0.25,3,r3,hold_trial-0.25,interp,0.9166666666666667,
s03-r3-hold_trial-0.25,3,r3,hold_trial-0.25,hold,0.9166666666666667,
s03-r3-hold_trial-0.4,3,r3,hold_trial-0.4,ceros,0.9166666666666667,
s03-r3-hold_trial-0.4,3,r3,hold_trial-0.4,interp,0.9166666666666667,
s03-r3-hold_trial-0.4,3,r3,hold_trial-0.4,hold,0.9166666666666667,
s03-r3-ref,3,r3,ref,ceros,0.9166666666666666,
s03-r3-ref,3,r3,ref,interp,0.9166666666666666,
s03-r3-ref,3,r3,ref,hold,0.9166666666666666,
s03-r4-disconnect-n10-1,3,r4,disconnect-n10-1,ceros,0.75,
s03-r4-disconnect-n10-1,3,r4,disconnect-n10-1,interp,0.75,
s03-r4-disconnect-n10-1,3,r4,disconnect-n10-1,hold,0.75,
s03-r4-disconnect-n2-1,3,r4,disconnect-n2-1,ceros,0.875,
s03-r4-disconnect-n2-1,3,r4,disconnect-n2-1,interp,0.875,
s03-r4-disconnect-n2-1,3,r4,disconnect-n2-1,hold,0.875,
s03-r4-disconnect-n20-1,3,r4,disconnect-n20-1,ceros,0.8333333333333334,
s03-r4-disconnect-n20-1,3,r4,disconnect-n20-1,interp,0.8333333333333334,
s03-r4-disconnect-n20-1,3,r4,disconnect-n20-1,hold,0.8333333333333334,
s03-r4-disconnect-n5-1,3,r4,disconnect-n5-1,ceros,0.875,
s03-r4-disconnect-n5-1,3,r4,disconnect-n5-1,interp,0.875,
s03-r4-disconnect-n5-1,3,r4,disconnect-n5-1,hold,0.875,
s03-r4-hold_trial-0.1,3,r4,hold_trial-0.1,ceros,0.875,
s03-r4-hold_trial-0.1,3,r4,hold_trial-0.1,interp,0.875,
s03-r4-hold_trial-0.1,3,r4,hold_trial-0.1,hold,0.875,
s03-r4-hold_trial-0.25,3,r4,hold_trial-0.25,ceros,0.9166666666666667,
s03-r4-hold_trial-0.25,3,r4,hold_trial-0.25,interp,0.9166666666666667,
s03-r4-hold_trial-0.25,3,r4,hold_trial-0.25,hold,0.9166666666666667,
s03-r4-hold_trial-0.4,3,r4,hold_trial-0.4,ceros,0.8333333333333333,
s03-r4-hold_trial-0.4,3,r4,hold_trial-0.4,interp,0.8333333333333333,
s03-r4-hold_trial-0.4,3,r4,hold_trial-0.4,hold,0.8333333333333333,
s03-r4-ref,3,r4,ref,ceros,0.875,
s03-r4-ref,3,r4,ref,interp,0.875,
s03-r4-ref,3,r4,ref,hold,0.875,
s04-r0-disconnect-n10-1,4,r0,disconnect-n10-1,ceros,0.7083333333333334,
s04-r0-disconnect-n10-1,4,r0,disconnect-n10-1,interp,0.7083333333333334,
s04-r0-disconnect-n10-1,4,r0,disconnect-n10-1,hold,0.7083333333333334,
s04-r0-disconnect-n2-1,4,r0,disconnect-n2-1,ceros,0.6666666666666667,
s04-r0-disconnect-n2-1,4,r0,disconnect-n2-1,interp,0.6666666666666667,
s04-r0-disconnect-n2-1,4,r0,disconnect-n2-1,hold,0.6666666666666667,
s04-r0-disconnect-n20-1,4,r0,disconnect-n20-1,ceros,0.6666666666666667,
s04-r0-disconnect-n20-1,4,r0,disconnect-n20-1,interp,0.6666666666666667,
s04-r0-disconnect-n20-1,4,r0,disconnect-n20-1,hold,0.6666666666666667,
s04-r0-disconnect-n5-1.25,4,r0,disconnect-n5-1.25,ceros,0.625,
s04-r0-disconnect-n5-1.25,4,r0,disconnect-n5-1.25,interp,0.625,
s04-r0-disconnect-n5-1.25,4,r0,disconnect-n5-1.25,hold,0.625,
s04-r0-disconnect-n5-1.75,4,r0,disconnect-n5-1.75,ceros,0.6666666666666667,
s04-r0-disconnect-n5-1.75,4,r0,disconnect-n5-1.75,interp,0.6666666666666667,
s04-r0-disconnect-n5-1.75,4,r0,disconnect-n5-1.75,hold,0.6666666666666667,
s04-r0-disconnect-n5-1,4,r0,disconnect-n5-1,ceros,0.625,
s04-r0-disconnect-n5-1,4,r0,disconnect-n5-1,interp,0.625,
s04-r0-disconnect-n5-1,4,r0,disconnect-n5-1,hold,0.625,
s04-r0-disconnect-n5-2.25,4,r0,disconnect-n5-2.25,ceros,0.625,
s04-r0-disconnect-n5-2.25,4,r0,disconnect-n5-2.25,interp,0.625,
s04-r0-disconnect-n5-2.25,4,r0,disconnect-n5-2.25,hold,0.625,
s04-r0-hold_trial-0.1,4,r0,hold_trial-0.1,ceros,0.5833333333333333,
s04-r0-hold_trial-0.1,4,r0,hold_trial-0.1,interp,0.5833333333333333,
s04-r0-hold_trial-0.1,4,r0,hold_trial-0.1,hold,0.5833333333333333,
s04-r0-hold_trial-0.25,4,r0,hold_trial-0.25,ceros,0.6666666666666667,
s04-r0-hold_trial-0.25,4,r0,hold_trial-0.25,interp,0.6666666666666667,
s04-r0-hold_trial-0.25,4,r0,hold_trial-0.25,hold,0.6666666666666667,
s04-r0-hold_trial-0.4,4,r0,hold_trial-0.4,ceros,0.6666666666666666,
s04-r0-hold_trial-0.4,4,r0,hold_trial-0.4,interp,0.6666666666666666,
s04-r0-hold_trial-0.4,4,r0,hold_trial-0.4,hold,0.6666666666666666,
s04-r0-ref,4,r0,ref,ceros,0.6666666666666667,
s04-r0-ref,4,r0,ref,interp,0.6666666666666667,
s04-r0-ref,4,r0,ref,hold,0.6666666666666667,
s04-r1-disconnect-n10-1,4,r1,disconnect-n10-1,ceros,0.7083333333333333,
s04-r1-disconnect-n10-1,4,r1,disconnect-n10-1,interp,0.7083333333333333,
s04-r1-disconnect-n10-1,4,r1,disconnect-n10-1,hold,0.7083333333333333,
s04-r1-disconnect-n2-1,4,r1,disconnect-n2-1,ceros,0.6666666666666667,
s04-r1-disconnect-n2-1,4,r1,disconnect-n2-1,interp,0.6666666666666667,
s04-r1-disconnect-n2-1,4,r1,disconnect-n2-1,hold,0.6666666666666667,
s04-r1-disconnect-n20-1,4,r1,disconnect-n20-1,ceros,0.7083333333333334,
s04-r1-disconnect-n20-1,4,r1,disconnect-n20-1,interp,0.7083333333333334,
s04-r1-disconnect-n20-1,4,r1,disconnect-n20-1,hold,0.7083333333333334,
s04-r1-disconnect-n5-1,4,r1,disconnect-n5-1,ceros,0.6666666666666667,
s04-r1-disconnect-n5-1,4,r1,disconnect-n5-1,interp,0.6666666666666667,
s04-r1-disconnect-n5-1,4,r1,disconnect-n5-1,hold,0.6666666666666667,
s04-r1-hold_trial-0.1,4,r1,hold_trial-0.1,ceros,0.6666666666666667,
s04-r1-hold_trial-0.1,4,r1,hold_trial-0.1,interp,0.6666666666666667,
s04-r1-hold_trial-0.1,4,r1,hold_trial-0.1,hold,0.6666666666666667,
s04-r1-hold_trial-0.25,4,r1,hold_trial-0.25,ceros,0.6666666666666667,
s04-r1-hold_trial-0.25,4,r1,hold_trial-0.25,interp,0.6666666666666667,
s04-r1-hold_trial-0.25,4,r1,hold_trial-0.25,hold,0.6666666666666667,
s04-r1-hold_trial-0.4,4,r1,hold_trial-0.4,ceros,0.5416666666666666,
s04-r1-hold_trial-0.4,4,r1,hold_trial-0.4,interp,0.5416666666666666,
s04-r1-hold_trial-0.4,4,r1,hold_trial-0.4,hold,0.5416666666666666,
s04-r1-ref,4,r1,ref,ceros,0.6666666666666667,
s04-r1-ref,4,r1,ref,interp,0.6666666666666667,
s04-r1-ref,4,r1,ref,hold,0.6666666666666667,
s04-r2-disconnect-n10-1,4,r2,disconnect-n10-1,ceros,0.6666666666666666,
s04-r2-disconnect-n10-1,4,r2,disconnect-n10-1,interp,0.6666666666666666,
s04-r2-disconnect-n10-1,4,r2,disconnect-n10-1,hold,0.6666666666666666,
s04-r2-disconnect-n2-1,4,r2,disconnect-n2-1,ceros,0.7083333333333333,
s04-r2-disconnect-n2-1,4,r2,disconnect-n2-1,interp,0.7083333333333333,
s04-r2-disconnect-n2-1,4,r2,disconnect-n2-1,hold,0.7083333333333333,
s04-r2-disconnect-n20-1,4,r2,disconnect-n20-1,ceros,0.75,
s04-r2-disconnect-n20-1,4,r2,disconnect-n20-1,interp,0.75,
s04-r2-disconnect-n20-1,4,r2,disconnect-n20-1,hold,0.75,
s04-r2-disconnect-n5-1,4,r2,disconnect-n5-1,ceros,0.7083333333333333,
s04-r2-disconnect-n5-1,4,r2,disconnect-n5-1,interp,0.7083333333333333,
s04-r2-disconnect-n5-1,4,r2,disconnect-n5-1,hold,0.7083333333333333,
s04-r2-hold_trial-0.1,4,r2,hold_trial-0.1,ceros,0.75,
s04-r2-hold_trial-0.1,4,r2,hold_trial-0.1,interp,0.75,
s04-r2-hold_trial-0.1,4,r2,hold_trial-0.1,hold,0.75,
s04-r2-hold_trial-0.25,4,r2,hold_trial-0.25,ceros,0.625,
s04-r2-hold_trial-0.25,4,r2,hold_trial-0.25,interp,0.625,
s04-r2-hold_trial-0.25,4,r2,hold_trial-0.25,hold,0.625,
s04-r2-hold_trial-0.4,4,r2,hold_trial-0.4,ceros,0.75,
s04-r2-hold_trial-0.4,4,r2,hold_trial-0.4,interp,0.75,
s04-r2-hold_trial-0.4,4,r2,hold_trial-0.4,hold,0.75,
s04-r2-ref,4,r2,ref,ceros,0.7083333333333333,
s04-r2-ref,4,r2,ref,interp,0.7083333333333333,
s04-r2-ref,4,r2,ref,hold,0.7083333333333333,
s04-r3-disconnect-n10-1,4,r3,disconnect-n10-1,ceros,0.75,
s04-r3-disconnect-n10-1,4,r3,disconnect-n10-1,interp,0.75,
s04-r3-disconnect-n10-1,4,r3,disconnect-n10-1,hold,0.75,
s04-r3-disconnect-n2-1,4,r3,disconnect-n2-1,ceros,0.7916666666666667,
s04-r3-disconnect-n2-1,4,r3,disconnect-n2-1,interp,0.7916666666666667,
s04-r3-disconnect-n2-1,4,r3,disconnect-n2-1,hold,0.7916666666666667,
s04-r3-disconnect-n20-1,4,r3,disconnect-n20-1,ceros,0.7916666666666667,
s04-r3-disconnect-n20-1,4,r3,disconnect-n20-1,interp,0.7916666666666667,
s04-r3-disconnect-n20-1,4,r3,disconnect-n20-1,hold,0.7916666666666667,
s04-r3-disconnect-n5-1,4,r3,disconnect-n5-1,ceros,0.7916666666666667,
s04-r3-disconnect-n5-1,4,r3,disconnect-n5-1,interp,0.7916666666666667,
s04-r3-disconnect-n5-1,4,r3,disconnect-n5-1,hold,0.7916666666666667,
s04-r3-hold_trial-0.1,4,r3,hold_trial-0.1,ceros,0.8333333333333334,
s04-r3-hold_trial-0.1,4,r3,hold_trial-0.1,interp,0.8333333333333334,
s04-r3-hold_trial-0.1,4,r3,hold_trial-0.1,hold,0.8333333333333334,
s04-r3-hold_trial-0.25,4,r3,hold_trial-0.25,ceros,0.7916666666666666,
s04-r3-hold_trial-0.25,4,r3,hold_trial-0.25,interp,0.7916666666666666,
s04-r3-hold_trial-0.25,4,r3,hold_trial-0.25,hold,0.7916666666666666,
s04-r3-hold_trial-0.4,4,r3,hold_trial-0.4,ceros,0.7916666666666667,
s04-r3-hold_trial-0.4,4,r3,hold_trial-0.4,interp,0.7916666666666667,
s04-r3-hold_trial-0.4,4,r3,hold_trial-0.4,hold,0.7916666666666667,
s04-r3-ref,4,r3,ref,ceros,0.7916666666666667,
s04-r3-ref,4,r3,ref,interp,0.7916666666666667,
s04-r3-ref,4,r3,ref,hold,0.7916666666666667,
s04-r4-disconnect-n10-1,4,r4,disconnect-n10-1,ceros,0.875,
s04-r4-disconnect-n10-1,4,r4,disconnect-n10-1,interp,0.875,
s04-r4-disconnect-n10-1,4,r4,disconnect-n10-1,hold,0.875,
s04-r4-disconnect-n2-1,4,r4,disconnect-n2-1,ceros,0.875,
s04-r4-disconnect-n2-1,4,r4,disconnect-n2-1,interp,0.875,
s04-r4-disconnect-n2-1,4,r4,disconnect-n2-1,hold,0.875,
s04-r4-disconnect-n20-1,4,r4,disconnect-n20-1,ceros,0.875,
s04-r4-disconnect-n20-1,4,r4,disconnect-n20-1,interp,0.875,
s04-r4-disconnect-n20-1,4,r4,disconnect-n20-1,hold,0.875,
s04-r4-disconnect-n5-1,4,r4,disconnect-n5-1,ceros,0.875,
s04-r4-disconnect-n5-1,4,r4,disconnect-n5-1,interp,0.875,
s04-r4-disconnect-n5-1,4,r4,disconnect-n5-1,hold,0.875,
s04-r4-hold_trial-0.1,4,r4,hold_trial-0.1,ceros,0.8333333333333333,
s04-r4-hold_trial-0.1,4,r4,hold_trial-0.1,interp,0.8333333333333333,
s04-r4-hold_trial-0.1,4,r4,hold_trial-0.1,hold,0.8333333333333333,
s04-r4-hold_trial-0.25,4,r4,hold_trial-0.25,ceros,0.875,
s04-r4-hold_trial-0.25,4,r4,hold_trial-0.25,interp,0.875,
s04-r4-hold_trial-0.25,4,r4,hold_trial-0.25,hold,0.875,
s04-r4-hold_trial-0.4,4,r4,hold_trial-0.4,ceros,0.8333333333333333,
s04-r4-hold_trial-0.4,4,r4,hold_trial-0.4,interp,0.8333333333333333,
s04-r4-hold_trial-0.4,4,r4,hold_trial-0.4,hold,0.8333333333333333,
s04-r4-ref,4,r4,ref,ceros,0.875,
s04-r4-ref,4,r4,ref,interp,0.875,
s04-r4-ref,4,r4,ref,hold,0.875,
s05-r0-disconnect-n10-1,5,r0,disconnect-n10-1,ceros,0.625,
s05-r0-disconnect-n10-1,5,r0,disconnect-n10-1,interp,0.625,
s05-r0-disconnect-n10-1,5,r0,disconnect-n10-1,hold,0.625,
s05-r0-disconnect-n2-1,5,r0,disconnect-n2-1,ceros,0.7083333333333333,
s05-r0-disconnect-n2-1,5,r0,disconnect-n2-1,interp,0.7083333333333333,
s05-r0-disconnect-n2-1,5,r0,disconnect-n2-1,hold,0.7083333333333333,
s05-r0-disconnect-n20-1,5,r0,disconnect-n20-1,ceros,0.7083333333333333,
s05-r0-disconnect-n20-1,5,r0,disconnect-n20-1,interp,0.7083333333333333,
s05-r0-disconnect-n20-1,5,r0,disconnect-n20-1,hold,0.7083333333333333,
s05-r0-disconnect-n5-1.25,5,r0,disconnect-n5-1.25,ceros,0.6666666666666666,
s05-r0-disconnect-n5-1.25,5,r0,disconnect-n5-1.25,interp,0.6666666666666666,
s05-r0-disconnect-n5-1.25,5,r0,disconnect-n5-1.25,hold,0.6666666666666666,
s05-r0-disconnect-n5-1.75,5,r0,disconnect-n5-1.75,ceros,0.6666666666666667,
s05-r0-disconnect-n5-1.75,5,r0,disconnect-n5-1.75,interp,0.6666666666666667,
s05-r0-disconnect-n5-1.75,5,r0,disconnect-n5-1.75,hold,0.6666666666666667,
s05-r0-disconnect-n5-1,5,r0,disconnect-n5-1,ceros,0.6666666666666666,
s05-r0-disconnect-n5-1,5,r0,disconnect-n5-1,interp,0.6666666666666666,
s05-r0-disconnect-n5-1,5,r0,disconnect-n5-1,hold,0.6666666666666666,
s05-r0-disconnect-n5-2.25,5,r0,disconnect-n5-2.25,ceros,0.6666666666666666,
s05-r0-disconnect-n5-2.25,5,r0,disconnect-n5-2.25,interp,0.6666666666666666,
s05-r0-disconnect-n5-2.25,5,r0,disconnect-n5-2.25,hold,0.6666666666666666,
s05-r0-hold_trial-0.1,5,r0,hold_trial-0.1,ceros,0.7083333333333334,
s05-r0-hold_trial-0.1,5,r0,hold_trial-0.1,interp,0.7083333333333334,
s05-r0-hold_trial-0.1,5,r0,hold_trial-0.1,hold,0.7083333333333334,
s05-r0-hold_trial-0.25,5,r0,hold_trial-0.25,ceros,0.7083333333333333,
s05-r0-hold_trial-0.25,5,r0,hold_trial-0.25,interp,0.7083333333333333,
s05-r0-hold_trial-0.25,5,r0,hold_trial-0.25,hold,0.7083333333333333,
s05-r0-hold_trial-0.4,5,r0,hold_trial-0.4,ceros,0.625,
s05-r0-hold_trial-0.4,5,r0,hold_trial-0.4,interp,0.625,
s05-r0-hold_trial-0.4,5,r0,hold_trial-0.4,hold,0.625,
s05-r0-ref,5,r0,ref,ceros,0.6666666666666666,
s05-r0-ref,5,r0,ref,interp,0.6666666666666666,
s05-r0-ref,5,r0,ref,hold,0.6666666666666666,
s05-r1-disconnect-n10-1,5,r1,disconnect-n10-1,ceros,0.625,
s05-r1-disconnect-n10-1,5,r1,disconnect-n10-1,interp,0.625,
s05-r1-disconnect-n10-1,5,r1,disconnect-n10-1,hold,0.625,
s05-r1-disconnect-n2-1,5,r1,disconnect-n2-1,ceros,0.5833333333333333,
s05-r1-disconnect-n2-1,5,r1,disconnect-n2-1,interp,0.5833333333333333,
s05-r1-disconnect-n2-1,5,r1,disconnect-n2-1,hold,0.5833333333333333,
s05-r1-disconnect-n20-1,5,r1,disconnect-n20-1,ceros,0.625,
s05-r1-disconnect-n20-1,5,r1,disconnect-n20-1,interp,0.5833333333333334,
s05-r1-disconnect-n20-1,5,r1,disconnect-n20-1,hold,0.5833333333333334,
s05-r1-disconnect-n5-1,5,r1,disconnect-n5-1,ceros,0.5416666666666667,
s05-r1-disconnect-n5-1,5,r1,disconnect-n5-1,interp,0.5833333333333334,
s05-r1-disconnect-n5-1,5,r1,disconnect-n5-1,hold,0.5416666666666667,
s05-r1-hold_trial-0.1,5,r1,hold_trial-0.1,ceros,0.45833333333333337,
s05-r1-hold_trial-0.1,5,r1,hold_trial-0.1,interp,0.45833333333333337,
s05-r1-hold_trial-0.1,5,r1,hold_trial-0.1,hold,0.45833333333333337,
s05-r1-hold_trial-0.25,5,r1,hold_trial-0.25,ceros,0.5416666666666666,
s05-r1-hold_trial-0.25,5,r1,hold_trial-0.25,interp,0.5416666666666666,
s05-r1-hold_trial-0.25,5,r1,hold_trial-0.25,hold,0.5416666666666666,
s05-r1-hold_trial-0.4,5,r1,hold_trial-0.4,ceros,0.6666666666666666,
s05-r1-hold_trial-0.4,5,r1,hold_trial-0.4,interp,0.6666666666666666,
s05-r1-hold_trial-0.4,5,r1,hold_trial-0.4,hold,0.6666666666666666,
s05-r1-ref,5,r1,ref,ceros,0.5833333333333333,
s05-r1-ref,5,r1,ref,interp,0.5833333333333333,
s05-r1-ref,5,r1,ref,hold,0.5833333333333333,
s05-r2-disconnect-n10-1,5,r2,disconnect-n10-1,ceros,0.5833333333333334,
s05-r2-disconnect-n10-1,5,r2,disconnect-n10-1,interp,0.5416666666666667,
s05-r2-disconnect-n10-1,5,r2,disconnect-n10-1,hold,0.5416666666666667,
s05-r2-disconnect-n2-1,5,r2,disconnect-n2-1,ceros,0.5833333333333333,
s05-r2-disconnect-n2-1,5,r2,disconnect-n2-1,interp,0.5833333333333333,
s05-r2-disconnect-n2-1,5,r2,disconnect-n2-1,hold,0.5833333333333333,
s05-r2-disconnect-n20-1,5,r2,disconnect-n20-1,ceros,0.4583333333333333,
s05-r2-disconnect-n20-1,5,r2,disconnect-n20-1,interp,0.4583333333333333,
s05-r2-disconnect-n20-1,5,r2,disconnect-n20-1,hold,0.4583333333333333,
s05-r2-disconnect-n5-1,5,r2,disconnect-n5-1,ceros,0.5416666666666667,
s05-r2-disconnect-n5-1,5,r2,disconnect-n5-1,interp,0.5416666666666667,
s05-r2-disconnect-n5-1,5,r2,disconnect-n5-1,hold,0.5416666666666667,
s05-r2-hold_trial-0.1,5,r2,hold_trial-0.1,ceros,0.5,
s05-r2-hold_trial-0.1,5,r2,hold_trial-0.1,interp,0.5,
s05-r2-hold_trial-0.1,5,r2,hold_trial-0.1,hold,0.5,
s05-r2-hold_trial-0.25,5,r2,hold_trial-0.25,ceros,0.5833333333333334,
s05-r2-hold_trial-0.25,5,r2,hold_trial-0.25,interp,0.5833333333333334,
s05-r2-hold_trial-0.25,5,r2,hold_trial-0.25,hold,0.5833333333333334,
s05-r2-hold_trial-0.4,5,r2,hold_trial-0.4,ceros,0.4583333333333333,
s05-r2-hold_trial-0.4,5,r2,hold_trial-0.4,interp,0.4583333333333333,
s05-r2-hold_trial-0.4,5,r2,hold_trial-0.4,hold,0.4583333333333333,
s05-r2-ref,5,r2,ref,ceros,0.5416666666666667,
s05-r2-ref,5,r2,ref,interp,0.5416666666666667,
s05-r2-ref,5,r2,ref,hold,0.5416666666666667,
s05-r3-disconnect-n10-1,5,r3,disconnect-n10-1,ceros,0.5833333333333333,
s05-r3-disconnect-n10-1,5,r3,disconnect-n10-1,interp,0.5833333333333333,
s05-r3-disconnect-n10-1,5,r3,disconnect-n10-1,hold,0.5833333333333333,
s05-r3-disconnect-n2-1,5,r3,disconnect-n2-1,ceros,0.5416666666666666,
s05-r3-disconnect-n2-1,5,r3,disconnect-n2-1,interp,0.5416666666666666,
s05-r3-disconnect-n2-1,5,r3,disconnect-n2-1,hold,0.5416666666666666,
s05-r3-disconnect-n20-1,5,r3,disconnect-n20-1,ceros,0.5833333333333333,
s05-r3-disconnect-n20-1,5,r3,disconnect-n20-1,interp,0.5833333333333333,
s05-r3-disconnect-n20-1,5,r3,disconnect-n20-1,hold,0.5416666666666666,
s05-r3-disconnect-n5-1,5,r3,disconnect-n5-1,ceros,0.5833333333333334,
s05-r3-disconnect-n5-1,5,r3,disconnect-n5-1,interp,0.5833333333333334,
s05-r3-disconnect-n5-1,5,r3,disconnect-n5-1,hold,0.5833333333333334,
s05-r3-hold_trial-0.1,5,r3,hold_trial-0.1,ceros,0.5416666666666667,
s05-r3-hold_trial-0.1,5,r3,hold_trial-0.1,interp,0.5416666666666667,
s05-r3-hold_trial-0.1,5,r3,hold_trial-0.1,hold,0.5416666666666667,
s05-r3-hold_trial-0.25,5,r3,hold_trial-0.25,ceros,0.5,
s05-r3-hold_trial-0.25,5,r3,hold_trial-0.25,interp,0.5,
s05-r3-hold_trial-0.25,5,r3,hold_trial-0.25,hold,0.5,
s05-r3-hold_trial-0.4,5,r3,hold_trial-0.4,ceros,0.6666666666666667,
s05-r3-hold_trial-0.4,5,r3,hold_trial-0.4,interp,0.6666666666666667,
s05-r3-hold_trial-0.4,5,r3,hold_trial-0.4,hold,0.6666666666666667,
s05-r3-ref,5,r3,ref,ceros,0.5416666666666666,
s05-r3-ref,5,r3,ref,interp,0.5416666666666666,
s05-r3-ref,5,r3,ref,hold,0.5416666666666666,
s05-r4-disconnect-n10-1,5,r4,disconnect-n10-1,ceros,0.5416666666666667,
s05-r4-disconnect-n10-1,5,r4,disconnect-n10-1,interp,0.5416666666666667,
s05-r4-disconnect-n10-1,5,r4,disconnect-n10-1,hold,0.5416666666666667,
s05-r4-disconnect-n2-1,5,r4,disconnect-n2-1,ceros,0.5833333333333334,
s05-r4-disconnect-n2-1,5,r4,disconnect-n2-1,interp,0.5833333333333334,
s05-r4-disconnect-n2-1,5,r4,disconnect-n2-1,hold,0.5833333333333334,
s05-r4-disconnect-n20-1,5,r4,disconnect-n20-1,ceros,0.5833333333333334,
s05-r4-disconnect-n20-1,5,r4,disconnect-n20-1,interp,0.5833333333333334,
s05-r4-disconnect-n20-1,5,r4,disconnect-n20-1,hold,0.5833333333333334,
s05-r4-disconnect-n5-1,5,r4,disconnect-n5-1,ceros,0.5833333333333334,
s05-r4-disconnect-n5-1,5,r4,disconnect-n5-1,interp,0.5833333333333334,
s05-r4-disconnect-n5-1,5,r4,disconnect-n5-1,hold,0.5833333333333334,
s05-r4-hold_trial-0.1,5,r4,hold_trial-0.1,ceros,0.625,
s05-r4-hold_trial-0.1,5,r4,hold_trial-0.1,interp,0.625,
s05-r4-hold_trial-0.1,5,r4,hold_trial-0.1,hold,0.625,
s05-r4-hold_trial-0.25,5,r4,hold_trial-0.25,ceros,0.5833333333333334,
s05-r4-hold_trial-0.25,5,r4,hold_trial-0.25,interp,0.5833333333333334,
s05-r4-hold_trial-0.25,5,r4,hold_trial-0.25,hold,0.5833333333333334,
s05-r4-hold_trial-0.4,5,r4,hold_trial-0.4,ceros,0.625,
s05-r4-hold_trial-0.4,5,r4,hold_trial-0.4,interp,0.625,
s05-r4-hold_trial-0.4,5,r4,hold_trial-0.4,hold,0.625,
s05-r4-ref,5,r4,ref,ceros,0.5833333333333334,
s05-r4-ref,5,r4,ref,interp,0.5833333333333334,
s05-r4-ref,5,r4,ref,hold,0.5833333333333334,
s06-r0-disconnect-n10-1,6,r0,disconnect-n10-1,ceros,0.7916666666666667,
s06-r0-disconnect-n10-1,6,r0,disconnect-n10-1,interp,0.7916666666666667,
s06-r0-disconnect-n10-1,6,r0,disconnect-n10-1,hold,0.7916666666666667,
s06-r0-disconnect-n2-1,6,r0,disconnect-n2-1,ceros,0.75,
s06-r0-disconnect-n2-1,6,r0,disconnect-n2-1,interp,0.75,
s06-r0-disconnect-n2-1,6,r0,disconnect-n2-1,hold,0.75,
s06-r0-disconnect-n20-1,6,r0,disconnect-n20-1,ceros,0.7916666666666666,
s06-r0-disconnect-n20-1,6,r0,disconnect-n20-1,interp,0.7916666666666666,
s06-r0-disconnect-n20-1,6,r0,disconnect-n20-1,hold,0.7916666666666666,
s06-r0-disconnect-n5-1.25,6,r0,disconnect-n5-1.25,ceros,0.7083333333333333,
s06-r0-disconnect-n5-1.25,6,r0,disconnect-n5-1.25,interp,0.7083333333333333,
s06-r0-disconnect-n5-1.25,6,r0,disconnect-n5-1.25,hold,0.7083333333333333,
s06-r0-disconnect-n5-1.75,6,r0,disconnect-n5-1.75,ceros,0.75,
s06-r0-disconnect-n5-1.75,6,r0,disconnect-n5-1.75,interp,0.75,
s06-r0-disconnect-n5-1.75,6,r0,disconnect-n5-1.75,hold,0.75,
s06-r0-disconnect-n5-1,6,r0,disconnect-n5-1,ceros,0.7916666666666666,
s06-r0-disconnect-n5-1,6,r0,disconnect-n5-1,interp,0.7916666666666666,
s06-r0-disconnect-n5-1,6,r0,disconnect-n5-1,hold,0.7916666666666666,
s06-r0-disconnect-n5-2.25,6,r0,disconnect-n5-2.25,ceros,0.75,
s06-r0-disconnect-n5-2.25,6,r0,disconnect-n5-2.25,interp,0.75,
s06-r0-disconnect-n5-2.25,6,r0,disconnect-n5-2.25,hold,0.75,
s06-r0-hold_trial-0.1,6,r0,hold_trial-0.1,ceros,0.75,
s06-r0-hold_trial-0.1,6,r0,hold_trial-0.1,interp,0.75,
s06-r0-hold_trial-0.1,6,r0,hold_trial-0.1,hold,0.75,
s06-r0-hold_trial-0.25,6,r0,hold_trial-0.25,ceros,0.5833333333333334,
s06-r0-hold_trial-0.25,6,r0,hold_trial-0.25,interp,0.5833333333333334,
s06-r0-hold_trial-0.25,6,r0,hold_trial-0.25,hold,0.5833333333333334,
s06-r0-hold_trial-0.4,6,r0,hold_trial-0.4,ceros,0.6666666666666666,
s06-r0-hold_trial-0.4,6,r0,hold_trial-0.4,interp,0.6666666666666666,
s06-r0-hold_trial-0.4,6,r0,hold_trial-0.4,hold,0.6666666666666666,
s06-r0-ref,6,r0,ref,ceros,0.75,
s06-r0-ref,6,r0,ref,interp,0.75,
s06-r0-ref,6,r0,ref,hold,0.75,
s06-r1-disconnect-n10-1,6,r1,disconnect-n10-1,ceros,0.625,
s06-r1-disconnect-n10-1,6,r1,disconnect-n10-1,interp,0.625,
s06-r1-disconnect-n10-1,6,r1,disconnect-n10-1,hold,0.625,
s06-r1-disconnect-n2-1,6,r1,disconnect-n2-1,ceros,0.625,
s06-r1-disconnect-n2-1,6,r1,disconnect-n2-1,interp,0.625,
s06-r1-disconnect-n2-1,6,r1,disconnect-n2-1,hold,0.625,
s06-r1-disconnect-n20-1,6,r1,disconnect-n20-1,ceros,0.625,
s06-r1-disconnect-n20-1,6,r1,disconnect-n20-1,interp,0.625,
s06-r1-disconnect-n20-1,6,r1,disconnect-n20-1,hold,0.625,
s06-r1-disconnect-n5-1,6,r1,disconnect-n5-1,ceros,0.625,
s06-r1-disconnect-n5-1,6,r1,disconnect-n5-1,interp,0.625,
s06-r1-disconnect-n5-1,6,r1,disconnect-n5-1,hold,0.625,
s06-r1-hold_trial-0.1,6,r1,hold_trial-0.1,ceros,0.625,
s06-r1-hold_trial-0.1,6,r1,hold_trial-0.1,interp,0.625,
s06-r1-hold_trial-0.1,6,r1,hold_trial-0.1,hold,0.625,
s06-r1-hold_trial-0.25,6,r1,hold_trial-0.25,ceros,0.5833333333333334,
s06-r1-hold_trial-0.25,6,r1,hold_trial-0.25,interp,0.5833333333333334,
s06-r1-hold_trial-0.25,6,r1,hold_trial-0.25,hold,0.5833333333333334,
s06-r1-hold_trial-0.4,6,r1,hold_trial-0.4,ceros,0.5416666666666666,
s06-r1-hold_trial-0.4,6,r1,hold_trial-0.4,interp,0.5416666666666666,
s06-r1-hold_trial-0.4,6,r1,hold_trial-0.4,hold,0.5416666666666666,
s06-r1-ref,6,r1,ref,ceros,0.625,
s06-r1-ref,6,r1,ref,interp,0.625,
s06-r1-ref,6,r1,ref,hold,0.625,
s06-r2-disconnect-n10-1,6,r2,disconnect-n10-1,ceros,0.6666666666666667,
s06-r2-disconnect-n10-1,6,r2,disconnect-n10-1,interp,0.6666666666666667,
s06-r2-disconnect-n10-1,6,r2,disconnect-n10-1,hold,0.6666666666666667,
s06-r2-disconnect-n2-1,6,r2,disconnect-n2-1,ceros,0.7083333333333333,
s06-r2-disconnect-n2-1,6,r2,disconnect-n2-1,interp,0.7083333333333333,
s06-r2-disconnect-n2-1,6,r2,disconnect-n2-1,hold,0.7083333333333333,
s06-r2-disconnect-n20-1,6,r2,disconnect-n20-1,ceros,0.625,
s06-r2-disconnect-n20-1,6,r2,disconnect-n20-1,interp,0.625,
s06-r2-disconnect-n20-1,6,r2,disconnect-n20-1,hold,0.6666666666666667,
s06-r2-disconnect-n5-1,6,r2,disconnect-n5-1,ceros,0.6666666666666667,
s06-r2-disconnect-n5-1,6,r2,disconnect-n5-1,interp,0.6666666666666667,
s06-r2-disconnect-n5-1,6,r2,disconnect-n5-1,hold,0.6666666666666667,
s06-r2-hold_trial-0.1,6,r2,hold_trial-0.1,ceros,0.5833333333333334,
s06-r2-hold_trial-0.1,6,r2,hold_trial-0.1,interp,0.5833333333333334,
s06-r2-hold_trial-0.1,6,r2,hold_trial-0.1,hold,0.5833333333333334,
s06-r2-hold_trial-0.25,6,r2,hold_trial-0.25,ceros,0.5833333333333333,
s06-r2-hold_trial-0.25,6,r2,hold_trial-0.25,interp,0.5833333333333333,
s06-r2-hold_trial-0.25,6,r2,hold_trial-0.25,hold,0.5833333333333333,
s06-r2-hold_trial-0.4,6,r2,hold_trial-0.4,ceros,0.5833333333333334,
s06-r2-hold_trial-0.4,6,r2,hold_trial-0.4,interp,0.5833333333333334,
s06-r2-hold_trial-0.4,6,r2,hold_trial-0.4,hold,0.5833333333333334,
s06-r2-ref,6,r2,ref,ceros,0.6666666666666667,
s06-r2-ref,6,r2,ref,interp,0.6666666666666667,
s06-r2-ref,6,r2,ref,hold,0.6666666666666667,
s06-r3-disconnect-n10-1,6,r3,disconnect-n10-1,ceros,0.7083333333333334,
s06-r3-disconnect-n10-1,6,r3,disconnect-n10-1,interp,0.7083333333333334,
s06-r3-disconnect-n10-1,6,r3,disconnect-n10-1,hold,0.7083333333333334,
s06-r3-disconnect-n2-1,6,r3,disconnect-n2-1,ceros,0.7083333333333334,
s06-r3-disconnect-n2-1,6,r3,disconnect-n2-1,interp,0.7083333333333334,
s06-r3-disconnect-n2-1,6,r3,disconnect-n2-1,hold,0.7083333333333334,
s06-r3-disconnect-n20-1,6,r3,disconnect-n20-1,ceros,0.75,
s06-r3-disconnect-n20-1,6,r3,disconnect-n20-1,interp,0.75,
s06-r3-disconnect-n20-1,6,r3,disconnect-n20-1,hold,0.75,
s06-r3-disconnect-n5-1,6,r3,disconnect-n5-1,ceros,0.7083333333333334,
s06-r3-disconnect-n5-1,6,r3,disconnect-n5-1,interp,0.7083333333333334,
s06-r3-disconnect-n5-1,6,r3,disconnect-n5-1,hold,0.7083333333333334,
s06-r3-hold_trial-0.1,6,r3,hold_trial-0.1,ceros,0.7916666666666667,
s06-r3-hold_trial-0.1,6,r3,hold_trial-0.1,interp,0.7916666666666667,
s06-r3-hold_trial-0.1,6,r3,hold_trial-0.1,hold,0.7916666666666667,
s06-r3-hold_trial-0.25,6,r3,hold_trial-0.25,ceros,0.6666666666666666,
s06-r3-hold_trial-0.25,6,r3,hold_trial-0.25,interp,0.6666666666666666,
s06-r3-hold_trial-0.25,6,r3,hold_trial-0.25,hold,0.6666666666666666,
s06-r3-hold_trial-0.4,6,r3,hold_trial-0.4,ceros,0.7083333333333334,
s06-r3-hold_trial-0.4,6,r3,hold_trial-0.4,interp,0.7083333333333334,
s06-r3-hold_trial-0.4,6,r3,hold_trial-0.4,hold,0.7083333333333334,
s06-r3-ref,6,r3,ref,ceros,0.7083333333333334,
s06-r3-ref,6,r3,ref,interp,0.7083333333333334,
s06-r3-ref,6,r3,ref,hold,0.7083333333333334,
s06-r4-disconnect-n10-1,6,r4,disconnect-n10-1,ceros,0.75,
s06-r4-disconnect-n10-1,6,r4,disconnect-n10-1,interp,0.75,
s06-r4-disconnect-n10-1,6,r4,disconnect-n10-1,hold,0.75,
s06-r4-disconnect-n2-1,6,r4,disconnect-n2-1,ceros,0.75,
s06-r4-disconnect-n2-1,6,r4,disconnect-n2-1,interp,0.75,
s06-r4-disconnect-n2-1,6,r4,disconnect-n2-1,hold,0.75,
s06-r4-disconnect-n20-1,6,r4,disconnect-n20-1,ceros,0.625,
s06-r4-disconnect-n20-1,6,r4,disconnect-n20-1,interp,0.6666666666666667,
s06-r4-disconnect-n20-1,6,r4,disconnect-n20-1,hold,0.6666666666666667,
s06-r4-disconnect-n5-1,6,r4,disconnect-n5-1,ceros,0.7916666666666667,
s06-r4-disconnect-n5-1,6,r4,disconnect-n5-1,interp,0.7916666666666667,
s06-r4-disconnect-n5-1,6,r4,disconnect-n5-1,hold,0.7916666666666667,
s06-r4-hold_trial-0.1,6,r4,hold_trial-0.1,ceros,0.75,
s06-r4-hold_trial-0.1,6,r4,hold_trial-0.1,interp,0.75,
s06-r4-hold_trial-0.1,6,r4,hold_trial-0.1,hold,0.75,
s06-r4-hold_trial-0.25,6,r4,hold_trial-0.25,ceros,0.45833333333333337,
s06-r4-hold_trial-0.25,6,r4,hold_trial-0.25,interp,0.45833333333333337,
s06-r4-hold_trial-0.25,6,r4,hold_trial-0.25,hold,0.45833333333333337,
s06-r4-hold_trial-0.4,6,r4,hold_trial-0.4,ceros,0.5833333333333333,
s06-r4-hold_trial-0.4,6,r4,hold_trial-0.4,interp,0.5833333333333333,
s06-r4-hold_trial-0.4,6,r4,hold_trial-0.4,hold,0.5833333333333333,
s06-r4-ref,6,r4,ref,ceros,0.75,
s06-r4-ref,6,r4,ref,interp,0.75,
s06-r4-ref,6,r4,ref,hold,0.75,
s07-r0-disconnect-n10-1,7,r0,disconnect-n10-1,ceros,0.7083333333333334,
s07-r0-disconnect-n10-1,7,r0,disconnect-n10-1,interp,0.7083333333333334,
s07-r0-disconnect-n10-1,7,r0,disconnect-n10-1,hold,0.7083333333333334,
s07-r0-disconnect-n2-1,7,r0,disconnect-n2-1,ceros,0.6666666666666667,
s07-r0-disconnect-n2-1,7,r0,disconnect-n2-1,interp,0.6666666666666667,
s07-r0-disconnect-n2-1,7,r0,disconnect-n2-1,hold,0.6666666666666667,
s07-r0-disconnect-n20-1,7,r0,disconnect-n20-1,ceros,0.75,
s07-r0-disconnect-n20-1,7,r0,disconnect-n20-1,interp,0.7083333333333334,
s07-r0-disconnect-n20-1,7,r0,disconnect-n20-1,hold,0.7083333333333334,
s07-r0-disconnect-n5-1.25,7,r0,disconnect-n5-1.25,ceros,0.7083333333333333,
s07-r0-disconnect-n5-1.25,7,r0,disconnect-n5-1.25,interp,0.7083333333333333,
s07-r0-disconnect-n5-1.25,7,r0,disconnect-n5-1.25,hold,0.7083333333333333,
s07-r0-disconnect-n5-1.75,7,r0,disconnect-n5-1.75,ceros,0.75,
s07-r0-disconnect-n5-1.75,7,r0,disconnect-n5-1.75,interp,0.75,
s07-r0-disconnect-n5-1.75,7,r0,disconnect-n5-1.75,hold,0.75,
s07-r0-disconnect-n5-1,7,r0,disconnect-n5-1,ceros,0.75,
s07-r0-disconnect-n5-1,7,r0,disconnect-n5-1,interp,0.75,
s07-r0-disconnect-n5-1,7,r0,disconnect-n5-1,hold,0.75,
s07-r0-disconnect-n5-2.25,7,r0,disconnect-n5-2.25,ceros,0.6666666666666667,
s07-r0-disconnect-n5-2.25,7,r0,disconnect-n5-2.25,interp,0.6666666666666667,
s07-r0-disconnect-n5-2.25,7,r0,disconnect-n5-2.25,hold,0.6666666666666667,
s07-r0-hold_trial-0.1,7,r0,hold_trial-0.1,ceros,0.7083333333333333,
s07-r0-hold_trial-0.1,7,r0,hold_trial-0.1,interp,0.7083333333333333,
s07-r0-hold_trial-0.1,7,r0,hold_trial-0.1,hold,0.7083333333333333,
s07-r0-hold_trial-0.25,7,r0,hold_trial-0.25,ceros,0.6666666666666666,
s07-r0-hold_trial-0.25,7,r0,hold_trial-0.25,interp,0.6666666666666666,
s07-r0-hold_trial-0.25,7,r0,hold_trial-0.25,hold,0.6666666666666666,
s07-r0-hold_trial-0.4,7,r0,hold_trial-0.4,ceros,0.6666666666666667,
s07-r0-hold_trial-0.4,7,r0,hold_trial-0.4,interp,0.6666666666666667,
s07-r0-hold_trial-0.4,7,r0,hold_trial-0.4,hold,0.6666666666666667,
s07-r0-ref,7,r0,ref,ceros,0.7083333333333334,
s07-r0-ref,7,r0,ref,interp,0.7083333333333334,
s07-r0-ref,7,r0,ref,hold,0.7083333333333334,
s07-r1-disconnect-n10-1,7,r1,disconnect-n10-1,ceros,0.75,
s07-r1-disconnect-n10-1,7,r1,disconnect-n10-1,interp,0.75,
s07-r1-disconnect-n10-1,7,r1,disconnect-n10-1,hold,0.75,
s07-r1-disconnect-n2-1,7,r1,disconnect-n2-1,ceros,0.75,
s07-r1-disconnect-n2-1,7,r1,disconnect-n2-1,interp,0.75,
s07-r1-disconnect-n2-1,7,r1,disconnect-n2-1,hold,0.75,
s07-r1-disconnect-n20-1,7,r1,disconnect-n20-1,ceros,0.7083333333333334,
s07-r1-disconnect-n20-1,7,r1,disconnect-n20-1,interp,0.7083333333333334,
s07-r1-disconnect-n20-1,7,r1,disconnect-n20-1,hold,0.7083333333333334,
s07-r1-disconnect-n5-1,7,r1,disconnect-n5-1,ceros,0.75,
s07-r1-disconnect-n5-1,7,r1,disconnect-n5-1,interp,0.75,
s07-r1-disconnect-n5-1,7,r1,disconnect-n5-1,hold,0.75,
s07-r1-hold_trial-0.1,7,r1,hold_trial-0.1,ceros,0.7916666666666666,
s07-r1-hold_trial-0.1,7,r1,hold_trial-0.1,interp,0.7916666666666666,
s07-r1-hold_trial-0.1,7,r1,hold_trial-0.1,hold,0.7916666666666666,
s07-r1-hold_trial-0.25,7,r1,hold_trial-0.25,ceros,0.6666666666666666,
s07-r1-hold_trial-0.25,7,r1,hold_trial-0.25,interp,0.6666666666666666,
s07-r1-hold_trial-0.25,7,r1,hold_trial-0.25,hold,0.6666666666666666,
s07-r1-hold_trial-0.4,7,r1,hold_trial-0.4,ceros,0.625,
s07-r1-hold_trial-0.4,7,r1,hold_trial-0.4,interp,0.625,
s07-r1-hold_trial-0.4,7,r1,hold_trial-0.4,hold,0.625,
s07-r1-ref,7,r1,ref,ceros,0.75,
s07-r1-ref,7,r1,ref,interp,0.75,
s07-r1-ref,7,r1,ref,hold,0.75,
s07-r2-disconnect-n10-1,7,r2,disconnect-n10-1,ceros,0.7083333333333333,
s07-r2-disconnect-n10-1,7,r2,disconnect-n10-1,interp,0.7083333333333333,
s07-r2-disconnect-n10-1,7,r2,disconnect-n10-1,hold,0.7083333333333333,
s07-r2-disconnect-n2-1,7,r2,disconnect-n2-1,ceros,0.75,
s07-r2-disconnect-n2-1,7,r2,disconnect-n2-1,interp,0.75,
s07-r2-disconnect-n2-1,7,r2,disconnect-n2-1,hold,0.75,
s07-r2-disconnect-n20-1,7,r2,disconnect-n20-1,ceros,0.7083333333333333,
s07-r2-disconnect-n20-1,7,r2,disconnect-n20-1,interp,0.7083333333333333,
s07-r2-disconnect-n20-1,7,r2,disconnect-n20-1,hold,0.7083333333333333,
s07-r2-disconnect-n5-1,7,r2,disconnect-n5-1,ceros,0.7083333333333333,
s07-r2-disconnect-n5-1,7,r2,disconnect-n5-1,interp,0.7083333333333333,
s07-r2-disconnect-n5-1,7,r2,disconnect-n5-1,hold,0.7083333333333333,
s07-r2-hold_trial-0.1,7,r2,hold_trial-0.1,ceros,0.7916666666666666,
s07-r2-hold_trial-0.1,7,r2,hold_trial-0.1,interp,0.7916666666666666,
s07-r2-hold_trial-0.1,7,r2,hold_trial-0.1,hold,0.7916666666666666,
s07-r2-hold_trial-0.25,7,r2,hold_trial-0.25,ceros,0.5833333333333334,
s07-r2-hold_trial-0.25,7,r2,hold_trial-0.25,interp,0.5833333333333334,
s07-r2-hold_trial-0.25,7,r2,hold_trial-0.25,hold,0.5833333333333334,
s07-r2-hold_trial-0.4,7,r2,hold_trial-0.4,ceros,0.75,
s07-r2-hold_trial-0.4,7,r2,hold_trial-0.4,interp,0.75,
s07-r2-hold_trial-0.4,7,r2,hold_trial-0.4,hold,0.75,
s07-r2-ref,7,r2,ref,ceros,0.75,
s07-r2-ref,7,r2,ref,interp,0.75,
s07-r2-ref,7,r2,ref,hold,0.75,
s07-r3-disconnect-n10-1,7,r3,disconnect-n10-1,ceros,0.7083333333333333,
s07-r3-disconnect-n10-1,7,r3,disconnect-n10-1,interp,0.7083333333333333,
s07-r3-disconnect-n10-1,7,r3,disconnect-n10-1,hold,0.7083333333333333,
s07-r3-disconnect-n2-1,7,r3,disconnect-n2-1,ceros,0.75,
s07-r3-disconnect-n2-1,7,r3,disconnect-n2-1,interp,0.75,
s07-r3-disconnect-n2-1,7,r3,disconnect-n2-1,hold,0.75,
s07-r3-disconnect-n20-1,7,r3,disconnect-n20-1,ceros,0.75,
s07-r3-disconnect-n20-1,7,r3,disconnect-n20-1,interp,0.75,
s07-r3-disconnect-n20-1,7,r3,disconnect-n20-1,hold,0.75,
s07-r3-disconnect-n5-1,7,r3,disconnect-n5-1,ceros,0.75,
s07-r3-disconnect-n5-1,7,r3,disconnect-n5-1,interp,0.75,
s07-r3-disconnect-n5-1,7,r3,disconnect-n5-1,hold,0.75,
s07-r3-hold_trial-0.1,7,r3,hold_trial-0.1,ceros,0.7083333333333333,
s07-r3-hold_trial-0.1,7,r3,hold_trial-0.1,interp,0.7083333333333333,
s07-r3-hold_trial-0.1,7,r3,hold_trial-0.1,hold,0.7083333333333333,
s07-r3-hold_trial-0.25,7,r3,hold_trial-0.25,ceros,0.7083333333333333,
s07-r3-hold_trial-0.25,7,r3,hold_trial-0.25,interp,0.7083333333333333,
s07-r3-hold_trial-0.25,7,r3,hold_trial-0.25,hold,0.7083333333333333,
s07-r3-hold_trial-0.4,7,r3,hold_trial-0.4,ceros,0.5416666666666666,
s07-r3-hold_trial-0.4,7,r3,hold_trial-0.4,interp,0.5416666666666666,
s07-r3-hold_trial-0.4,7,r3,hold_trial-0.4,hold,0.5416666666666666,
s07-r3-ref,7,r3,ref,ceros,0.75,
s07-r3-ref,7,r3,ref,interp,0.75,
s07-r3-ref,7,r3,ref,hold,0.75,
s07-r4-disconnect-n10-1,7,r4,disconnect-n10-1,ceros,0.7083333333333333,
s07-r4-disconnect-n10-1,7,r4,disconnect-n10-1,interp,0.7083333333333333,
s07-r4-disconnect-n10-1,7,r4,disconnect-n10-1,hold,0.7083333333333333,
s07-r4-disconnect-n2-1,7,r4,disconnect-n2-1,ceros,0.75,
s07-r4-disconnect-n2-1,7,r4,disconnect-n2-1,interp,0.75,
s07-r4-disconnect-n2-1,7,r4,disconnect-n2-1,hold,0.75,
s07-r4-disconnect-n20-1,7,r4,disconnect-n20-1,ceros,0.6666666666666666,
s07-r4-disconnect-n20-1,7,r4,disconnect-n20-1,interp,0.6666666666666666,
s07-r4-disconnect-n20-1,7,r4,disconnect-n20-1,hold,0.6666666666666666,
s07-r4-disconnect-n5-1,7,r4,disconnect-n5-1,ceros,0.75,
s07-r4-disconnect-n5-1,7,r4,disconnect-n5-1,interp,0.75,
s07-r4-disconnect-n5-1,7,r4,disconnect-n5-1,hold,0.75,
s07-r4-hold_trial-0.1,7,r4,hold_trial-0.1,ceros,0.7083333333333333,
s07-r4-hold_trial-0.1,7,r4,hold_trial-0.1,interp,0.7083333333333333,
s07-r4-hold_trial-0.1,7,r4,hold_trial-0.1,hold,0.7083333333333333,
s07-r4-hold_trial-0.25,7,r4,hold_trial-0.25,ceros,0.625,
s07-r4-hold_trial-0.25,7,r4,hold_trial-0.25,interp,0.625,
s07-r4-hold_trial-0.25,7,r4,hold_trial-0.25,hold,0.625,
s07-r4-hold_trial-0.4,7,r4,hold_trial-0.4,ceros,0.6666666666666667,
s07-r4-hold_trial-0.4,7,r4,hold_trial-0.4,interp,0.6666666666666667,
s07-r4-hold_trial-0.4,7,r4,hold_trial-0.4,hold,0.6666666666666667,
s07-r4-ref,7,r4,ref,ceros,0.75,
s07-r4-ref,7,r4,ref,interp,0.75,
s07-r4-ref,7,r4,ref,hold,0.75,
s08-r0-disconnect-n10-1,8,r0,disconnect-n10-1,ceros,0.9166666666666666,
s08-r0-disconnect-n10-1,8,r0,disconnect-n10-1,interp,0.9166666666666666,
s08-r0-disconnect-n10-1,8,r0,disconnect-n10-1,hold,0.9166666666666666,
s08-r0-disconnect-n2-1,8,r0,disconnect-n2-1,ceros,0.9166666666666666,
s08-r0-disconnect-n2-1,8,r0,disconnect-n2-1,interp,0.9166666666666666,
s08-r0-disconnect-n2-1,8,r0,disconnect-n2-1,hold,0.9166666666666666,
s08-r0-disconnect-n20-1,8,r0,disconnect-n20-1,ceros,0.9166666666666666,
s08-r0-disconnect-n20-1,8,r0,disconnect-n20-1,interp,0.9166666666666666,
s08-r0-disconnect-n20-1,8,r0,disconnect-n20-1,hold,0.9166666666666666,
s08-r0-disconnect-n5-1.25,8,r0,disconnect-n5-1.25,ceros,0.9166666666666666,
s08-r0-disconnect-n5-1.25,8,r0,disconnect-n5-1.25,interp,0.9166666666666666,
s08-r0-disconnect-n5-1.25,8,r0,disconnect-n5-1.25,hold,0.9166666666666666,
s08-r0-disconnect-n5-1.75,8,r0,disconnect-n5-1.75,ceros,0.875,
s08-r0-disconnect-n5-1.75,8,r0,disconnect-n5-1.75,interp,0.875,
s08-r0-disconnect-n5-1.75,8,r0,disconnect-n5-1.75,hold,0.875,
s08-r0-disconnect-n5-1,8,r0,disconnect-n5-1,ceros,0.9166666666666666,
s08-r0-disconnect-n5-1,8,r0,disconnect-n5-1,interp,0.9166666666666666,
s08-r0-disconnect-n5-1,8,r0,disconnect-n5-1,hold,0.9166666666666666,
s08-r0-disconnect-n5-2.25,8,r0,disconnect-n5-2.25,ceros,0.9166666666666666,
s08-r0-disconnect-n5-2.25,8,r0,disconnect-n5-2.25,interp,0.9166666666666666,
s08-r0-disconnect-n5-2.25,8,r0,disconnect-n5-2.25,hold,0.9166666666666666,
s08-r0-hold_trial-0.1,8,r0,hold_trial-0.1,ceros,0.9166666666666666,
s08-r0-hold_trial-0.1,8,r0,hold_trial-0.1,interp,0.9166666666666666,
s08-r0-hold_trial-0.1,8,r0,hold_trial-0.1,hold,0.9166666666666666,
s08-r0-hold_trial-0.25,8,r0,hold_trial-0.25,ceros,0.9583333333333333,
s08-r0-hold_trial-0.25,8,r0,hold_trial-0.25,interp,0.9583333333333333,
s08-r0-hold_trial-0.25,8,r0,hold_trial-0.25,hold,0.9583333333333333,
s08-r0-hold_trial-0.4,8,r0,hold_trial-0.4,ceros,0.9583333333333333,
s08-r0-hold_trial-0.4,8,r0,hold_trial-0.4,interp,0.9583333333333333,
s08-r0-hold_trial-0.4,8,r0,hold_trial-0.4,hold,0.9583333333333333,
s08-r0-ref,8,r0,ref,ceros,0.9166666666666666,
s08-r0-ref,8,r0,ref,interp,0.9166666666666666,
s08-r0-ref,8,r0,ref,hold,0.9166666666666666,
s08-r1-disconnect-n10-1,8,r1,disconnect-n10-1,ceros,1.0,
s08-r1-disconnect-n10-1,8,r1,disconnect-n10-1,interp,1.0,
s08-r1-disconnect-n10-1,8,r1,disconnect-n10-1,hold,1.0,
s08-r1-disconnect-n2-1,8,r1,disconnect-n2-1,ceros,0.9583333333333333,
s08-r1-disconnect-n2-1,8,r1,disconnect-n2-1,interp,0.9583333333333333,
s08-r1-disconnect-n2-1,8,r1,disconnect-n2-1,hold,0.9583333333333333,
s08-r1-disconnect-n20-1,8,r1,disconnect-n20-1,ceros,0.9583333333333333,
s08-r1-disconnect-n20-1,8,r1,disconnect-n20-1,interp,0.9583333333333333,
s08-r1-disconnect-n20-1,8,r1,disconnect-n20-1,hold,0.9583333333333333,
s08-r1-disconnect-n5-1,8,r1,disconnect-n5-1,ceros,0.9166666666666666,
s08-r1-disconnect-n5-1,8,r1,disconnect-n5-1,interp,0.9166666666666666,
s08-r1-disconnect-n5-1,8,r1,disconnect-n5-1,hold,0.9166666666666666,
s08-r1-hold_trial-0.1,8,r1,hold_trial-0.1,ceros,0.9583333333333333,
s08-r1-hold_trial-0.1,8,r1,hold_trial-0.1,interp,0.9583333333333333,
s08-r1-hold_trial-0.1,8,r1,hold_trial-0.1,hold,0.9583333333333333,
s08-r1-hold_trial-0.25,8,r1,hold_trial-0.25,ceros,0.9166666666666667,
s08-r1-hold_trial-0.25,8,r1,hold_trial-0.25,interp,0.9166666666666667,
s08-r1-hold_trial-0.25,8,r1,hold_trial-0.25,hold,0.9166666666666667,
s08-r1-hold_trial-0.4,8,r1,hold_trial-0.4,ceros,0.875,
s08-r1-hold_trial-0.4,8,r1,hold_trial-0.4,interp,0.875,
s08-r1-hold_trial-0.4,8,r1,hold_trial-0.4,hold,0.875,
s08-r1-ref,8,r1,ref,ceros,0.9583333333333333,
s08-r1-ref,8,r1,ref,interp,0.9583333333333333,
s08-r1-ref,8,r1,ref,hold,0.9583333333333333,
s08-r2-disconnect-n10-1,8,r2,disconnect-n10-1,ceros,1.0,
s08-r2-disconnect-n10-1,8,r2,disconnect-n10-1,interp,1.0,
s08-r2-disconnect-n10-1,8,r2,disconnect-n10-1,hold,1.0,
s08-r2-disconnect-n2-1,8,r2,disconnect-n2-1,ceros,1.0,
s08-r2-disconnect-n2-1,8,r2,disconnect-n2-1,interp,1.0,
s08-r2-disconnect-n2-1,8,r2,disconnect-n2-1,hold,1.0,
s08-r2-disconnect-n20-1,8,r2,disconnect-n20-1,ceros,1.0,
s08-r2-disconnect-n20-1,8,r2,disconnect-n20-1,interp,1.0,
s08-r2-disconnect-n20-1,8,r2,disconnect-n20-1,hold,1.0,
s08-r2-disconnect-n5-1,8,r2,disconnect-n5-1,ceros,1.0,
s08-r2-disconnect-n5-1,8,r2,disconnect-n5-1,interp,1.0,
s08-r2-disconnect-n5-1,8,r2,disconnect-n5-1,hold,1.0,
s08-r2-hold_trial-0.1,8,r2,hold_trial-0.1,ceros,0.9583333333333333,
s08-r2-hold_trial-0.1,8,r2,hold_trial-0.1,interp,0.9583333333333333,
s08-r2-hold_trial-0.1,8,r2,hold_trial-0.1,hold,0.9583333333333333,
s08-r2-hold_trial-0.25,8,r2,hold_trial-0.25,ceros,0.9583333333333333,
s08-r2-hold_trial-0.25,8,r2,hold_trial-0.25,interp,0.9583333333333333,
s08-r2-hold_trial-0.25,8,r2,hold_trial-0.25,hold,0.9583333333333333,
s08-r2-hold_trial-0.4,8,r2,hold_trial-0.4,ceros,0.8333333333333333,
s08-r2-hold_trial-0.4,8,r2,hold_trial-0.4,interp,0.8333333333333333,
s08-r2-hold_trial-0.4,8,r2,hold_trial-0.4,hold,0.8333333333333333,
s08-r2-ref,8,r2,ref,ceros,1.0,
s08-r2-ref,8,r2,ref,interp,1.0,
s08-r2-ref,8,r2,ref,hold,1.0,
s08-r3-disconnect-n10-1,8,r3,disconnect-n10-1,ceros,0.9166666666666667,
s08-r3-disconnect-n10-1,8,r3,disconnect-n10-1,interp,0.9166666666666667,
s08-r3-disconnect-n10-1,8,r3,disconnect-n10-1,hold,0.9166666666666667,
s08-r3-disconnect-n2-1,8,r3,disconnect-n2-1,ceros,0.9583333333333333,
s08-r3-disconnect-n2-1,8,r3,disconnect-n2-1,interp,0.9583333333333333,
s08-r3-disconnect-n2-1,8,r3,disconnect-n2-1,hold,0.9583333333333333,
s08-r3-disconnect-n20-1,8,r3,disconnect-n20-1,ceros,0.9166666666666667,
s08-r3-disconnect-n20-1,8,r3,disconnect-n20-1,interp,0.9166666666666667,
s08-r3-disconnect-n20-1,8,r3,disconnect-n20-1,hold,0.9166666666666667,
s08-r3-disconnect-n5-1,8,r3,disconnect-n5-1,ceros,0.9583333333333333,
s08-r3-disconnect-n5-1,8,r3,disconnect-n5-1,interp,0.9583333333333333,
s08-r3-disconnect-n5-1,8,r3,disconnect-n5-1,hold,0.9583333333333333,
s08-r3-hold_trial-0.1,8,r3,hold_trial-0.1,ceros,0.875,
s08-r3-hold_trial-0.1,8,r3,hold_trial-0.1,interp,0.875,
s08-r3-hold_trial-0.1,8,r3,hold_trial-0.1,hold,0.875,
s08-r3-hold_trial-0.25,8,r3,hold_trial-0.25,ceros,0.875,
s08-r3-hold_trial-0.25,8,r3,hold_trial-0.25,interp,0.875,
s08-r3-hold_trial-0.25,8,r3,hold_trial-0.25,hold,0.875,
s08-r3-hold_trial-0.4,8,r3,hold_trial-0.4,ceros,0.75,
s08-r3-hold_trial-0.4,8,r3,hold_trial-0.4,interp,0.75,
s08-r3-hold_trial-0.4,8,r3,hold_trial-0.4,hold,0.75,
s08-r3-ref,8,r3,ref,ceros,0.9583333333333333,
s08-r3-ref,8,r3,ref,interp,0.9583333333333333,
s08-r3-ref,8,r3,ref,hold,0.9583333333333333,
s08-r4-disconnect-n10-1,8,r4,disconnect-n10-1,ceros,0.9166666666666667,
s08-r4-disconnect-n10-1,8,r4,disconnect-n10-1,interp,0.9166666666666667,
s08-r4-disconnect-n10-1,8,r4,disconnect-n10-1,hold,0.9166666666666667,
s08-r4-disconnect-n2-1,8,r4,disconnect-n2-1,ceros,0.9166666666666667,
s08-r4-disconnect-n2-1,8,r4,disconnect-n2-1,interp,0.9166666666666667,
s08-r4-disconnect-n2-1,8,r4,disconnect-n2-1,hold,0.9166666666666667,
s08-r4-disconnect-n20-1,8,r4,disconnect-n20-1,ceros,0.9166666666666667,
s08-r4-disconnect-n20-1,8,r4,disconnect-n20-1,interp,0.9166666666666667,
s08-r4-disconnect-n20-1,8,r4,disconnect-n20-1,hold,0.9166666666666667,
s08-r4-disconnect-n5-1,8,r4,disconnect-n5-1,ceros,0.9583333333333333,
s08-r4-disconnect-n5-1,8,r4,disconnect-n5-1,interp,0.9583333333333333,
s08-r4-disconnect-n5-1,8,r4,disconnect-n5-1,hold,0.9583333333333333,
s08-r4-hold_trial-0.1,8,r4,hold_trial-0.1,ceros,1.0,
s08-r4-hold_trial-0.1,8,r4,hold_trial-0.1,interp,1.0,
s08-r4-hold_trial-0.1,8,r4,hold_trial-0.1,hold,1.0,
s08-r4-hold_trial-0.25,8,r4,hold_trial-0.25,ceros,0.9166666666666666,
s08-r4-hold_trial-0.25,8,r4,hold_trial-0.25,interp,0.9166666666666666,
s08-r4-hold_trial-0.25,8,r4,hold_trial-0.25,hold,0.9166666666666666,
s08-r4-hold_trial-0.4,8,r4,hold_trial-0.4,ceros,0.875,
s08-r4-hold_trial-0.4,8,r4,hold_trial-0.4,interp,0.875,
s08-r4-hold_trial-0.4,8,r4,hold_trial-0.4,hold,0.875,
s08-r4-ref,8,r4,ref,ceros,0.9166666666666667,
s08-r4-ref,8,r4,ref,interp,0.9166666666666667,
s08-r4-ref,8,r4,ref,hold,0.9166666666666667,
s09-r0-disconnect-n10-1,9,r0,disconnect-n10-1,ceros,0.9583333333333333,
s09-r0-disconnect-n10-1,9,r0,disconnect-n10-1,interp,0.9583333333333333,
s09-r0-disconnect-n10-1,9,r0,disconnect-n10-1,hold,0.9583333333333333,
s09-r0-disconnect-n2-1,9,r0,disconnect-n2-1,ceros,1.0,
s09-r0-disconnect-n2-1,9,r0,disconnect-n2-1,interp,1.0,
s09-r0-disconnect-n2-1,9,r0,disconnect-n2-1,hold,1.0,
s09-r0-disconnect-n20-1,9,r0,disconnect-n20-1,ceros,0.9166666666666666,
s09-r0-disconnect-n20-1,9,r0,disconnect-n20-1,interp,0.9166666666666666,
s09-r0-disconnect-n20-1,9,r0,disconnect-n20-1,hold,0.9166666666666666,
s09-r0-disconnect-n5-1.25,9,r0,disconnect-n5-1.25,ceros,1.0,
s09-r0-disconnect-n5-1.25,9,r0,disconnect-n5-1.25,interp,1.0,
s09-r0-disconnect-n5-1.25,9,r0,disconnect-n5-1.25,hold,1.0,
s09-r0-disconnect-n5-1.75,9,r0,disconnect-n5-1.75,ceros,1.0,
s09-r0-disconnect-n5-1.75,9,r0,disconnect-n5-1.75,interp,1.0,
s09-r0-disconnect-n5-1.75,9,r0,disconnect-n5-1.75,hold,1.0,
s09-r0-disconnect-n5-1,9,r0,disconnect-n5-1,ceros,1.0,
s09-r0-disconnect-n5-1,9,r0,disconnect-n5-1,interp,1.0,
s09-r0-disconnect-n5-1,9,r0,disconnect-n5-1,hold,1.0,
s09-r0-disconnect-n5-2.25,9,r0,disconnect-n5-2.25,ceros,1.0,
s09-r0-disconnect-n5-2.25,9,r0,disconnect-n5-2.25,interp,1.0,
s09-r0-disconnect-n5-2.25,9,r0,disconnect-n5-2.25,hold,1.0,
s09-r0-hold_trial-0.1,9,r0,hold_trial-0.1,ceros,1.0,
s09-r0-hold_trial-0.1,9,r0,hold_trial-0.1,interp,1.0,
s09-r0-hold_trial-0.1,9,r0,hold_trial-0.1,hold,1.0,
s09-r0-hold_trial-0.25,9,r0,hold_trial-0.25,ceros,1.0,
s09-r0-hold_trial-0.25,9,r0,hold_trial-0.25,interp,1.0,
s09-r0-hold_trial-0.25,9,r0,hold_trial-0.25,hold,1.0,
s09-r0-hold_trial-0.4,9,r0,hold_trial-0.4,ceros,0.7916666666666666,
s09-r0-hold_trial-0.4,9,r0,hold_trial-0.4,interp,0.7916666666666666,
s09-r0-hold_trial-0.4,9,r0,hold_trial-0.4,hold,0.7916666666666666,
s09-r0-ref,9,r0,ref,ceros,1.0,
s09-r0-ref,9,r0,ref,interp,1.0,
s09-r0-ref,9,r0,ref,hold,1.0,
s09-r1-disconnect-n10-1,9,r1,disconnect-n10-1,ceros,0.875,
s09-r1-disconnect-n10-1,9,r1,disconnect-n10-1,interp,0.875,
s09-r1-disconnect-n10-1,9,r1,disconnect-n10-1,hold,0.875,
s09-r1-disconnect-n2-1,9,r1,disconnect-n2-1,ceros,0.9583333333333333,
s09-r1-disconnect-n2-1,9,r1,disconnect-n2-1,interp,0.9583333333333333,
s09-r1-disconnect-n2-1,9,r1,disconnect-n2-1,hold,0.9583333333333333,
s09-r1-disconnect-n20-1,9,r1,disconnect-n20-1,ceros,0.9583333333333333,
s09-r1-disconnect-n20-1,9,r1,disconnect-n20-1,interp,0.9583333333333333,
s09-r1-disconnect-n20-1,9,r1,disconnect-n20-1,hold,0.9583333333333333,
s09-r1-disconnect-n5-1,9,r1,disconnect-n5-1,ceros,0.9583333333333333,
s09-r1-disconnect-n5-1,9,r1,disconnect-n5-1,interp,0.9583333333333333,
s09-r1-disconnect-n5-1,9,r1,disconnect-n5-1,hold,0.9583333333333333,
s09-r1-hold_trial-0.1,9,r1,hold_trial-0.1,ceros,0.9583333333333333,
s09-r1-hold_trial-0.1,9,r1,hold_trial-0.1,interp,0.9583333333333333,
s09-r1-hold_trial-0.1,9,r1,hold_trial-0.1,hold,0.9583333333333333,
s09-r1-hold_trial-0.25,9,r1,hold_trial-0.25,ceros,1.0,
s09-r1-hold_trial-0.25,9,r1,hold_trial-0.25,interp,1.0,
s09-r1-hold_trial-0.25,9,r1,hold_trial-0.25,hold,1.0,
s09-r1-hold_trial-0.4,9,r1,hold_trial-0.4,ceros,0.75,
s09-r1-hold_trial-0.4,9,r1,hold_trial-0.4,interp,0.75,
s09-r1-hold_trial-0.4,9,r1,hold_trial-0.4,hold,0.75,
s09-r1-ref,9,r1,ref,ceros,0.9583333333333333,
s09-r1-ref,9,r1,ref,interp,0.9583333333333333,
s09-r1-ref,9,r1,ref,hold,0.9583333333333333,
s09-r2-disconnect-n10-1,9,r2,disconnect-n10-1,ceros,0.9166666666666667,
s09-r2-disconnect-n10-1,9,r2,disconnect-n10-1,interp,0.9166666666666667,
s09-r2-disconnect-n10-1,9,r2,disconnect-n10-1,hold,0.9166666666666667,
s09-r2-disconnect-n2-1,9,r2,disconnect-n2-1,ceros,0.9583333333333333,
s09-r2-disconnect-n2-1,9,r2,disconnect-n2-1,interp,0.9583333333333333,
s09-r2-disconnect-n2-1,9,r2,disconnect-n2-1,hold,0.9583333333333333,
s09-r2-disconnect-n20-1,9,r2,disconnect-n20-1,ceros,0.9166666666666666,
s09-r2-disconnect-n20-1,9,r2,disconnect-n20-1,interp,0.9166666666666666,
s09-r2-disconnect-n20-1,9,r2,disconnect-n20-1,hold,0.9583333333333333,
s09-r2-disconnect-n5-1,9,r2,disconnect-n5-1,ceros,0.9583333333333333,
s09-r2-disconnect-n5-1,9,r2,disconnect-n5-1,interp,0.9583333333333333,
s09-r2-disconnect-n5-1,9,r2,disconnect-n5-1,hold,0.9583333333333333,
s09-r2-hold_trial-0.1,9,r2,hold_trial-0.1,ceros,1.0,
s09-r2-hold_trial-0.1,9,r2,hold_trial-0.1,interp,1.0,
s09-r2-hold_trial-0.1,9,r2,hold_trial-0.1,hold,1.0,
s09-r2-hold_trial-0.25,9,r2,hold_trial-0.25,ceros,0.9166666666666666,
s09-r2-hold_trial-0.25,9,r2,hold_trial-0.25,interp,0.9166666666666666,
s09-r2-hold_trial-0.25,9,r2,hold_trial-0.25,hold,0.9166666666666666,
s09-r2-hold_trial-0.4,9,r2,hold_trial-0.4,ceros,0.8333333333333333,
s09-r2-hold_trial-0.4,9,r2,hold_trial-0.4,interp,0.8333333333333333,
s09-r2-hold_trial-0.4,9,r2,hold_trial-0.4,hold,0.8333333333333333,
s09-r2-ref,9,r2,ref,ceros,0.9583333333333333,
s09-r2-ref,9,r2,ref,interp,0.9583333333333333,
s09-r2-ref,9,r2,ref,hold,0.9583333333333333,
s09-r3-disconnect-n10-1,9,r3,disconnect-n10-1,ceros,0.8333333333333333,
s09-r3-disconnect-n10-1,9,r3,disconnect-n10-1,interp,0.7916666666666667,
s09-r3-disconnect-n10-1,9,r3,disconnect-n10-1,hold,0.7916666666666667,
s09-r3-disconnect-n2-1,9,r3,disconnect-n2-1,ceros,0.875,
s09-r3-disconnect-n2-1,9,r3,disconnect-n2-1,interp,0.875,
s09-r3-disconnect-n2-1,9,r3,disconnect-n2-1,hold,0.875,
s09-r3-disconnect-n20-1,9,r3,disconnect-n20-1,ceros,0.8333333333333334,
s09-r3-disconnect-n20-1,9,r3,disconnect-n20-1,interp,0.8333333333333334,
s09-r3-disconnect-n20-1,9,r3,disconnect-n20-1,hold,0.8333333333333334,
s09-r3-disconnect-n5-1,9,r3,disconnect-n5-1,ceros,0.875,
s09-r3-disconnect-n5-1,9,r3,disconnect-n5-1,interp,0.875,
s09-r3-disconnect-n5-1,9,r3,disconnect-n5-1,hold,0.875,
s09-r3-hold_trial-0.1,9,r3,hold_trial-0.1,ceros,0.8333333333333333,
s09-r3-hold_trial-0.1,9,r3,hold_trial-0.1,interp,0.8333333333333333,
s09-r3-hold_trial-0.1,9,r3,hold_trial-0.1,hold,0.8333333333333333,
s09-r3-hold_trial-0.25,9,r3,hold_trial-0.25,ceros,0.8333333333333333,
s09-r3-hold_trial-0.25,9,r3,hold_trial-0.25,interp,0.8333333333333333,
s09-r3-hold_trial-0.25,9,r3,hold_trial-0.25,hold,0.8333333333333333,
s09-r3-hold_trial-0.4,9,r3,hold_trial-0.4,ceros,0.8333333333333333,
s09-r3-hold_trial-0.4,9,r3,hold_trial-0.4,interp,0.8333333333333333,
s09-r3-hold_trial-0.4,9,r3,hold_trial-0.4,hold,0.8333333333333333,
s09-r3-ref,9,r3,ref,ceros,0.875,
s09-r3-ref,9,r3,ref,interp,0.875,
s09-r3-ref,9,r3,ref,hold,0.875,
s09-r4-disconnect-n10-1,9,r4,disconnect-n10-1,ceros,0.8333333333333334,
s09-r4-disconnect-n10-1,9,r4,disconnect-n10-1,interp,0.8333333333333334,
s09-r4-disconnect-n10-1,9,r4,disconnect-n10-1,hold,0.8333333333333334,
s09-r4-disconnect-n2-1,9,r4,disconnect-n2-1,ceros,0.8333333333333333,
s09-r4-disconnect-n2-1,9,r4,disconnect-n2-1,interp,0.8333333333333333,
s09-r4-disconnect-n2-1,9,r4,disconnect-n2-1,hold,0.8333333333333333,
s09-r4-disconnect-n20-1,9,r4,disconnect-n20-1,ceros,0.875,
s09-r4-disconnect-n20-1,9,r4,disconnect-n20-1,interp,0.875,
s09-r4-disconnect-n20-1,9,r4,disconnect-n20-1,hold,0.875,
s09-r4-disconnect-n5-1,9,r4,disconnect-n5-1,ceros,0.8333333333333333,
s09-r4-disconnect-n5-1,9,r4,disconnect-n5-1,interp,0.8333333333333333,
s09-r4-disconnect-n5-1,9,r4,disconnect-n5-1,hold,0.8333333333333333,
s09-r4-hold_trial-0.1,9,r4,hold_trial-0.1,ceros,0.8333333333333333,
s09-r4-hold_trial-0.1,9,r4,hold_trial-0.1,interp,0.8333333333333333,
s09-r4-hold_trial-0.1,9,r4,hold_trial-0.1,hold,0.8333333333333333,
s09-r4-hold_trial-0.25,9,r4,hold_trial-0.25,ceros,0.8333333333333334,
s09-r4-hold_trial-0.25,9,r4,hold_trial-0.25,interp,0.8333333333333334,
s09-r4-hold_trial-0.25,9,r4,hold_trial-0.25,hold,0.8333333333333334,
s09-r4-hold_trial-0.4,9,r4,hold_trial-0.4,ceros,0.7083333333333333,
s09-r4-hold_trial-0.4,9,r4,hold_trial-0.4,interp,0.7083333333333333,
s09-r4-hold_trial-0.4,9,r4,hold_trial-0.4,hold,0.7083333333333333,
s09-r4-ref,9,r4,ref,ceros,0.8333333333333333,
s09-r4-ref,9,r4,ref,interp,0.8333333333333333,
s09-r4-ref,9,r4,ref,hold,0.8333333333333333,
