label,kind,severity,n_exec,med_subj_lt1000,q1_subj_lt1000,q3_subj_lt1000,glob_lt1000,med_subj_lt500,glob_lt500,glob_invalid,lost_frac_med_subj,lost_frac_glob,n_med_glob,E_guarda,obs_mean_exec,obs_se_exec,E_guarda_mean,E_r0,E_modelo,r_tarea1,hueco_tarea1,obs_trials_por_corte,mod_trials_por_corte,n_esperado_ventana,dBA_mean_CSP+LDA,dBA_med_CSP+LDA,p_holm_CSP+LDA,wilcoxon_p_CSP+LDA,bacc_ref_CSP+LDA,dBA_mean_EEGNet,dBA_med_EEGNet,p_holm_EEGNet,wilcoxon_p_EEGNet,bacc_ref_EEGNet
ref,none,0.0,45,0.0,0.0,0.0,0.0,0.0,0.0,0.0,0.0,0.0,1000.0,,,,,,,,,,,,,,,,0.7083333333333334,,,,,0.75
loss-random-0.01,loss,0.01,45,1.0,1.0,1.0,1.0,0.0,0.0,0.0,0.009750000000000009,0.009887962962962973,990.0,,,,,,,,,,,,-0.013888888888888902,0.0,0.75,0.25,,-0.009259259259259238,0.0,1.0,0.5,
loss-random-0.05,loss,0.05,45,1.0,1.0,1.0,1.0,0.0,0.0,0.0,0.049958333333333375,0.04999907407407412,950.0,,,,,,,,,,,,-0.013888888888888864,0.0,1.0,0.75,,-0.009259259259259238,0.0,1.0,0.75,
loss-random-0.1,loss,0.1,45,1.0,1.0,1.0,1.0,0.0,0.0,0.0,0.09999999999999998,0.1001685185185185,900.0,,,,,,,,,,,,-0.013888888888888914,0.0,1.0,0.5,,-0.004629629629629613,0.0,1.0,1.0,
jitter-0.01,jitter,0.01,45,0.0,0.0,0.0,0.0,0.0,0.0,0.0,0.0,0.0,1000.0,,,,,,,,,,,,0.0,0.0,1.0,,,0.0,0.0,1.0,,
jitter-0.05,jitter,0.05,45,0.0,0.0,0.0,0.0,0.0,0.0,0.0,0.0,0.0,1000.0,,,,,,,,,,,,0.0,0.0,1.0,,,0.0,0.0,1.0,,
jitter-0.1,jitter,0.1,45,0.0,0.0,0.0,0.0,0.0,0.0,0.0,0.0,0.0,1000.0,,,,,,,,,,,,0.0,0.0,1.0,,,0.0,0.0,1.0,,
delay-0.05,delay,0.05,45,0.0,0.0,0.0,0.0,0.0,0.0,0.0,0.0,0.0,1000.0,,,,,,,,,,,,0.0,0.0,1.0,,,0.0,0.0,1.0,,
delay-0.1,delay,0.1,45,0.0,0.0,0.0,0.0,0.0,0.0,0.0,0.0,0.0,1000.0,,,,,,,,,,,,0.0,0.0,1.0,,,0.0,0.0,1.0,,
delay-0.25,delay,0.25,45,0.0,0.0,0.0,0.0,0.0,0.0,0.0,0.0,0.0,1000.0,,,,,,,,,,,,0.0,0.0,1.0,,,0.0,0.0,1.0,,
disconnect-0.5,disconnect,0.5,45,0.08333333333333333,0.041666666666666664,0.08333333333333333,0.06944444444444445,0.0,0.0,0.0,0.015833333333333335,0.01927037037037037,1000.0,0.06788218793828742,0.06944444444444443,0.007131323861839868,0.06973788374629841,0.05813953488372093,0.07131782945736434,1.02,1.52,0.3333333333333333,0.3423255813953488,,-0.009259259259259264,0.0,1.0,0.5,,-0.009259259259259226,0.0,1.0,0.5,
disconnect-1,disconnect,1.0,45,0.08333333333333333,0.041666666666666664,0.08333333333333333,0.062037037037037036,0.0,0.0,0.0,0.015833333333333335,0.018273148148148146,1000.0,0.06784410112359582,0.06203703703703704,0.006571050188981058,0.0694779650436952,0.06459948320413436,0.07131782945736434,0.52,1.52,0.29910714285714285,0.3423255813953488,,0.0,0.0,1.0,1.0,,-0.004629629629629626,0.0,1.0,1.0,
disconnect-3,disconnect,3.0,45,0.08333333333333333,0.08333333333333333,0.08333333333333333,0.08703703703703704,0.041666666666666664,0.041666666666666664,0.008333333333333333,0.04270833333333333,0.041744444444444445,1000.0,0.09294491525423763,0.08703703703703702,0.006597683692289602,0.09559745762711849,0.09043927648578812,0.09715762273901807,0.52,3.52,0.4177777777777778,0.4663565891472868,,-0.016666666666666632,0.0,0.375,0.125,,-0.001262626262626237,0.0,1.0,0.5,
burst_trial-0.1,burst_trial,0.1,45,1.0,1.0,1.0,1.0,0.0,0.0,0.0,0.09999999999999998,0.09999999999999994,900.0,,,,,,,,,,,,-0.013888888888888864,0.0,0.375,0.375,,-0.013888888888888777,0.0,0.59375,0.5625,
burst_trial-0.25,burst_trial,0.25,45,1.0,1.0,1.0,1.0,0.0,0.0,0.0,0.25,0.25,750.0,,,,,,,,,,,,-0.03240740740740741,-0.04166666666666663,0.25,0.125,,-0.037037037037036945,-0.04166666666666652,0.59375,0.296875,
burst_trial-0.4,burst_trial,0.4,45,1.0,1.0,1.0,1.0,0.0,0.0,0.0,0.4000000000000001,0.3999981481481481,600.0,,,,,,,,,,,,-0.06481481481481483,-0.04166666666666685,0.01171875,0.00390625,,-0.07870370370370362,-0.08333333333333315,0.0234375,0.0078125,
disconnect_trial-0.5,disconnect_trial,0.5,45,1.0,1.0,1.0,1.0,0.0,0.0,0.0,0.38000000000000006,0.38,620.0,,,,,,,1.02,1.52,,,620.0,-0.05092592592592593,-0.04166666666666674,0.0625,0.03125,,-0.12962962962962957,-0.12499999999999989,0.01171875,0.00390625,
disconnect_trial-1,disconnect_trial,1.0,45,1.0,1.0,1.0,1.0,0.0,0.0,0.0,0.38000000000000006,0.38001851851851853,620.0,,,,,,,0.52,1.52,,,620.0,-0.05092592592592593,-0.04166666666666674,0.0625,0.03125,,-0.12962962962962957,-0.12499999999999989,0.01171875,0.00390625,
disconnect_trial-2,disconnect_trial,2.0,45,1.0,1.0,1.0,1.0,1.0,1.0,0.0,0.63,0.6300277777777777,370.0,,,,,,,0.52,2.52,,,370.0,-0.09722222222222222,-0.08333333333333326,0.01171875,0.00390625,,-0.22222222222222218,-0.20833333333333326,0.01171875,0.00390625,
