decoder,label,n,mean_diff,median_diff,n_neg,n_zero,n_pos,HL,ci_lo,ci_hi,conf_real,boot_lo,boot_hi,dentro_exacto,dentro_boot,ancho_exacto
CSP+LDA,loss-random-0.01,9,-0.013888888888888902,0.0,3,6,0,-0.020833333333333315,-0.04166666666666663,0.0,0.9609375,-0.02083333333333337,0.0,False,True,0.04166666666666663
CSP+LDA,loss-random-0.05,9,-0.013888888888888864,0.0,2,5,2,0.0,-0.0625,0.02083333333333337,0.9609375,-0.06249999999999989,2.220446049250313e-16,False,False,0.08333333333333337
CSP+LDA,loss-random-0.1,9,-0.013888888888888914,0.0,3,3,3,-1.1102230246251565e-16,-0.0625,0.04166666666666652,0.9609375,-0.0625,0.02083333333333337,False,False,0.10416666666666652
CSP+LDA,jitter-0.01,9,0.0,0.0,0,9,0,0.0,0.0,0.0,0.9609375,0.0,0.0,True,True,0.0
CSP+LDA,jitter-0.05,9,0.0,0.0,0,9,0,0.0,0.0,0.0,0.9609375,0.0,0.0,True,True,0.0
CSP+LDA,jitter-0.1,9,0.0,0.0,0,9,0,0.0,0.0,0.0,0.9609375,0.0,0.0,True,True,0.0
CSP+LDA,delay-0.05,9,0.0,0.0,0,9,0,0.0,0.0,0.0,0.9609375,0.0,0.0,True,True,0.0
CSP+LDA,delay-0.1,9,0.0,0.0,0,9,0,0.0,0.0,0.0,0.9609375,0.0,0.0,True,True,0.0
CSP+LDA,delay-0.25,9,0.0,0.0,0,9,0,0.0,0.0,0.0,0.9609375,0.0,0.0,True,True,0.0
CSP+LDA,disconnect-0.5,9,-0.009259259259259264,0.0,2,7,0,0.0,-0.02083333333333337,0.0,0.9609375,-0.02083333333333337,0.0,True,True,0.02083333333333337
CSP+LDA,disconnect-1,9,0.0,0.0,1,7,1,0.0,-0.020833333333333315,0.020833333333333315,0.9609375,-0.020833333333333315,0.020833333333333315,True,True,0.04166666666666663
CSP+LDA,disconnect-3,9,-0.016666666666666632,0.0,4,5,0,-0.02083333333333315,-0.0416666666666663,0.0,0.9609375,-0.033333333333333326,0.0,False,False,0.0416666666666663
CSP+LDA,burst_trial-0.1,9,-0.013888888888888864,0.0,4,4,1,-0.02083333333333326,-0.04166666666666663,5.551115123125783e-17,0.9609375,-0.041666666666666574,0.0,False,False,0.041666666666666685
CSP+LDA,burst_trial-0.25,9,-0.03240740740740741,-0.04166666666666663,5,3,1,-0.020833333333333426,-0.08333333333333326,0.0,0.9609375,-0.0625,0.0,False,False,0.08333333333333326
CSP+LDA,burst_trial-0.4,9,-0.06481481481481483,-0.04166666666666685,9,0,0,-0.0625,-0.08333333333333337,-0.041666666666666685,0.9609375,-0.08333333333333337,-0.04166666666666674,False,False,0.041666666666666685
CSP+LDA,disconnect_trial-0.5,9,-0.05092592592592593,-0.04166666666666674,7,1,1,-0.04166666666666674,-0.08333333333333343,-5.551115123125783e-17,0.9609375,-0.08333333333333337,-0.02083333333333326,False,False,0.08333333333333337
CSP+LDA,disconnect_trial-1,9,-0.05092592592592593,-0.04166666666666674,7,1,1,-0.04166666666666674,-0.08333333333333343,-5.551115123125783e-17,0.9609375,-0.08333333333333337,-0.02083333333333326,False,False,0.08333333333333337
CSP+LDA,disconnect_trial-2,9,-0.09722222222222222,-0.08333333333333326,9,0,0,-0.08333333333333343,-0.14583333333333331,-0.04166666666666674,0.9609375,-0.1250000000000001,-0.041666666666666796,False,False,0.10416666666666657
EEGNet,loss-random-0.01,9,-0.009259259259259238,0.0,2,7,0,0.0,-0.020833333333333315,0.0,0.9609375,-0.020833333333333315,0.0,True,True,0.020833333333333315
EEGNet,loss-random-0.05,9,-0.009259259259259238,0.0,3,5,1,0.0,-0.04166666666666652,0.02083333333333337,0.9609375,-0.02083333333333337,5.551115123125783e-17,False,True,0.06249999999999989
EEGNet,loss-random-0.1,9,-0.004629629629629613,0.0,1,7,1,0.0,-0.020833333333333315,5.551115123125783e-17,0.9609375,-0.020833333333333315,5.551115123125783e-17,True,True,0.02083333333333337
EEGNet,jitter-0.01,9,0.0,0.0,0,9,0,0.0,0.0,0.0,0.9609375,0.0,0.0,True,True,0.0
EEGNet,jitter-0.05,9,0.0,0.0,0,9,0,0.0,0.0,0.0,0.9609375,0.0,0.0,True,True,0.0
EEGNet,jitter-0.1,9,0.0,0.0,0,9,0,0.0,0.0,0.0,0.9609375,0.0,0.0,True,True,0.0
EEGNet,delay-0.05,9,0.0,0.0,0,9,0,0.0,0.0,0.0,0.9609375,0.0,0.0,True,True,0.0
EEGNet,delay-0.1,9,0.0,0.0,0,9,0,0.0,0.0,0.0,0.9609375,0.0,0.0,True,True,0.0
EEGNet,delay-0.25,9,0.0,0.0,0,9,0,0.0,0.0,0.0,0.9609375,0.0,0.0,True,True,0.0
EEGNet,disconnect-0.5,9,-0.009259259259259226,0.0,2,6,1,0.0,-0.020833333333333315,5.551115123125783e-17,0.9609375,-0.020833333333333315,0.0,True,True,0.02083333333333337
EEGNet,disconnect-1,9,-0.004629629629629626,0.0,1,8,0,0.0,-0.020833333333333315,0.0,0.9609375,-0.020833333333333315,0.0,True,True,0.020833333333333315
EEGNet,disconnect-3,9,-0.001262626262626237,0.0,2,7,0,0.0,-0.0037878787878787845,0.0,0.9609375,-0.0037878787878787845,0.0,True,True,0.0037878787878787845
EEGNet,burst_trial-0.1,9,-0.013888888888888777,0.0,4,3,2,-0.02083333333333315,-0.04166666666666646,2.220446049250313e-16,0.9609375,-0.0416666666666663,1.1102230246251565e-16,False,False,0.041666666666666685
EEGNet,burst_trial-0.25,9,-0.037037037037036945,-0.04166666666666652,6,1,2,-0.04166666666666646,-0.10416666666666646,2.220446049250313e-16,0.9609375,-0.08333333333333315,1.1102230246251565e-16,False,False,0.10416666666666669
EEGNet,burst_trial-0.4,9,-0.07870370370370362,-0.08333333333333315,8,0,1,-0.08333333333333315,-0.125,-0.04166666666666652,0.9609375,-0.12499999999999983,-0.04166666666666663,False,False,0.08333333333333348
EEGNet,disconnect_trial-0.5,9,-0.12962962962962957,-0.12499999999999989,9,0,0,-0.12499999999999992,-0.2083333333333332,-0.062499999999999944,0.9609375,-0.18749999999999992,-0.08333333333333309,False,False,0.14583333333333326
EEGNet,disconnect_trial-1,9,-0.12962962962962957,-0.12499999999999989,9,0,0,-0.12499999999999992,-0.2083333333333332,-0.062499999999999944,0.9609375,-0.18749999999999983,-0.08333333333333312,False,False,0.14583333333333326
EEGNet,disconnect_trial-2,9,-0.22222222222222218,-0.20833333333333326,9,0,0,-0.2083333333333332,-0.3749999999999998,-0.12499999999999989,0.9609375,-0.3541666666666665,-0.125,False,False,0.2499999999999999
