kind,severity,label,bacc,acc,conf,valid_rate,decision_delay_ms,recv_ratio,n_gaps,gap_s,lat_mean_ms,lat_max_ms,ia_std_ms,ia_max_ms,secs_no_data,reconnections,kind_es
delay,0.05,delay-0.05,0.8125,0.8125,0.8452500000000001,1.0,1081.95,0.9998449612403101,0.0,0.0,52.65624031007752,64.66499999999999,1.829819121447028,42.25,0.0,0.0,retraso
delay,0.1,delay-0.1,0.8125,0.8125,0.8452500000000001,1.0,1132.475,0.9998449612403101,0.0,0.0,102.65409560723515,116.68,1.8328294573643413,42.235,0.0,0.0,retraso
delay,0.25,delay-0.25,0.8125,0.8125,0.8452500000000001,1.0,1281.775,0.9998449612403101,0.0,0.0,252.65325581395345,272.11,1.8363436692506458,42.235,0.0,0.0,retraso
disconnect,0.5,disconnect-0.5,0.8125,0.8125,0.8471229166666667,1.0,1031.4,0.9802067183462533,5.0,10.100000000000001,2.648508983244734,22.11,7.199721101352955,1563.13,2.5,5.0,desconexión
disconnect,1.0,disconnect-1,0.8125,0.8125,0.8574249999999999,1.0,1032.1,0.9802067183462533,5.0,10.600000000000001,2.650917771523516,14.655000000000001,7.044933637043584,1562.8600000000001,3.0,5.0,desconexión
disconnect,3.0,disconnect-3,0.8125,0.8125,0.8480939393939395,1.0,1033.0499999999997,0.9543152454780361,5.0,29.64,2.652426666666667,16.669999999999998,14.66332025185441,3580.95,13.0,5.0,desconexión
jitter,0.01,jitter-0.01,0.8125,0.8125,0.8452729166666668,1.0,1035.5,0.9998449612403101,0.0,0.0,6.6357881136950905,39.945,8.301149870801034,76.42,0.0,0.0,jitter
jitter,0.05,jitter-0.05,0.8125,0.8125,0.8452729166666668,1.0,1044.925,0.9998449612403101,0.0,0.0,16.85848837209302,137.23499999999999,30.744328165374675,221.54500000000002,0.0,0.0,jitter
jitter,0.1,jitter-0.1,0.8125,0.8125,0.8452729166666668,1.0,1081.3249999999998,0.9998449612403101,0.0,0.0,34.87686046511628,289.015,56.51467700258398,386.975,0.0,0.0,jitter
loss,0.01,loss-random-0.01,0.8125,0.8125,0.8452375,1.0,1031.4,0.9898036175710594,959.5,3.886,2.6939793281653746,15.024999999999999,1.8269250645994832,42.36,0.0,0.0,pérdida de muestras
loss,0.05,loss-random-0.05,0.8333333333333333,0.8333333333333333,0.8436645833333333,1.0,1032.75,0.9498242894056848,4588.0,19.358000000000004,2.865968992248062,17.135,1.8273901808785529,41.864999999999995,0.0,0.0,pérdida de muestras
loss,0.1,loss-random-0.1,0.8125,0.8125,0.8777208333333333,1.0,1032.6,0.8996537467700259,8710.0,38.774,3.1062403100775198,19.81,1.8267700258397932,41.59,0.0,0.0,pérdida de muestras
none,0.0,ref,0.8125,0.8125,0.8452500000000001,1.0,1032.525,0.9998449612403101,0.0,0.0,2.655503875968992,18.67,1.8250129198966412,42.075,0.0,0.0,referencia
