metric,kind,severity,n,median_ref,median_cond,diff,friedman_chi2,friedman_p,wilcoxon_p,p_holm,r,rank_biserial,kind_es
recv_ratio,loss,0.01,9,0.9998449612403101,0.9898036175710594,-0.01004134366925069,27.0,5.887355583577668e-06,0.00390625,0.01171875,0.9618783041422524,-1.0,pérdida de muestras
recv_ratio,loss,0.05,9,0.9998449612403101,0.9498242894056848,-0.05002067183462533,27.0,5.887355583577668e-06,0.00390625,0.01171875,0.9618783041422524,-1.0,pérdida de muestras
recv_ratio,loss,0.1,9,0.9998449612403101,0.8996537467700259,-0.10019121447028423,27.0,5.887355583577668e-06,0.00390625,0.01171875,0.9618783041422524,-1.0,pérdida de muestras
recv_ratio,jitter,0.01,9,0.9998449612403101,0.9998449612403101,0.0,,,,1.0,,,jitter
recv_ratio,jitter,0.05,9,0.9998449612403101,0.9998449612403101,0.0,,,,1.0,,,jitter
recv_ratio,jitter,0.1,9,0.9998449612403101,0.9998449612403101,0.0,,,,1.0,,,jitter
recv_ratio,delay,0.05,9,0.9998449612403101,0.9998449612403101,0.0,,,,1.0,,,retraso
recv_ratio,delay,0.1,9,0.9998449612403101,0.9998449612403101,0.0,,,,1.0,,,retraso
recv_ratio,delay,0.25,9,0.9998449612403101,0.9998449612403101,0.0,,,,1.0,,,retraso
recv_ratio,disconnect,0.5,9,0.9998449612403101,0.9802067183462533,-0.0196382428940568,27.00000000000001,5.887355583577634e-06,0.00390625,0.01171875,0.9618783041422524,-1.0,desconexión
recv_ratio,disconnect,1.0,9,0.9998449612403101,0.9802067183462533,-0.0196382428940568,27.00000000000001,5.887355583577634e-06,0.00390625,0.01171875,0.9618783041422524,-1.0,desconexión
recv_ratio,disconnect,3.0,9,0.9998449612403101,0.9543152454780361,-0.04552971576227394,27.00000000000001,5.887355583577634e-06,0.00390625,0.01171875,0.9618783041422524,-1.0,desconexión
n_gaps,loss,0.01,9,0.0,959.5,959.5,27.0,5.887355583577668e-06,0.00390625,0.01171875,0.9618783041422524,1.0,pérdida de muestras
n_gaps,loss,0.05,9,0.0,4588.0,4588.0,27.0,5.887355583577668e-06,0.00390625,0.01171875,0.9618783041422524,1.0,pérdida de muestras
n_gaps,loss,0.1,9,0.0,8710.0,8710.0,27.0,5.887355583577668e-06,0.00390625,0.01171875,0.9618783041422524,1.0,pérdida de muestras
n_gaps,jitter,0.01,9,0.0,0.0,0.0,,,,1.0,,,jitter
n_gaps,jitter,0.05,9,0.0,0.0,0.0,,,,1.0,,,jitter
n_gaps,jitter,0.1,9,0.0,0.0,0.0,,,,1.0,,,jitter
n_gaps,delay,0.05,9,0.0,0.0,0.0,,,,1.0,,,retraso
n_gaps,delay,0.1,9,0.0,0.0,0.0,,,,1.0,,,retraso
n_gaps,delay,0.25,9,0.0,0.0,0.0,,,,1.0,,,retraso
n_gaps,disconnect,0.5,9,0.0,5.0,5.0,26.999999999999982,5.887355583577715e-06,0.00390625,0.01171875,0.9618783041422524,1.0,desconexión
n_gaps,disconnect,1.0,9,0.0,5.0,5.0,26.999999999999982,5.887355583577715e-06,0.00390625,0.01171875,0.9618783041422524,1.0,desconexión
n_gaps,disconnect,3.0,9,0.0,5.0,5.0,26.999999999999982,5.887355583577715e-06,0.00390625,0.01171875,0.9618783041422524,1.0,desconexión
lat_mean_ms,loss,0.01,9,2.655503875968992,2.6939793281653746,0.040297157622739554,27.0,5.887355583577668e-06,0.00390625,0.01171875,0.9618783041422524,1.0,pérdida de muestras
lat_mean_ms,loss,0.05,9,2.655503875968992,2.865968992248062,0.2119767441860465,27.0,5.887355583577668e-06,0.00390625,0.01171875,0.9618783041422524,1.0,pérdida de muestras
lat_mean_ms,loss,0.1,9,2.655503875968992,3.1062403100775198,0.45177002583979275,27.0,5.887355583577668e-06,0.00390625,0.01171875,0.9618783041422524,1.0,pérdida de muestras
lat_mean_ms,jitter,0.01,9,2.655503875968992,6.6357881136950905,3.983217054263566,27.0,5.887355583577668e-06,0.00390625,0.01171875,0.9618783041422524,1.0,jitter
lat_mean_ms,jitter,0.05,9,2.655503875968992,16.85848837209302,14.193759689922478,27.0,5.887355583577668e-06,0.00390625,0.01171875,0.9618783041422524,1.0,jitter
lat_mean_ms,jitter,0.1,9,2.655503875968992,34.87686046511628,32.21701550387597,27.0,5.887355583577668e-06,0.00390625,0.01171875,0.9618783041422524,1.0,jitter
lat_mean_ms,delay,0.05,9,2.655503875968992,52.65624031007752,49.99502583979328,27.0,5.887355583577668e-06,0.00390625,0.01171875,0.9618783041422524,1.0,retraso
lat_mean_ms,delay,0.1,9,2.655503875968992,102.65409560723515,99.99461240310079,27.0,5.887355583577668e-06,0.00390625,0.01171875,0.9618783041422524,1.0,retraso
lat_mean_ms,delay,0.25,9,2.655503875968992,252.65325581395345,250.00117571059428,27.0,5.887355583577668e-06,0.00390625,0.01171875,0.9618783041422524,1.0,retraso
lat_mean_ms,disconnect,0.5,9,2.655503875968992,2.648508983244734,-0.0035711201144392746,0.3333333333333428,0.9536421730962534,0.359375,1.0,0.30551888917770426,-0.37777777777777777,desconexión
lat_mean_ms,disconnect,1.0,9,2.655503875968992,2.650917771523516,-0.004978766685410196,0.3333333333333428,0.9536421730962534,0.49609375,1.0,0.22688292837588217,-0.28888888888888886,desconexión
lat_mean_ms,disconnect,3.0,9,2.655503875968992,2.652426666666667,0.0004004441428659966,0.3333333333333428,0.9536421730962534,0.65234375,1.0,0.15016953542739275,-0.2,desconexión
ia_std_ms,loss,0.01,9,1.8250129198966412,1.8269250645994832,0.0026356589147282783,0.3333333333333428,0.9536421730962534,0.8203125,1.0,0.07571435416757177,-0.1111111111111111,pérdida de muestras
ia_std_ms,loss,0.05,9,1.8250129198966412,1.8273901808785529,0.0023772609819117108,0.3333333333333428,0.9536421730962534,1.0,1.0,0.0,0.022222222222222223,pérdida de muestras
ia_std_ms,loss,0.1,9,1.8250129198966412,1.8267700258397932,-0.0027906976744183076,0.3333333333333428,0.9536421730962534,0.8203125,1.0,0.07571435416757177,-0.1111111111111111,pérdida de muestras
ia_std_ms,jitter,0.01,9,1.8250129198966412,8.301149870801034,6.481782945736437,27.0,5.887355583577668e-06,0.00390625,0.01171875,0.9618783041422524,1.0,jitter
ia_std_ms,jitter,0.05,9,1.8250129198966412,30.744328165374675,28.89708010335917,27.0,5.887355583577668e-06,0.00390625,0.01171875,0.9618783041422524,1.0,jitter
ia_std_ms,jitter,0.1,9,1.8250129198966412,56.51467700258398,54.68966408268734,27.0,5.887355583577668e-06,0.00390625,0.01171875,0.9618783041422524,1.0,jitter
ia_std_ms,delay,0.05,9,1.8250129198966412,1.829819121447028,-0.0006072351421186895,1.6666666666666572,0.6443698056370273,1.0,1.0,0.0,-0.022222222222222223,retraso
ia_std_ms,delay,0.1,9,1.8250129198966412,1.8328294573643413,0.008901808785529708,1.6666666666666572,0.6443698056370273,0.25,0.75,0.3834497934586693,0.4666666666666667,retraso
ia_std_ms,delay,0.25,9,1.8250129198966412,1.8363436692506458,0.011614987080103223,1.6666666666666572,0.6443698056370273,0.5703125,1.0,0.18919710784818974,0.24444444444444444,retraso
ia_std_ms,disconnect,0.5,9,1.8250129198966412,7.199721101352955,5.3564782072961075,24.599999999999994,1.8718494055902966e-05,0.00390625,0.01171875,0.9618783041422524,1.0,desconexión
ia_std_ms,disconnect,1.0,9,1.8250129198966412,7.044933637043584,5.201458184847202,24.599999999999994,1.8718494055902966e-05,0.00390625,0.01171875,0.9618783041422524,1.0,desconexión
ia_std_ms,disconnect,3.0,9,1.8250129198966412,14.66332025185441,12.820077357797562,24.599999999999994,1.8718494055902966e-05,0.00390625,0.01171875,0.9618783041422524,1.0,desconexión
secs_no_data,loss,0.01,9,0.0,0.0,0.0,,,,1.0,,,pérdida de muestras
secs_no_data,loss,0.05,9,0.0,0.0,0.0,,,,1.0,,,pérdida de muestras
secs_no_data,loss,0.1,9,0.0,0.0,0.0,,,,1.0,,,pérdida de muestras
secs_no_data,jitter,0.01,9,0.0,0.0,0.0,,,,1.0,,,jitter
secs_no_data,jitter,0.05,9,0.0,0.0,0.0,,,,1.0,,,jitter
secs_no_data,jitter,0.1,9,0.0,0.0,0.0,,,,1.0,,,jitter
secs_no_data,delay,0.05,9,0.0,0.0,0.0,,,,1.0,,,retraso
secs_no_data,delay,0.1,9,0.0,0.0,0.0,,,,1.0,,,retraso
secs_no_data,delay,0.25,9,0.0,0.0,0.0,,,,1.0,,,retraso
secs_no_data,disconnect,0.5,9,0.0,2.5,2.5,24.57303370786518,1.8962943200356945e-05,0.00390625,0.01171875,0.9618783041422524,1.0,desconexión
secs_no_data,disconnect,1.0,9,0.0,3.0,3.0,24.57303370786518,1.8962943200356945e-05,0.00390625,0.01171875,0.9618783041422524,1.0,desconexión
secs_no_data,disconnect,3.0,9,0.0,13.0,13.0,24.57303370786518,1.8962943200356945e-05,0.00390625,0.01171875,0.9618783041422524,1.0,desconexión
valid_rate,loss,0.01,9,1.0,1.0,0.0,,,,1.0,,,pérdida de muestras
valid_rate,loss,0.05,9,1.0,1.0,0.0,,,,1.0,,,pérdida de muestras
valid_rate,loss,0.1,9,1.0,1.0,0.0,,,,1.0,,,pérdida de muestras
valid_rate,jitter,0.01,9,1.0,1.0,0.0,,,,1.0,,,jitter
valid_rate,jitter,0.05,9,1.0,1.0,0.0,,,,1.0,,,jitter
valid_rate,jitter,0.1,9,1.0,1.0,0.0,,,,1.0,,,jitter
valid_rate,delay,0.05,9,1.0,1.0,0.0,,,,1.0,,,retraso
valid_rate,delay,0.1,9,1.0,1.0,0.0,,,,1.0,,,retraso
valid_rate,delay,0.25,9,1.0,1.0,0.0,,,,1.0,,,retraso
valid_rate,disconnect,0.5,9,1.0,1.0,0.0,11.999999999999956,0.007383160505359921,,1.0,,,desconexión
valid_rate,disconnect,1.0,9,1.0,1.0,0.0,11.999999999999956,0.007383160505359921,,1.0,,,desconexión
valid_rate,disconnect,3.0,9,1.0,1.0,0.0,11.999999999999956,0.007383160505359921,0.125,0.375,0.5113735147841821,-1.0,desconexión
